ClienteID,RazaoSocial,NomeFantasia,CNPJ_Ficticio,TipoCliente,Segmento,Cidade,UF,Regiao,DataCadastro,VendedorID,FilialID,PorteCliente,PotencialMensalEstimado,LimiteCredito,PrazoPagamentoPadrao,StatusCliente
1,Empresa Automotiva 0001 Ltda,Auto Negócios 0001,99000000000001,Oficina Mecânica,Oficina e serviços,Ribeirão Preto,SP,Nordeste Paulista,2021-06-09,10,2,Micro,3500.0000,7093.8100,30,Ativo
2,Empresa Automotiva 0002 Ltda,Auto Negócios 0002,99000000000002,Revendedor,Oficina e serviços,Campinas,SP,Metropolitana de Campinas,2021-12-04,2,1,Micro,11972.5100,12140.8900,30,Ativo
3,Empresa Automotiva 0003 Ltda,Auto Negócios 0003,99000000000003,Oficina Mecânica,Oficina e serviços,Sorocaba,SP,Sudoeste Paulista,2024-06-08,15,3,Micro,10083.6800,15807.4700,21,Inativo
4,Empresa Automotiva 0004 Ltda,Auto Negócios 0004,99000000000004,Centro Automotivo,Revenda,Campinas,SP,Metropolitana de Campinas,2024-05-09,1,1,Pequeno,30372.5200,25868.6800,28,Ativo
5,Empresa Automotiva 0005 Ltda,Auto Negócios 0005,99000000000005,Centro Automotivo,Frota e corporativo,Ribeirão Preto,SP,Nordeste Paulista,2021-08-31,9,2,Pequeno,17110.0800,22157.8900,21,Ativo
6,Empresa Automotiva 0006 Ltda,Auto Negócios 0006,99000000000006,Frotista,Revenda,Campinas,SP,Metropolitana de Campinas,2022-09-01,4,1,Pequeno,32844.4900,50169.7000,30,Ativo
7,Empresa Automotiva 0007 Ltda,Auto Negócios 0007,99000000000007,Frotista,Oficina e serviços,Campinas,SP,Metropolitana de Campinas,2024-06-21,2,1,Pequeno,19758.1800,21436.9400,30,Ativo
8,Empresa Automotiva 0008 Ltda,Auto Negócios 0008,99000000000008,Autoelétrica,Oficina e serviços,Ribeirão Preto,SP,Nordeste Paulista,2021-04-17,7,2,Pequeno,31205.6200,30233.4300,21,Ativo
9,Empresa Automotiva 0009 Ltda,Auto Negócios 0009,99000000000009,Centro Automotivo,Oficina e serviços,Campinas,SP,Metropolitana de Campinas,2025-01-16,5,1,Médio,56173.3700,80314.1600,0,Ativo
10,Empresa Automotiva 0010 Ltda,Auto Negócios 0010,99000000000010,Centro Automotivo,Revenda,São José do Rio Preto,SP,Noroeste Paulista,2023-11-23,19,4,Micro,5868.6400,6933.7400,0,Ativo
11,Empresa Automotiva 0011 Ltda,Auto Negócios 0011,99000000000011,Autoelétrica,Revenda,Campinas,SP,Metropolitana de Campinas,2021-09-21,3,1,Pequeno,14571.8100,13667.2400,30,Ativo
12,Empresa Automotiva 0012 Ltda,Auto Negócios 0012,99000000000012,Frotista,Revenda,Ribeirão Preto,SP,Nordeste Paulista,2021-06-14,8,2,Micro,4683.2700,9992.8000,30,Ativo
13,Empresa Automotiva 0013 Ltda,Auto Negócios 0013,99000000000013,Autopeças,Oficina e serviços,São José do Rio Preto,SP,Noroeste Paulista,2021-04-05,16,4,Pequeno,18246.2100,40138.3200,14,Ativo
14,Empresa Automotiva 0014 Ltda,Auto Negócios 0014,99000000000014,Centro Automotivo,Frota e corporativo,São José do Rio Preto,SP,Noroeste Paulista,2024-03-14,19,4,Micro,3500.0000,6418.8800,14,Ativo
15,Empresa Automotiva 0015 Ltda,Auto Negócios 0015,99000000000015,Varejo,Oficina e serviços,Ribeirão Preto,SP,Nordeste Paulista,2025-09-05,8,2,Micro,11568.3500,11060.4900,28,Ativo
16,Empresa Automotiva 0016 Ltda,Auto Negócios 0016,99000000000016,Autopeças,Revenda,São José do Rio Preto,SP,Noroeste Paulista,2022-09-22,16,4,Micro,3500.0000,6682.3600,30,Ativo
17,Empresa Automotiva 0017 Ltda,Auto Negócios 0017,99000000000017,Frotista,Frota e corporativo,Campinas,SP,Metropolitana de Campinas,2025-05-13,3,1,Médio,36289.5600,48517.6100,28,Ativo
18,Empresa Automotiva 0018 Ltda,Auto Negócios 0018,99000000000018,Revendedor,Oficina e serviços,Campinas,SP,Metropolitana de Campinas,2024-11-21,3,1,Pequeno,15184.7500,29713.0400,45,Ativo
19,Empresa Automotiva 0019 Ltda,Auto Negócios 0019,99000000000019,Autoelétrica,Revenda,Campinas,SP,Metropolitana de Campinas,2021-09-19,3,1,Micro,8558.7800,15326.3900,14,Ativo
20,Empresa Automotiva 0020 Ltda,Auto Negócios 0020,99000000000020,Frotista,Revenda,Campinas,SP,Metropolitana de Campinas,2024-05-26,5,1,Micro,3500.0000,3098.3300,0,Ativo
21,Empresa Automotiva 0021 Ltda,Auto Negócios 0021,99000000000021,Autopeças,Oficina e serviços,Ribeirão Preto,SP,Nordeste Paulista,2022-10-20,9,2,Micro,11540.9000,15220.6500,30,Ativo
22,Empresa Automotiva 0022 Ltda,Auto Negócios 0022,99000000000022,Revendedor,Oficina e serviços,Ribeirão Preto,SP,Nordeste Paulista,2025-07-07,9,2,Pequeno,17583.6700,34533.2000,45,Ativo
23,Empresa Automotiva 0023 Ltda,Auto Negócios 0023,99000000000023,Frotista,Oficina e serviços,São José do Rio Preto,SP,Noroeste Paulista,2023-12-22,20,4,Médio,40793.8700,33865.5500,28,Ativo
24,Empresa Automotiva 0024 Ltda,Auto Negócios 0024,99000000000024,Frotista,Oficina e serviços,Campinas,SP,Metropolitana de Campinas,2023-11-09,1,1,Micro,9050.2300,9935.8400,30,Ativo
25,Empresa Automotiva 0025 Ltda,Auto Negócios 0025,99000000000025,Autoelétrica,Revenda,Campinas,SP,Metropolitana de Campinas,2021-05-17,5,1,Pequeno,17575.0400,16048.3600,30,Ativo
26,Empresa Automotiva 0026 Ltda,Auto Negócios 0026,99000000000026,Varejo,Oficina e serviços,Ribeirão Preto,SP,Nordeste Paulista,2023-11-23,8,2,Pequeno,29994.5400,36832.0700,21,Ativo
27,Empresa Automotiva 0027 Ltda,Auto Negócios 0027,99000000000027,Varejo,Revenda,Campinas,SP,Metropolitana de Campinas,2023-04-28,1,1,Pequeno,27308.7700,47398.6000,45,Ativo
28,Empresa Automotiva 0028 Ltda,Auto Negócios 0028,99000000000028,Centro Automotivo,Oficina e serviços,Campinas,SP,Metropolitana de Campinas,2021-10-12,4,1,Médio,44244.7300,36070.5500,45,Ativo
29,Empresa Automotiva 0029 Ltda,Auto Negócios 0029,99000000000029,Autopeças,Frota e corporativo,Ribeirão Preto,SP,Nordeste Paulista,2023-06-03,9,2,Pequeno,26561.6200,34111.5800,45,Ativo
30,Empresa Automotiva 0030 Ltda,Auto Negócios 0030,99000000000030,Frotista,Oficina e serviços,Sorocaba,SP,Sudoeste Paulista,2024-08-06,13,3,Pequeno,32535.3800,69614.0800,28,Inativo
31,Empresa Automotiva 0031 Ltda,Auto Negócios 0031,99000000000031,Centro Automotivo,Revenda,Sorocaba,SP,Sudoeste Paulista,2023-10-09,11,3,Micro,5910.4500,8469.4100,21,Ativo
32,Empresa Automotiva 0032 Ltda,Auto Negócios 0032,99000000000032,Frotista,Oficina e serviços,Sorocaba,SP,Sudoeste Paulista,2025-02-16,15,3,Micro,4224.8700,6289.2900,0,Ativo
33,Empresa Automotiva 0033 Ltda,Auto Negócios 0033,99000000000033,Centro Automotivo,Oficina e serviços,São José do Rio Preto,SP,Noroeste Paulista,2021-04-08,18,4,Pequeno,14760.0700,26332.7800,45,Ativo
34,Empresa Automotiva 0034 Ltda,Auto Negócios 0034,99000000000034,Centro Automotivo,Oficina e serviços,Ribeirão Preto,SP,Nordeste Paulista,2021-05-14,6,2,Pequeno,16571.5100,28670.6300,45,Ativo
35,Empresa Automotiva 0035 Ltda,Auto Negócios 0035,99000000000035,Oficina Mecânica,Revenda,Ribeirão Preto,SP,Nordeste Paulista,2021-01-07,8,2,Micro,7158.0200,12989.7000,30,Ativo
36,Empresa Automotiva 0036 Ltda,Auto Negócios 0036,99000000000036,Autopeças,Revenda,São José do Rio Preto,SP,Noroeste Paulista,2025-09-21,20,4,Médio,50436.1600,44363.4400,30,Ativo
37,Empresa Automotiva 0037 Ltda,Auto Negócios 0037,99000000000037,Varejo,Oficina e serviços,Ribeirão Preto,SP,Nordeste Paulista,2023-04-11,8,2,Médio,45900.1800,79709.6800,45,Ativo
38,Empresa Automotiva 0038 Ltda,Auto Negócios 0038,99000000000038,Revendedor,Revenda,Campinas,SP,Metropolitana de Campinas,2022-04-17,1,1,Pequeno,22451.8000,47745.3200,21,Ativo
39,Empresa Automotiva 0039 Ltda,Auto Negócios 0039,99000000000039,Autopeças,Revenda,Sorocaba,SP,Sudoeste Paulista,2022-02-24,14,3,Pequeno,15932.1500,17196.8500,45,Ativo
40,Empresa Automotiva 0040 Ltda,Auto Negócios 0040,99000000000040,Oficina Mecânica,Oficina e serviços,Campinas,SP,Metropolitana de Campinas,2023-08-24,3,1,Micro,5404.0600,8233.3100,30,Ativo
41,Empresa Automotiva 0041 Ltda,Auto Negócios 0041,99000000000041,Oficina Mecânica,Frota e corporativo,Campinas,SP,Metropolitana de Campinas,2022-11-27,2,1,Pequeno,14355.3200,28821.4500,30,Ativo
42,Empresa Automotiva 0042 Ltda,Auto Negócios 0042,99000000000042,Varejo,Oficina e serviços,Campinas,SP,Metropolitana de Campinas,2021-06-26,4,1,Pequeno,12739.8600,18346.2000,45,Ativo
43,Empresa Automotiva 0043 Ltda,Auto Negócios 0043,99000000000043,Oficina Mecânica,Revenda,Campinas,SP,Metropolitana de Campinas,2021-11-29,4,1,Micro,7416.5800,8102.1200,28,Ativo
44,Empresa Automotiva 0044 Ltda,Auto Negócios 0044,99000000000044,Autopeças,Revenda,Sorocaba,SP,Sudoeste Paulista,2023-08-15,13,3,Micro,9635.5200,17802.6400,30,Ativo
45,Empresa Automotiva 0045 Ltda,Auto Negócios 0045,99000000000045,Varejo,Revenda,Sorocaba,SP,Sudoeste Paulista,2023-06-08,14,3,Pequeno,27976.8100,35543.7200,14,Ativo
46,Empresa Automotiva 0046 Ltda,Auto Negócios 0046,99000000000046,Frotista,Revenda,Campinas,SP,Metropolitana de Campinas,2021-09-21,4,1,Pequeno,31207.1600,27702.1200,0,Ativo
47,Empresa Automotiva 0047 Ltda,Auto Negócios 0047,99000000000047,Oficina Mecânica,Revenda,São José do Rio Preto,SP,Noroeste Paulista,2025-09-25,18,4,Médio,36549.7400,55097.8200,21,Inativo
48,Empresa Automotiva 0048 Ltda,Auto Negócios 0048,99000000000048,Autopeças,Frota e corporativo,São José do Rio Preto,SP,Noroeste Paulista,2025-06-13,20,4,Pequeno,21869.9700,19817.0800,30,Ativo
49,Empresa Automotiva 0049 Ltda,Auto Negócios 0049,99000000000049,Oficina Mecânica,Oficina e serviços,Ribeirão Preto,SP,Nordeste Paulista,2023-07-27,7,2,Micro,7780.9300,13527.7500,60,Inativo
50,Empresa Automotiva 0050 Ltda,Auto Negócios 0050,99000000000050,Frotista,Frota e corporativo,Ribeirão Preto,SP,Nordeste Paulista,2024-11-20,10,2,Pequeno,14804.7400,21980.4900,30,Ativo
51,Empresa Automotiva 0051 Ltda,Auto Negócios 0051,99000000000051,Varejo,Frota e corporativo,Campinas,SP,Metropolitana de Campinas,2025-03-21,2,1,Micro,10848.4000,21739.6300,30,Ativo
52,Empresa Automotiva 0052 Ltda,Auto Negócios 0052,99000000000052,Autopeças,Oficina e serviços,São José do Rio Preto,SP,Noroeste Paulista,2023-05-08,17,4,Micro,10479.6800,21897.9000,30,Ativo
53,Empresa Automotiva 0053 Ltda,Auto Negócios 0053,99000000000053,Centro Automotivo,Oficina e serviços,São José do Rio Preto,SP,Noroeste Paulista,2024-01-16,16,4,Pequeno,18624.4900,34103.7100,28,Ativo
54,Empresa Automotiva 0054 Ltda,Auto Negócios 0054,99000000000054,Autoelétrica,Oficina e serviços,São José do Rio Preto,SP,Noroeste Paulista,2025-02-21,18,4,Médio,59918.3800,131610.6600,30,Ativo
55,Empresa Automotiva 0055 Ltda,Auto Negócios 0055,99000000000055,Centro Automotivo,Oficina e serviços,Campinas,SP,Metropolitana de Campinas,2021-05-24,5,1,Micro,10246.2400,21031.5900,30,Ativo
56,Empresa Automotiva 0056 Ltda,Auto Negócios 0056,99000000000056,Autoelétrica,Revenda,Ribeirão Preto,SP,Nordeste Paulista,2024-05-21,9,2,Pequeno,21961.9200,38146.5800,45,Ativo
57,Empresa Automotiva 0057 Ltda,Auto Negócios 0057,99000000000057,Varejo,Oficina e serviços,Ribeirão Preto,SP,Nordeste Paulista,2023-04-16,6,2,Micro,8449.2700,9925.6000,30,Ativo
58,Empresa Automotiva 0058 Ltda,Auto Negócios 0058,99000000000058,Frotista,Revenda,Sorocaba,SP,Sudoeste Paulista,2023-05-02,15,3,Médio,80320.8200,108898.5500,30,Ativo
59,Empresa Automotiva 0059 Ltda,Auto Negócios 0059,99000000000059,Autoelétrica,Oficina e serviços,Ribeirão Preto,SP,Nordeste Paulista,2021-08-21,8,2,Pequeno,31052.0600,48603.7500,30,Ativo
60,Empresa Automotiva 0060 Ltda,Auto Negócios 0060,99000000000060,Autopeças,Frota e corporativo,Ribeirão Preto,SP,Nordeste Paulista,2023-08-06,7,2,Pequeno,14278.8100,26899.8400,0,Ativo
61,Empresa Automotiva 0061 Ltda,Auto Negócios 0061,99000000000061,Frotista,Revenda,Campinas,SP,Metropolitana de Campinas,2022-12-15,3,1,Médio,72692.7700,80990.0900,28,Ativo
62,Empresa Automotiva 0062 Ltda,Auto Negócios 0062,99000000000062,Autopeças,Oficina e serviços,Campinas,SP,Metropolitana de Campinas,2021-10-16,1,1,Pequeno,18364.7100,32533.4700,21,Ativo
63,Empresa Automotiva 0063 Ltda,Auto Negócios 0063,99000000000063,Oficina Mecânica,Oficina e serviços,São José do Rio Preto,SP,Noroeste Paulista,2021-06-25,17,4,Micro,9110.7100,14148.2900,28,Ativo
64,Empresa Automotiva 0064 Ltda,Auto Negócios 0064,99000000000064,Varejo,Oficina e serviços,Ribeirão Preto,SP,Nordeste Paulista,2023-11-02,7,2,Pequeno,23440.6500,35449.8400,45,Ativo
65,Empresa Automotiva 0065 Ltda,Auto Negócios 0065,99000000000065,Autoelétrica,Oficina e serviços,Ribeirão Preto,SP,Nordeste Paulista,2024-03-19,7,2,Micro,6950.8500,9871.0200,0,Ativo
66,Empresa Automotiva 0066 Ltda,Auto Negócios 0066,99000000000066,Revendedor,Oficina e serviços,Campinas,SP,Metropolitana de Campinas,2023-12-29,1,1,Pequeno,23157.5200,46650.2600,45,Ativo
67,Empresa Automotiva 0067 Ltda,Auto Negócios 0067,99000000000067,Revendedor,Oficina e serviços,Ribeirão Preto,SP,Nordeste Paulista,2023-07-15,9,2,Micro,5445.5000,11479.6100,60,Ativo
68,Empresa Automotiva 0068 Ltda,Auto Negócios 0068,99000000000068,Autoelétrica,Oficina e serviços,Ribeirão Preto,SP,Nordeste Paulista,2024-05-03,10,2,Micro,10427.9100,18182.5600,21,Ativo
69,Empresa Automotiva 0069 Ltda,Auto Negócios 0069,99000000000069,Frotista,Revenda,São José do Rio Preto,SP,Noroeste Paulista,2021-12-12,18,4,Pequeno,17281.8000,26283.0000,30,Ativo
70,Empresa Automotiva 0070 Ltda,Auto Negócios 0070,99000000000070,Frotista,Oficina e serviços,Campinas,SP,Metropolitana de Campinas,2024-10-06,5,1,Pequeno,22458.1500,46965.8800,14,Ativo
71,Empresa Automotiva 0071 Ltda,Auto Negócios 0071,99000000000071,Centro Automotivo,Oficina e serviços,Campinas,SP,Metropolitana de Campinas,2021-09-06,3,1,Médio,51259.1100,63046.5300,21,Ativo
72,Empresa Automotiva 0072 Ltda,Auto Negócios 0072,99000000000072,Varejo,Revenda,Campinas,SP,Metropolitana de Campinas,2021-05-21,5,1,Pequeno,27450.8700,46416.0800,21,Ativo
73,Empresa Automotiva 0073 Ltda,Auto Negócios 0073,99000000000073,Frotista,Revenda,Ribeirão Preto,SP,Nordeste Paulista,2023-07-10,6,2,Pequeno,18860.6300,27524.5700,28,Ativo
74,Empresa Automotiva 0074 Ltda,Auto Negócios 0074,99000000000074,Autoelétrica,Oficina e serviços,Sorocaba,SP,Sudoeste Paulista,2025-01-20,14,3,Micro,8985.6100,12508.4600,21,Ativo
75,Empresa Automotiva 0075 Ltda,Auto Negócios 0075,99000000000075,Oficina Mecânica,Revenda,Campinas,SP,Metropolitana de Campinas,2025-06-03,1,1,Pequeno,15147.2600,20339.9600,21,Ativo
76,Empresa Automotiva 0076 Ltda,Auto Negócios 0076,99000000000076,Centro Automotivo,Oficina e serviços,São José do Rio Preto,SP,Noroeste Paulista,2025-03-19,16,4,Pequeno,23391.2500,51376.4900,30,Ativo
77,Empresa Automotiva 0077 Ltda,Auto Negócios 0077,99000000000077,Varejo,Revenda,Ribeirão Preto,SP,Nordeste Paulista,2022-11-06,6,2,Micro,4719.8300,4139.3300,30,Ativo
78,Empresa Automotiva 0078 Ltda,Auto Negócios 0078,99000000000078,Autoelétrica,Oficina e serviços,Ribeirão Preto,SP,Nordeste Paulista,2023-07-02,9,2,Micro,11998.6200,20067.9200,30,Ativo
79,Empresa Automotiva 0079 Ltda,Auto Negócios 0079,99000000000079,Centro Automotivo,Revenda,Sorocaba,SP,Sudoeste Paulista,2024-11-12,13,3,Pequeno,26738.4700,38890.6100,21,Ativo
80,Empresa Automotiva 0080 Ltda,Auto Negócios 0080,99000000000080,Autopeças,Oficina e serviços,Sorocaba,SP,Sudoeste Paulista,2022-10-20,12,3,Pequeno,17550.6400,24708.7400,0,Inativo
81,Empresa Automotiva 0081 Ltda,Auto Negócios 0081,99000000000081,Autoelétrica,Oficina e serviços,São José do Rio Preto,SP,Noroeste Paulista,2024-11-08,19,4,Pequeno,28873.5500,34033.4700,14,Ativo
82,Empresa Automotiva 0082 Ltda,Auto Negócios 0082,99000000000082,Varejo,Revenda,Ribeirão Preto,SP,Nordeste Paulista,2021-05-06,10,2,Micro,10378.5600,8308.5300,30,Ativo
83,Empresa Automotiva 0083 Ltda,Auto Negócios 0083,99000000000083,Varejo,Revenda,Sorocaba,SP,Sudoeste Paulista,2022-10-11,15,3,Pequeno,13230.8900,21173.2200,30,Ativo
84,Empresa Automotiva 0084 Ltda,Auto Negócios 0084,99000000000084,Varejo,Revenda,Ribeirão Preto,SP,Nordeste Paulista,2023-01-23,10,2,Pequeno,16270.4000,26106.4400,30,Ativo
85,Empresa Automotiva 0085 Ltda,Auto Negócios 0085,99000000000085,Autoelétrica,Oficina e serviços,Campinas,SP,Metropolitana de Campinas,2021-11-27,3,1,Micro,11001.7300,12791.8500,28,Inativo
86,Empresa Automotiva 0086 Ltda,Auto Negócios 0086,99000000000086,Revendedor,Revenda,São José do Rio Preto,SP,Noroeste Paulista,2024-03-05,16,4,Pequeno,34094.9000,49349.3100,30,Ativo
87,Empresa Automotiva 0087 Ltda,Auto Negócios 0087,99000000000087,Revendedor,Revenda,Campinas,SP,Metropolitana de Campinas,2025-07-06,2,1,Micro,6082.8900,12196.0800,0,Ativo
88,Empresa Automotiva 0088 Ltda,Auto Negócios 0088,99000000000088,Frotista,Revenda,Campinas,SP,Metropolitana de Campinas,2024-11-11,5,1,Pequeno,18621.1800,28625.3600,28,Ativo
89,Empresa Automotiva 0089 Ltda,Auto Negócios 0089,99000000000089,Revendedor,Revenda,Ribeirão Preto,SP,Nordeste Paulista,2025-08-01,8,2,Pequeno,18786.7200,15884.3300,45,Ativo
90,Empresa Automotiva 0090 Ltda,Auto Negócios 0090,99000000000090,Centro Automotivo,Oficina e serviços,São José do Rio Preto,SP,Noroeste Paulista,2023-06-04,18,4,Pequeno,32065.4900,45836.9300,0,Ativo
91,Empresa Automotiva 0091 Ltda,Auto Negócios 0091,99000000000091,Autopeças,Oficina e serviços,Campinas,SP,Metropolitana de Campinas,2024-05-26,1,1,Micro,4899.4600,8319.2000,30,Ativo
92,Empresa Automotiva 0092 Ltda,Auto Negócios 0092,99000000000092,Autoelétrica,Oficina e serviços,Ribeirão Preto,SP,Nordeste Paulista,2023-01-11,10,2,Micro,5760.1700,12335.4000,30,Ativo
93,Empresa Automotiva 0093 Ltda,Auto Negócios 0093,99000000000093,Revendedor,Oficina e serviços,Sorocaba,SP,Sudoeste Paulista,2024-01-25,12,3,Micro,11583.1400,22723.5100,21,Inativo
94,Empresa Automotiva 0094 Ltda,Auto Negócios 0094,99000000000094,Frotista,Oficina e serviços,Sorocaba,SP,Sudoeste Paulista,2023-07-09,14,3,Pequeno,15675.2000,13667.2900,30,Inativo
95,Empresa Automotiva 0095 Ltda,Auto Negócios 0095,99000000000095,Centro Automotivo,Frota e corporativo,São José do Rio Preto,SP,Noroeste Paulista,2023-11-06,18,4,Médio,63227.5700,86481.5200,28,Ativo
96,Empresa Automotiva 0096 Ltda,Auto Negócios 0096,99000000000096,Revendedor,Frota e corporativo,Campinas,SP,Metropolitana de Campinas,2024-06-01,2,1,Médio,42552.2700,73756.5300,30,Ativo
97,Empresa Automotiva 0097 Ltda,Auto Negócios 0097,99000000000097,Autopeças,Oficina e serviços,São José do Rio Preto,SP,Noroeste Paulista,2025-03-06,19,4,Pequeno,26954.7000,37809.1300,28,Ativo
98,Empresa Automotiva 0098 Ltda,Auto Negócios 0098,99000000000098,Revendedor,Oficina e serviços,Sorocaba,SP,Sudoeste Paulista,2025-11-19,14,3,Micro,4582.6000,5861.4700,21,Inativo
99,Empresa Automotiva 0099 Ltda,Auto Negócios 0099,99000000000099,Autopeças,Oficina e serviços,Campinas,SP,Metropolitana de Campinas,2021-11-21,3,1,Pequeno,19819.4800,36048.0500,30,Ativo
100,Empresa Automotiva 0100 Ltda,Auto Negócios 0100,99000000000100,Centro Automotivo,Oficina e serviços,Ribeirão Preto,SP,Nordeste Paulista,2023-10-06,6,2,Micro,6057.2500,10751.7300,30,Ativo
101,Empresa Automotiva 0101 Ltda,Auto Negócios 0101,99000000000101,Oficina Mecânica,Revenda,Sorocaba,SP,Sudoeste Paulista,2023-12-26,13,3,Pequeno,20150.1300,18326.1800,60,Ativo
102,Empresa Automotiva 0102 Ltda,Auto Negócios 0102,99000000000102,Autopeças,Oficina e serviços,Sorocaba,SP,Sudoeste Paulista,2024-07-02,12,3,Micro,9660.8300,11746.6200,45,Ativo
103,Empresa Automotiva 0103 Ltda,Auto Negócios 0103,99000000000103,Oficina Mecânica,Oficina e serviços,Campinas,SP,Metropolitana de Campinas,2024-02-05,4,1,Pequeno,21094.2300,35784.4300,60,Inativo
104,Empresa Automotiva 0104 Ltda,Auto Negócios 0104,99000000000104,Oficina Mecânica,Frota e corporativo,São José do Rio Preto,SP,Noroeste Paulista,2023-12-15,16,4,Micro,4189.1400,9019.4600,30,Ativo
105,Empresa Automotiva 0105 Ltda,Auto Negócios 0105,99000000000105,Revendedor,Oficina e serviços,Ribeirão Preto,SP,Nordeste Paulista,2021-11-02,6,2,Micro,10188.5400,15438.7800,30,Inativo
106,Empresa Automotiva 0106 Ltda,Auto Negócios 0106,99000000000106,Autopeças,Frota e corporativo,Ribeirão Preto,SP,Nordeste Paulista,2021-08-09,10,2,Micro,4930.7900,8283.2400,21,Ativo
107,Empresa Automotiva 0107 Ltda,Auto Negócios 0107,99000000000107,Frotista,Oficina e serviços,Campinas,SP,Metropolitana de Campinas,2021-02-17,5,1,Médio,47431.9200,52996.3100,60,Ativo
108,Empresa Automotiva 0108 Ltda,Auto Negócios 0108,99000000000108,Oficina Mecânica,Oficina e serviços,Sorocaba,SP,Sudoeste Paulista,2025-04-12,14,3,Micro,6542.1100,11325.3200,21,Ativo
109,Empresa Automotiva 0109 Ltda,Auto Negócios 0109,99000000000109,Autoelétrica,Frota e corporativo,Ribeirão Preto,SP,Nordeste Paulista,2025-06-06,8,2,Pequeno,21243.0700,28626.1600,30,Ativo
110,Empresa Automotiva 0110 Ltda,Auto Negócios 0110,99000000000110,Oficina Mecânica,Oficina e serviços,Campinas,SP,Metropolitana de Campinas,2023-11-08,3,1,Pequeno,13916.4200,28636.1000,21,Inativo
111,Empresa Automotiva 0111 Ltda,Auto Negócios 0111,99000000000111,Revendedor,Oficina e serviços,Ribeirão Preto,SP,Nordeste Paulista,2022-01-06,8,2,Micro,8450.1400,15706.5000,21,Ativo
112,Empresa Automotiva 0112 Ltda,Auto Negócios 0112,99000000000112,Frotista,Oficina e serviços,Sorocaba,SP,Sudoeste Paulista,2024-09-30,14,3,Micro,3500.0000,6102.5600,30,Ativo
113,Empresa Automotiva 0113 Ltda,Auto Negócios 0113,99000000000113,Oficina Mecânica,Oficina e serviços,Campinas,SP,Metropolitana de Campinas,2021-10-13,3,1,Micro,6093.2900,11858.2400,30,Inativo
114,Empresa Automotiva 0114 Ltda,Auto Negócios 0114,99000000000114,Autoelétrica,Oficina e serviços,Campinas,SP,Metropolitana de Campinas,2024-11-16,2,1,Micro,10155.4800,21292.0700,30,Ativo
115,Empresa Automotiva 0115 Ltda,Auto Negócios 0115,99000000000115,Varejo,Frota e corporativo,Campinas,SP,Metropolitana de Campinas,2023-08-08,5,1,Grande,159895.0800,147085.1800,30,Ativo
116,Empresa Automotiva 0116 Ltda,Auto Negócios 0116,99000000000116,Autoelétrica,Revenda,Campinas,SP,Metropolitana de Campinas,2024-09-11,3,1,Micro,11981.2600,19693.3300,30,Ativo
117,Empresa Automotiva 0117 Ltda,Auto Negócios 0117,99000000000117,Varejo,Revenda,Campinas,SP,Metropolitana de Campinas,2021-04-25,1,1,Micro,5327.5900,8908.9000,28,Ativo
118,Empresa Automotiva 0118 Ltda,Auto Negócios 0118,99000000000118,Centro Automotivo,Oficina e serviços,São José do Rio Preto,SP,Noroeste Paulista,2024-07-08,16,4,Pequeno,23277.2500,36357.3100,14,Inativo
119,Empresa Automotiva 0119 Ltda,Auto Negócios 0119,99000000000119,Autopeças,Frota e corporativo,São José do Rio Preto,SP,Noroeste Paulista,2022-03-08,18,4,Micro,7060.9200,9457.5400,21,Ativo
120,Empresa Automotiva 0120 Ltda,Auto Negócios 0120,99000000000120,Oficina Mecânica,Oficina e serviços,Sorocaba,SP,Sudoeste Paulista,2024-08-30,11,3,Micro,5591.2000,9403.4000,30,Ativo
121,Empresa Automotiva 0121 Ltda,Auto Negócios 0121,99000000000121,Autoelétrica,Oficina e serviços,Campinas,SP,Metropolitana de Campinas,2022-07-24,5,1,Pequeno,15126.0300,20695.9600,28,Ativo
122,Empresa Automotiva 0122 Ltda,Auto Negócios 0122,99000000000122,Revendedor,Oficina e serviços,Ribeirão Preto,SP,Nordeste Paulista,2021-10-13,10,2,Micro,3500.0000,5114.0100,21,Ativo
123,Empresa Automotiva 0123 Ltda,Auto Negócios 0123,99000000000123,Frotista,Revenda,Sorocaba,SP,Sudoeste Paulista,2024-02-21,13,3,Micro,11388.0200,24765.0300,30,Ativo
124,Empresa Automotiva 0124 Ltda,Auto Negócios 0124,99000000000124,Autopeças,Oficina e serviços,Campinas,SP,Metropolitana de Campinas,2021-05-19,4,1,Micro,9769.5000,10092.7300,21,Ativo
125,Empresa Automotiva 0125 Ltda,Auto Negócios 0125,99000000000125,Autoelétrica,Revenda,Campinas,SP,Metropolitana de Campinas,2022-11-24,3,1,Pequeno,19445.7000,42075.4000,21,Ativo
126,Empresa Automotiva 0126 Ltda,Auto Negócios 0126,99000000000126,Autoelétrica,Oficina e serviços,Ribeirão Preto,SP,Nordeste Paulista,2025-08-13,10,2,Pequeno,17910.3600,15911.4700,30,Ativo
127,Empresa Automotiva 0127 Ltda,Auto Negócios 0127,99000000000127,Oficina Mecânica,Oficina e serviços,Ribeirão Preto,SP,Nordeste Paulista,2023-10-06,8,2,Grande,190000.0000,260805.8700,21,Ativo
128,Empresa Automotiva 0128 Ltda,Auto Negócios 0128,99000000000128,Autoelétrica,Oficina e serviços,Campinas,SP,Metropolitana de Campinas,2024-09-18,3,1,Micro,8859.8400,18957.9400,30,Ativo
129,Empresa Automotiva 0129 Ltda,Auto Negócios 0129,99000000000129,Frotista,Revenda,São José do Rio Preto,SP,Noroeste Paulista,2025-06-01,20,4,Micro,9377.9600,10550.3100,30,Ativo
130,Empresa Automotiva 0130 Ltda,Auto Negócios 0130,99000000000130,Revendedor,Oficina e serviços,Ribeirão Preto,SP,Nordeste Paulista,2024-10-30,8,2,Pequeno,13424.3500,28566.1100,14,Ativo
131,Empresa Automotiva 0131 Ltda,Auto Negócios 0131,99000000000131,Frotista,Oficina e serviços,São José do Rio Preto,SP,Noroeste Paulista,2021-02-15,17,4,Micro,10753.9500,18516.7000,0,Ativo
132,Empresa Automotiva 0132 Ltda,Auto Negócios 0132,99000000000132,Varejo,Revenda,São José do Rio Preto,SP,Noroeste Paulista,2022-02-26,18,4,Médio,39658.6400,62586.4400,0,Ativo
133,Empresa Automotiva 0133 Ltda,Auto Negócios 0133,99000000000133,Autopeças,Oficina e serviços,São José do Rio Preto,SP,Noroeste Paulista,2021-02-03,16,4,Micro,8564.0500,14056.3600,45,Ativo
134,Empresa Automotiva 0134 Ltda,Auto Negócios 0134,99000000000134,Oficina Mecânica,Frota e corporativo,São José do Rio Preto,SP,Noroeste Paulista,2021-02-02,20,4,Micro,3500.0000,3122.5900,45,Ativo
135,Empresa Automotiva 0135 Ltda,Auto Negócios 0135,99000000000135,Autoelétrica,Oficina e serviços,Campinas,SP,Metropolitana de Campinas,2025-01-21,5,1,Pequeno,25796.8700,21823.7200,28,Ativo
136,Empresa Automotiva 0136 Ltda,Auto Negócios 0136,99000000000136,Autoelétrica,Frota e corporativo,São José do Rio Preto,SP,Noroeste Paulista,2024-12-17,20,4,Pequeno,12931.4200,11162.5100,21,Ativo
137,Empresa Automotiva 0137 Ltda,Auto Negócios 0137,99000000000137,Revendedor,Revenda,São José do Rio Preto,SP,Noroeste Paulista,2021-07-28,16,4,Micro,3543.8300,3920.3800,28,Ativo
138,Empresa Automotiva 0138 Ltda,Auto Negócios 0138,99000000000138,Frotista,Oficina e serviços,Campinas,SP,Metropolitana de Campinas,2022-09-15,2,1,Micro,6707.0800,7230.6800,30,Ativo
139,Empresa Automotiva 0139 Ltda,Auto Negócios 0139,99000000000139,Varejo,Oficina e serviços,Ribeirão Preto,SP,Nordeste Paulista,2021-05-19,6,2,Pequeno,16791.1300,31447.5700,14,Ativo
140,Empresa Automotiva 0140 Ltda,Auto Negócios 0140,99000000000140,Frotista,Oficina e serviços,Sorocaba,SP,Sudoeste Paulista,2023-03-29,11,3,Pequeno,13505.9200,17465.9900,30,Ativo
141,Empresa Automotiva 0141 Ltda,Auto Negócios 0141,99000000000141,Autoelétrica,Revenda,Sorocaba,SP,Sudoeste Paulista,2023-05-05,15,3,Pequeno,12201.3200,23821.3400,14,Ativo
142,Empresa Automotiva 0142 Ltda,Auto Negócios 0142,99000000000142,Autoelétrica,Oficina e serviços,Ribeirão Preto,SP,Nordeste Paulista,2022-11-16,7,2,Pequeno,15603.5400,13667.1200,30,Ativo
143,Empresa Automotiva 0143 Ltda,Auto Negócios 0143,99000000000143,Revendedor,Frota e corporativo,Sorocaba,SP,Sudoeste Paulista,2022-03-17,12,3,Médio,38264.5500,63669.8600,30,Ativo
144,Empresa Automotiva 0144 Ltda,Auto Negócios 0144,99000000000144,Autoelétrica,Revenda,Campinas,SP,Metropolitana de Campinas,2023-10-08,5,1,Médio,77609.8200,115387.1800,21,Ativo
145,Empresa Automotiva 0145 Ltda,Auto Negócios 0145,99000000000145,Revendedor,Revenda,Campinas,SP,Metropolitana de Campinas,2023-11-14,5,1,Micro,9130.0400,10248.0500,30,Ativo
146,Empresa Automotiva 0146 Ltda,Auto Negócios 0146,99000000000146,Oficina Mecânica,Oficina e serviços,Campinas,SP,Metropolitana de Campinas,2024-11-11,4,1,Pequeno,24530.2200,51345.4900,45,Ativo
147,Empresa Automotiva 0147 Ltda,Auto Negócios 0147,99000000000147,Revendedor,Revenda,Campinas,SP,Metropolitana de Campinas,2022-03-03,5,1,Pequeno,12205.6500,19669.1000,30,Ativo
148,Empresa Automotiva 0148 Ltda,Auto Negócios 0148,99000000000148,Varejo,Revenda,Campinas,SP,Metropolitana de Campinas,2022-06-30,5,1,Pequeno,29747.7100,26715.6700,21,Ativo
149,Empresa Automotiva 0149 Ltda,Auto Negócios 0149,99000000000149,Revendedor,Revenda,Sorocaba,SP,Sudoeste Paulista,2021-03-25,13,3,Micro,11175.1400,10321.9000,0,Ativo
150,Empresa Automotiva 0150 Ltda,Auto Negócios 0150,99000000000150,Oficina Mecânica,Oficina e serviços,Sorocaba,SP,Sudoeste Paulista,2025-05-29,14,3,Pequeno,23426.4800,47736.4600,45,Ativo
151,Empresa Automotiva 0151 Ltda,Auto Negócios 0151,99000000000151,Autopeças,Oficina e serviços,São José do Rio Preto,SP,Noroeste Paulista,2023-03-31,16,4,Micro,7593.6900,6271.4900,21,Ativo
152,Empresa Automotiva 0152 Ltda,Auto Negócios 0152,99000000000152,Autoelétrica,Oficina e serviços,São José do Rio Preto,SP,Noroeste Paulista,2024-03-11,19,4,Pequeno,16291.5900,25980.1400,45,Inativo
153,Empresa Automotiva 0153 Ltda,Auto Negócios 0153,99000000000153,Centro Automotivo,Oficina e serviços,Ribeirão Preto,SP,Nordeste Paulista,2025-11-05,7,2,Micro,4303.6200,7947.9200,14,Ativo
154,Empresa Automotiva 0154 Ltda,Auto Negócios 0154,99000000000154,Frotista,Frota e corporativo,Sorocaba,SP,Sudoeste Paulista,2024-08-13,11,3,Pequeno,30313.9200,59273.9000,30,Ativo
155,Empresa Automotiva 0155 Ltda,Auto Negócios 0155,99000000000155,Revendedor,Oficina e serviços,Campinas,SP,Metropolitana de Campinas,2022-03-21,5,1,Micro,7423.9800,8013.0700,21,Ativo
156,Empresa Automotiva 0156 Ltda,Auto Negócios 0156,99000000000156,Frotista,Oficina e serviços,Ribeirão Preto,SP,Nordeste Paulista,2023-01-27,6,2,Médio,38476.0000,46126.9900,30,Ativo
157,Empresa Automotiva 0157 Ltda,Auto Negócios 0157,99000000000157,Oficina Mecânica,Oficina e serviços,Ribeirão Preto,SP,Nordeste Paulista,2022-10-13,10,2,Micro,4757.7400,6325.4900,14,Ativo
158,Empresa Automotiva 0158 Ltda,Auto Negócios 0158,99000000000158,Frotista,Revenda,Campinas,SP,Metropolitana de Campinas,2025-05-04,3,1,Micro,10254.6600,8685.9400,28,Ativo
159,Empresa Automotiva 0159 Ltda,Auto Negócios 0159,99000000000159,Centro Automotivo,Revenda,Ribeirão Preto,SP,Nordeste Paulista,2021-07-26,8,2,Pequeno,16536.0800,17072.9300,45,Ativo
160,Empresa Automotiva 0160 Ltda,Auto Negócios 0160,99000000000160,Autoelétrica,Oficina e serviços,Campinas,SP,Metropolitana de Campinas,2024-05-30,5,1,Micro,9017.2100,7805.1200,28,Ativo
161,Empresa Automotiva 0161 Ltda,Auto Negócios 0161,99000000000161,Varejo,Oficina e serviços,Sorocaba,SP,Sudoeste Paulista,2024-11-02,11,3,Pequeno,17196.0700,32921.0100,30,Ativo
162,Empresa Automotiva 0162 Ltda,Auto Negócios 0162,99000000000162,Varejo,Oficina e serviços,Campinas,SP,Metropolitana de Campinas,2025-03-19,4,1,Micro,3500.0000,5303.3000,45,Inativo
163,Empresa Automotiva 0163 Ltda,Auto Negócios 0163,99000000000163,Frotista,Oficina e serviços,Ribeirão Preto,SP,Nordeste Paulista,2022-11-20,6,2,Micro,3889.1400,7822.5300,14,Ativo
164,Empresa Automotiva 0164 Ltda,Auto Negócios 0164,99000000000164,Autoelétrica,Oficina e serviços,São José do Rio Preto,SP,Noroeste Paulista,2022-09-22,19,4,Pequeno,21551.2000,18030.8100,28,Ativo
165,Empresa Automotiva 0165 Ltda,Auto Negócios 0165,99000000000165,Centro Automotivo,Frota e corporativo,Ribeirão Preto,SP,Nordeste Paulista,2025-07-28,8,2,Micro,8550.9700,17314.2000,30,Ativo
166,Empresa Automotiva 0166 Ltda,Auto Negócios 0166,99000000000166,Varejo,Oficina e serviços,Campinas,SP,Metropolitana de Campinas,2021-05-09,1,1,Micro,3500.0000,6400.2400,21,Ativo
167,Empresa Automotiva 0167 Ltda,Auto Negócios 0167,99000000000167,Autopeças,Oficina e serviços,Ribeirão Preto,SP,Nordeste Paulista,2025-10-27,10,2,Micro,3500.0000,4632.5200,14,Ativo
168,Empresa Automotiva 0168 Ltda,Auto Negócios 0168,99000000000168,Autopeças,Revenda,Campinas,SP,Metropolitana de Campinas,2023-11-29,3,1,Micro,11343.3000,19752.6100,45,Inativo
169,Empresa Automotiva 0169 Ltda,Auto Negócios 0169,99000000000169,Oficina Mecânica,Oficina e serviços,São José do Rio Preto,SP,Noroeste Paulista,2024-08-01,16,4,Micro,3500.0000,3738.5100,30,Ativo
170,Empresa Automotiva 0170 Ltda,Auto Negócios 0170,99000000000170,Varejo,Oficina e serviços,Sorocaba,SP,Sudoeste Paulista,2024-10-17,12,3,Grande,101861.0600,170692.5500,21,Ativo
171,Empresa Automotiva 0171 Ltda,Auto Negócios 0171,99000000000171,Frotista,Oficina e serviços,Sorocaba,SP,Sudoeste Paulista,2022-12-19,12,3,Micro,6766.9400,13242.6500,0,Ativo
172,Empresa Automotiva 0172 Ltda,Auto Negócios 0172,99000000000172,Autoelétrica,Revenda,Campinas,SP,Metropolitana de Campinas,2025-05-24,1,1,Médio,49765.5900,75412.3600,21,Ativo
173,Empresa Automotiva 0173 Ltda,Auto Negócios 0173,99000000000173,Oficina Mecânica,Oficina e serviços,Campinas,SP,Metropolitana de Campinas,2024-01-13,5,1,Micro,11131.2000,18665.3200,45,Ativo
174,Empresa Automotiva 0174 Ltda,Auto Negócios 0174,99000000000174,Centro Automotivo,Oficina e serviços,Sorocaba,SP,Sudoeste Paulista,2022-07-28,14,3,Médio,73093.4100,130406.3900,28,Ativo
175,Empresa Automotiva 0175 Ltda,Auto Negócios 0175,99000000000175,Autoelétrica,Oficina e serviços,Campinas,SP,Metropolitana de Campinas,2021-04-24,4,1,Pequeno,30987.7300,60930.6900,14,Ativo
176,Empresa Automotiva 0176 Ltda,Auto Negócios 0176,99000000000176,Centro Automotivo,Revenda,Campinas,SP,Metropolitana de Campinas,2023-12-14,3,1,Pequeno,15952.9600,22764.3200,28,Ativo
177,Empresa Automotiva 0177 Ltda,Auto Negócios 0177,99000000000177,Centro Automotivo,Revenda,Campinas,SP,Metropolitana de Campinas,2024-08-04,2,1,Médio,82548.0500,143418.9900,45,Ativo
178,Empresa Automotiva 0178 Ltda,Auto Negócios 0178,99000000000178,Centro Automotivo,Oficina e serviços,Ribeirão Preto,SP,Nordeste Paulista,2024-01-30,6,2,Pequeno,21984.6200,39094.3300,30,Inativo
179,Empresa Automotiva 0179 Ltda,Auto Negócios 0179,99000000000179,Oficina Mecânica,Revenda,São José do Rio Preto,SP,Noroeste Paulista,2022-03-07,17,4,Médio,59156.4800,104852.3200,0,Inativo
180,Empresa Automotiva 0180 Ltda,Auto Negócios 0180,99000000000180,Oficina Mecânica,Oficina e serviços,São José do Rio Preto,SP,Noroeste Paulista,2022-02-17,16,4,Pequeno,14908.0500,26961.7400,30,Ativo
181,Empresa Automotiva 0181 Ltda,Auto Negócios 0181,99000000000181,Centro Automotivo,Revenda,Ribeirão Preto,SP,Nordeste Paulista,2024-02-04,6,2,Pequeno,12455.7000,17432.5500,14,Ativo
182,Empresa Automotiva 0182 Ltda,Auto Negócios 0182,99000000000182,Frotista,Oficina e serviços,Campinas,SP,Metropolitana de Campinas,2024-08-16,1,1,Pequeno,12477.9300,25288.6500,30,Ativo
183,Empresa Automotiva 0183 Ltda,Auto Negócios 0183,99000000000183,Revendedor,Oficina e serviços,Campinas,SP,Metropolitana de Campinas,2023-12-17,5,1,Pequeno,12267.0700,23700.1100,60,Ativo
184,Empresa Automotiva 0184 Ltda,Auto Negócios 0184,99000000000184,Autoelétrica,Oficina e serviços,Sorocaba,SP,Sudoeste Paulista,2023-03-07,14,3,Micro,3500.0000,3626.1900,28,Ativo
185,Empresa Automotiva 0185 Ltda,Auto Negócios 0185,99000000000185,Autoelétrica,Oficina e serviços,São José do Rio Preto,SP,Noroeste Paulista,2024-11-12,19,4,Pequeno,21008.4300,25260.4500,30,Ativo
186,Empresa Automotiva 0186 Ltda,Auto Negócios 0186,99000000000186,Autoelétrica,Revenda,São José do Rio Preto,SP,Noroeste Paulista,2022-09-13,19,4,Micro,4166.5500,6877.8900,21,Ativo
187,Empresa Automotiva 0187 Ltda,Auto Negócios 0187,99000000000187,Autopeças,Revenda,Campinas,SP,Metropolitana de Campinas,2025-10-24,1,1,Pequeno,19041.4700,28269.6100,0,Ativo
188,Empresa Automotiva 0188 Ltda,Auto Negócios 0188,99000000000188,Frotista,Frota e corporativo,Campinas,SP,Metropolitana de Campinas,2024-01-03,5,1,Médio,85618.9700,170191.1500,30,Ativo
189,Empresa Automotiva 0189 Ltda,Auto Negócios 0189,99000000000189,Frotista,Frota e corporativo,Campinas,SP,Metropolitana de Campinas,2022-10-17,1,1,Pequeno,15393.2200,26741.0100,21,Ativo
190,Empresa Automotiva 0190 Ltda,Auto Negócios 0190,99000000000190,Frotista,Oficina e serviços,Campinas,SP,Metropolitana de Campinas,2025-02-03,1,1,Micro,6264.7800,5990.6700,0,Inativo
191,Empresa Automotiva 0191 Ltda,Auto Negócios 0191,99000000000191,Autopeças,Oficina e serviços,São José do Rio Preto,SP,Noroeste Paulista,2021-05-22,17,4,Micro,5392.8100,7554.1300,45,Ativo
192,Empresa Automotiva 0192 Ltda,Auto Negócios 0192,99000000000192,Oficina Mecânica,Oficina e serviços,Campinas,SP,Metropolitana de Campinas,2021-07-16,3,1,Micro,5506.6000,9434.5000,28,Ativo
193,Empresa Automotiva 0193 Ltda,Auto Negócios 0193,99000000000193,Autopeças,Oficina e serviços,Sorocaba,SP,Sudoeste Paulista,2025-11-10,12,3,Micro,3742.6500,7032.8100,14,Ativo
194,Empresa Automotiva 0194 Ltda,Auto Negócios 0194,99000000000194,Varejo,Oficina e serviços,Campinas,SP,Metropolitana de Campinas,2023-09-06,5,1,Micro,7583.9500,9181.0500,21,Ativo
195,Empresa Automotiva 0195 Ltda,Auto Negócios 0195,99000000000195,Varejo,Revenda,Campinas,SP,Metropolitana de Campinas,2022-04-18,4,1,Pequeno,12078.3300,25924.3900,28,Ativo
196,Empresa Automotiva 0196 Ltda,Auto Negócios 0196,99000000000196,Centro Automotivo,Oficina e serviços,Sorocaba,SP,Sudoeste Paulista,2025-06-10,11,3,Pequeno,12619.9600,26326.7700,21,Inativo
197,Empresa Automotiva 0197 Ltda,Auto Negócios 0197,99000000000197,Varejo,Oficina e serviços,Sorocaba,SP,Sudoeste Paulista,2021-01-11,15,3,Médio,38460.0900,67107.5700,14,Ativo
198,Empresa Automotiva 0198 Ltda,Auto Negócios 0198,99000000000198,Autoelétrica,Revenda,Sorocaba,SP,Sudoeste Paulista,2024-01-18,11,3,Pequeno,14722.7000,29815.1300,28,Ativo
199,Empresa Automotiva 0199 Ltda,Auto Negócios 0199,99000000000199,Frotista,Oficina e serviços,São José do Rio Preto,SP,Noroeste Paulista,2022-12-24,16,4,Pequeno,30162.1100,48688.6500,60,Ativo
200,Empresa Automotiva 0200 Ltda,Auto Negócios 0200,99000000000200,Oficina Mecânica,Oficina e serviços,São José do Rio Preto,SP,Noroeste Paulista,2024-10-17,18,4,Médio,55450.3600,74554.1800,45,Ativo
201,Empresa Automotiva 0201 Ltda,Auto Negócios 0201,99000000000201,Revendedor,Oficina e serviços,Ribeirão Preto,SP,Nordeste Paulista,2023-06-05,9,2,Pequeno,12450.0100,13570.7600,30,Ativo
202,Empresa Automotiva 0202 Ltda,Auto Negócios 0202,99000000000202,Autopeças,Revenda,Ribeirão Preto,SP,Nordeste Paulista,2025-10-16,8,2,Micro,9283.9800,8404.2500,28,Ativo
203,Empresa Automotiva 0203 Ltda,Auto Negócios 0203,99000000000203,Autopeças,Revenda,São José do Rio Preto,SP,Noroeste Paulista,2025-06-28,18,4,Micro,7360.3200,7614.0500,60,Ativo
204,Empresa Automotiva 0204 Ltda,Auto Negócios 0204,99000000000204,Frotista,Revenda,São José do Rio Preto,SP,Noroeste Paulista,2024-02-20,16,4,Pequeno,27061.7500,28586.1600,30,Ativo
205,Empresa Automotiva 0205 Ltda,Auto Negócios 0205,99000000000205,Frotista,Oficina e serviços,Sorocaba,SP,Sudoeste Paulista,2023-07-02,13,3,Pequeno,28646.8100,52593.2100,60,Ativo
206,Empresa Automotiva 0206 Ltda,Auto Negócios 0206,99000000000206,Oficina Mecânica,Revenda,Campinas,SP,Metropolitana de Campinas,2025-07-23,2,1,Micro,4149.6500,8693.8500,30,Ativo
207,Empresa Automotiva 0207 Ltda,Auto Negócios 0207,99000000000207,Centro Automotivo,Revenda,Campinas,SP,Metropolitana de Campinas,2025-03-31,3,1,Pequeno,16008.0300,18097.6700,30,Ativo
208,Empresa Automotiva 0208 Ltda,Auto Negócios 0208,99000000000208,Revendedor,Oficina e serviços,Sorocaba,SP,Sudoeste Paulista,2024-07-13,11,3,Micro,7558.6300,16517.2400,30,Ativo
209,Empresa Automotiva 0209 Ltda,Auto Negócios 0209,99000000000209,Varejo,Revenda,Campinas,SP,Metropolitana de Campinas,2025-06-26,1,1,Pequeno,25501.8400,50122.1900,30,Ativo
210,Empresa Automotiva 0210 Ltda,Auto Negócios 0210,99000000000210,Autopeças,Revenda,Campinas,SP,Metropolitana de Campinas,2021-12-10,2,1,Pequeno,30040.4900,33365.4700,45,Ativo
211,Empresa Automotiva 0211 Ltda,Auto Negócios 0211,99000000000211,Revendedor,Oficina e serviços,São José do Rio Preto,SP,Noroeste Paulista,2022-06-14,20,4,Médio,37532.5500,50412.6300,45,Ativo
212,Empresa Automotiva 0212 Ltda,Auto Negócios 0212,99000000000212,Oficina Mecânica,Revenda,Campinas,SP,Metropolitana de Campinas,2025-01-10,1,1,Micro,4459.2000,6015.7800,30,Ativo
213,Empresa Automotiva 0213 Ltda,Auto Negócios 0213,99000000000213,Autoelétrica,Revenda,Ribeirão Preto,SP,Nordeste Paulista,2025-04-10,10,2,Pequeno,13075.0800,15818.1500,14,Ativo
214,Empresa Automotiva 0214 Ltda,Auto Negócios 0214,99000000000214,Varejo,Oficina e serviços,Ribeirão Preto,SP,Nordeste Paulista,2021-10-05,8,2,Pequeno,32212.3700,59784.5000,30,Ativo
215,Empresa Automotiva 0215 Ltda,Auto Negócios 0215,99000000000215,Frotista,Revenda,Ribeirão Preto,SP,Nordeste Paulista,2022-11-07,8,2,Micro,6334.9100,13797.8700,60,Ativo
216,Empresa Automotiva 0216 Ltda,Auto Negócios 0216,99000000000216,Revendedor,Oficina e serviços,Campinas,SP,Metropolitana de Campinas,2024-11-23,3,1,Micro,11634.7700,17520.9700,21,Ativo
217,Empresa Automotiva 0217 Ltda,Auto Negócios 0217,99000000000217,Varejo,Oficina e serviços,Campinas,SP,Metropolitana de Campinas,2023-01-03,2,1,Pequeno,23509.3900,25826.4400,30,Ativo
218,Empresa Automotiva 0218 Ltda,Auto Negócios 0218,99000000000218,Oficina Mecânica,Frota e corporativo,Ribeirão Preto,SP,Nordeste Paulista,2025-06-25,9,2,Micro,9077.3700,18104.9700,45,Ativo
219,Empresa Automotiva 0219 Ltda,Auto Negócios 0219,99000000000219,Oficina Mecânica,Revenda,Campinas,SP,Metropolitana de Campinas,2021-03-04,5,1,Micro,7431.1600,7977.0500,14,Inativo
220,Empresa Automotiva 0220 Ltda,Auto Negócios 0220,99000000000220,Revendedor,Revenda,São José do Rio Preto,SP,Noroeste Paulista,2024-06-15,17,4,Pequeno,12220.0400,15396.1400,14,Ativo
221,Empresa Automotiva 0221 Ltda,Auto Negócios 0221,99000000000221,Frotista,Oficina e serviços,Campinas,SP,Metropolitana de Campinas,2021-07-25,4,1,Pequeno,32911.8500,35632.4500,30,Ativo
222,Empresa Automotiva 0222 Ltda,Auto Negócios 0222,99000000000222,Autoelétrica,Oficina e serviços,Sorocaba,SP,Sudoeste Paulista,2022-06-24,14,3,Micro,4708.8400,5350.4000,30,Ativo
223,Empresa Automotiva 0223 Ltda,Auto Negócios 0223,99000000000223,Centro Automotivo,Revenda,Sorocaba,SP,Sudoeste Paulista,2025-08-23,13,3,Pequeno,22730.8300,49912.8000,45,Ativo
224,Empresa Automotiva 0224 Ltda,Auto Negócios 0224,99000000000224,Revendedor,Revenda,Campinas,SP,Metropolitana de Campinas,2021-10-10,2,1,Pequeno,23810.1200,20315.3500,28,Ativo
225,Empresa Automotiva 0225 Ltda,Auto Negócios 0225,99000000000225,Revendedor,Revenda,Ribeirão Preto,SP,Nordeste Paulista,2024-08-07,6,2,Pequeno,15513.9100,18402.8800,21,Ativo
226,Empresa Automotiva 0226 Ltda,Auto Negócios 0226,99000000000226,Autoelétrica,Revenda,São José do Rio Preto,SP,Noroeste Paulista,2021-03-28,19,4,Micro,4876.2000,10417.1300,21,Ativo
227,Empresa Automotiva 0227 Ltda,Auto Negócios 0227,99000000000227,Revendedor,Oficina e serviços,Campinas,SP,Metropolitana de Campinas,2021-04-11,1,1,Pequeno,17164.5900,18470.6400,0,Ativo
228,Empresa Automotiva 0228 Ltda,Auto Negócios 0228,99000000000228,Revendedor,Revenda,Campinas,SP,Metropolitana de Campinas,2024-09-17,2,1,Micro,5853.1900,4915.9400,30,Inativo
229,Empresa Automotiva 0229 Ltda,Auto Negócios 0229,99000000000229,Frotista,Oficina e serviços,Ribeirão Preto,SP,Nordeste Paulista,2024-12-23,9,2,Pequeno,24772.4700,27346.4500,28,Ativo
230,Empresa Automotiva 0230 Ltda,Auto Negócios 0230,99000000000230,Autoelétrica,Oficina e serviços,Ribeirão Preto,SP,Nordeste Paulista,2023-06-17,9,2,Micro,3500.0000,5567.8300,21,Ativo
231,Empresa Automotiva 0231 Ltda,Auto Negócios 0231,99000000000231,Varejo,Revenda,Ribeirão Preto,SP,Nordeste Paulista,2024-04-21,7,2,Pequeno,15392.0400,21317.1600,28,Inativo
232,Empresa Automotiva 0232 Ltda,Auto Negócios 0232,99000000000232,Revendedor,Revenda,Campinas,SP,Metropolitana de Campinas,2023-09-09,2,1,Micro,10723.0100,23047.5200,30,Inativo
233,Empresa Automotiva 0233 Ltda,Auto Negócios 0233,99000000000233,Revendedor,Oficina e serviços,Ribeirão Preto,SP,Nordeste Paulista,2023-05-11,8,2,Pequeno,13762.2100,29607.1300,14,Ativo
234,Empresa Automotiva 0234 Ltda,Auto Negócios 0234,99000000000234,Centro Automotivo,Oficina e serviços,São José do Rio Preto,SP,Noroeste Paulista,2024-04-12,17,4,Micro,9878.7700,9699.3800,0,Ativo
235,Empresa Automotiva 0235 Ltda,Auto Negócios 0235,99000000000235,Centro Automotivo,Frota e corporativo,Sorocaba,SP,Sudoeste Paulista,2024-09-11,15,3,Pequeno,13181.2800,27832.8200,0,Ativo
236,Empresa Automotiva 0236 Ltda,Auto Negócios 0236,99000000000236,Oficina Mecânica,Oficina e serviços,Sorocaba,SP,Sudoeste Paulista,2022-06-07,11,3,Micro,7519.2800,8957.1800,14,Inativo
237,Empresa Automotiva 0237 Ltda,Auto Negócios 0237,99000000000237,Centro Automotivo,Oficina e serviços,Ribeirão Preto,SP,Nordeste Paulista,2024-10-20,7,2,Pequeno,18065.7300,22404.0900,0,Ativo
238,Empresa Automotiva 0238 Ltda,Auto Negócios 0238,99000000000238,Varejo,Revenda,Sorocaba,SP,Sudoeste Paulista,2022-11-05,13,3,Pequeno,20909.5300,37620.6400,21,Ativo
239,Empresa Automotiva 0239 Ltda,Auto Negócios 0239,99000000000239,Oficina Mecânica,Revenda,São José do Rio Preto,SP,Noroeste Paulista,2021-11-19,17,4,Micro,11389.5100,19632.2100,60,Ativo
240,Empresa Automotiva 0240 Ltda,Auto Negócios 0240,99000000000240,Frotista,Oficina e serviços,São José do Rio Preto,SP,Noroeste Paulista,2024-12-13,17,4,Pequeno,18272.4400,27323.0300,45,Ativo
241,Empresa Automotiva 0241 Ltda,Auto Negócios 0241,99000000000241,Autopeças,Revenda,Ribeirão Preto,SP,Nordeste Paulista,2024-09-23,9,2,Micro,8823.9800,16602.5400,30,Ativo
242,Empresa Automotiva 0242 Ltda,Auto Negócios 0242,99000000000242,Oficina Mecânica,Revenda,Sorocaba,SP,Sudoeste Paulista,2022-07-28,11,3,Pequeno,19757.5700,20132.7400,21,Ativo
243,Empresa Automotiva 0243 Ltda,Auto Negócios 0243,99000000000243,Autoelétrica,Oficina e serviços,São José do Rio Preto,SP,Noroeste Paulista,2023-02-22,16,4,Pequeno,13281.7000,13881.2300,30,Ativo
244,Empresa Automotiva 0244 Ltda,Auto Negócios 0244,99000000000244,Revendedor,Revenda,São José do Rio Preto,SP,Noroeste Paulista,2025-01-13,19,4,Micro,3877.8900,7938.9900,21,Ativo
245,Empresa Automotiva 0245 Ltda,Auto Negócios 0245,99000000000245,Autoelétrica,Revenda,Sorocaba,SP,Sudoeste Paulista,2025-09-01,14,3,Pequeno,14083.9900,29117.0600,30,Ativo
246,Empresa Automotiva 0246 Ltda,Auto Negócios 0246,99000000000246,Varejo,Oficina e serviços,Ribeirão Preto,SP,Nordeste Paulista,2023-07-06,10,2,Micro,7947.8900,7970.1900,28,Ativo
247,Empresa Automotiva 0247 Ltda,Auto Negócios 0247,99000000000247,Centro Automotivo,Revenda,Sorocaba,SP,Sudoeste Paulista,2024-03-28,14,3,Pequeno,32676.4300,42195.6100,45,Ativo
248,Empresa Automotiva 0248 Ltda,Auto Negócios 0248,99000000000248,Centro Automotivo,Revenda,Ribeirão Preto,SP,Nordeste Paulista,2021-12-20,6,2,Micro,9462.0800,13108.0300,30,Ativo
249,Empresa Automotiva 0249 Ltda,Auto Negócios 0249,99000000000249,Autopeças,Revenda,São José do Rio Preto,SP,Noroeste Paulista,2024-12-19,16,4,Micro,8483.2800,15157.2600,45,Ativo
250,Empresa Automotiva 0250 Ltda,Auto Negócios 0250,99000000000250,Varejo,Oficina e serviços,Campinas,SP,Metropolitana de Campinas,2022-02-26,5,1,Pequeno,20783.2900,28770.2500,28,Inativo
251,Empresa Automotiva 0251 Ltda,Auto Negócios 0251,99000000000251,Frotista,Oficina e serviços,Campinas,SP,Metropolitana de Campinas,2022-11-14,1,1,Micro,9772.3400,15074.4200,30,Ativo
252,Empresa Automotiva 0252 Ltda,Auto Negócios 0252,99000000000252,Revendedor,Revenda,Ribeirão Preto,SP,Nordeste Paulista,2024-03-26,7,2,Micro,5804.3700,4964.1900,14,Ativo
253,Empresa Automotiva 0253 Ltda,Auto Negócios 0253,99000000000253,Revendedor,Revenda,Ribeirão Preto,SP,Nordeste Paulista,2022-07-17,7,2,Micro,10742.7100,9535.4900,30,Ativo
254,Empresa Automotiva 0254 Ltda,Auto Negócios 0254,99000000000254,Varejo,Frota e corporativo,Ribeirão Preto,SP,Nordeste Paulista,2024-12-15,8,2,Pequeno,16618.5600,23181.7400,28,Ativo
255,Empresa Automotiva 0255 Ltda,Auto Negócios 0255,99000000000255,Centro Automotivo,Frota e corporativo,São José do Rio Preto,SP,Noroeste Paulista,2023-01-21,18,4,Pequeno,23504.8400,49632.9600,14,Ativo
256,Empresa Automotiva 0256 Ltda,Auto Negócios 0256,99000000000256,Varejo,Oficina e serviços,Campinas,SP,Metropolitana de Campinas,2024-04-29,2,1,Micro,7292.1900,14952.5900,14,Ativo
257,Empresa Automotiva 0257 Ltda,Auto Negócios 0257,99000000000257,Varejo,Revenda,Campinas,SP,Metropolitana de Campinas,2021-11-01,4,1,Pequeno,14847.3600,24871.6100,21,Ativo
258,Empresa Automotiva 0258 Ltda,Auto Negócios 0258,99000000000258,Autoelétrica,Revenda,São José do Rio Preto,SP,Noroeste Paulista,2024-01-16,19,4,Médio,63653.4300,74985.5000,30,Ativo
259,Empresa Automotiva 0259 Ltda,Auto Negócios 0259,99000000000259,Autopeças,Revenda,Sorocaba,SP,Sudoeste Paulista,2024-06-07,15,3,Micro,3910.5400,5674.5200,30,Ativo
260,Empresa Automotiva 0260 Ltda,Auto Negócios 0260,99000000000260,Oficina Mecânica,Revenda,Ribeirão Preto,SP,Nordeste Paulista,2023-04-29,8,2,Pequeno,13490.4800,16615.2600,21,Inativo
261,Empresa Automotiva 0261 Ltda,Auto Negócios 0261,99000000000261,Frotista,Revenda,Campinas,SP,Metropolitana de Campinas,2022-04-19,4,1,Pequeno,21838.4200,35477.8500,0,Ativo
262,Empresa Automotiva 0262 Ltda,Auto Negócios 0262,99000000000262,Oficina Mecânica,Oficina e serviços,Ribeirão Preto,SP,Nordeste Paulista,2024-01-09,6,2,Micro,8269.8200,16068.0000,30,Ativo
263,Empresa Automotiva 0263 Ltda,Auto Negócios 0263,99000000000263,Autopeças,Oficina e serviços,Campinas,SP,Metropolitana de Campinas,2023-07-03,3,1,Micro,10618.9700,21852.6300,45,Ativo
264,Empresa Automotiva 0264 Ltda,Auto Negócios 0264,99000000000264,Oficina Mecânica,Frota e corporativo,Campinas,SP,Metropolitana de Campinas,2024-10-21,4,1,Pequeno,12481.9800,10175.7200,30,Ativo
265,Empresa Automotiva 0265 Ltda,Auto Negócios 0265,99000000000265,Autoelétrica,Frota e corporativo,Campinas,SP,Metropolitana de Campinas,2024-01-07,2,1,Médio,43103.8000,50472.5000,28,Ativo
266,Empresa Automotiva 0266 Ltda,Auto Negócios 0266,99000000000266,Varejo,Oficina e serviços,Sorocaba,SP,Sudoeste Paulista,2021-01-23,15,3,Médio,53525.4200,95144.1600,21,Ativo
267,Empresa Automotiva 0267 Ltda,Auto Negócios 0267,99000000000267,Oficina Mecânica,Oficina e serviços,Campinas,SP,Metropolitana de Campinas,2024-02-22,1,1,Micro,8107.0700,8840.6200,30,Ativo
268,Empresa Automotiva 0268 Ltda,Auto Negócios 0268,99000000000268,Oficina Mecânica,Revenda,Sorocaba,SP,Sudoeste Paulista,2025-08-30,13,3,Pequeno,19308.5100,17788.1400,30,Ativo
269,Empresa Automotiva 0269 Ltda,Auto Negócios 0269,99000000000269,Centro Automotivo,Revenda,Ribeirão Preto,SP,Nordeste Paulista,2022-11-03,7,2,Pequeno,16910.0200,22045.7400,28,Ativo
270,Empresa Automotiva 0270 Ltda,Auto Negócios 0270,99000000000270,Oficina Mecânica,Oficina e serviços,Campinas,SP,Metropolitana de Campinas,2022-02-17,4,1,Micro,10060.8000,18710.6200,30,Ativo
271,Empresa Automotiva 0271 Ltda,Auto Negócios 0271,99000000000271,Oficina Mecânica,Revenda,Ribeirão Preto,SP,Nordeste Paulista,2021-10-25,7,2,Pequeno,12043.3500,15915.5100,30,Ativo
272,Empresa Automotiva 0272 Ltda,Auto Negócios 0272,99000000000272,Oficina Mecânica,Revenda,Sorocaba,SP,Sudoeste Paulista,2024-09-05,15,3,Pequeno,19626.2500,31468.2800,28,Ativo
273,Empresa Automotiva 0273 Ltda,Auto Negócios 0273,99000000000273,Centro Automotivo,Frota e corporativo,Ribeirão Preto,SP,Nordeste Paulista,2024-11-20,9,2,Micro,5672.7000,11579.4100,45,Ativo
274,Empresa Automotiva 0274 Ltda,Auto Negócios 0274,99000000000274,Revendedor,Frota e corporativo,Sorocaba,SP,Sudoeste Paulista,2021-12-08,14,3,Pequeno,22120.8500,33083.7000,14,Ativo
275,Empresa Automotiva 0275 Ltda,Auto Negócios 0275,99000000000275,Autoelétrica,Revenda,Ribeirão Preto,SP,Nordeste Paulista,2025-11-01,6,2,Micro,5790.2600,11637.1300,21,Ativo
276,Empresa Automotiva 0276 Ltda,Auto Negócios 0276,99000000000276,Autopeças,Revenda,Campinas,SP,Metropolitana de Campinas,2022-06-19,3,1,Pequeno,18574.0400,33879.7200,28,Ativo
277,Empresa Automotiva 0277 Ltda,Auto Negócios 0277,99000000000277,Autoelétrica,Revenda,Campinas,SP,Metropolitana de Campinas,2024-06-04,4,1,Médio,45980.7100,77936.2600,14,Ativo
278,Empresa Automotiva 0278 Ltda,Auto Negócios 0278,99000000000278,Frotista,Revenda,Sorocaba,SP,Sudoeste Paulista,2025-05-02,11,3,Pequeno,22483.7300,26811.6000,45,Ativo
279,Empresa Automotiva 0279 Ltda,Auto Negócios 0279,99000000000279,Revendedor,Oficina e serviços,São José do Rio Preto,SP,Noroeste Paulista,2022-07-26,19,4,Médio,36727.7800,63906.9800,30,Ativo
280,Empresa Automotiva 0280 Ltda,Auto Negócios 0280,99000000000280,Varejo,Revenda,São José do Rio Preto,SP,Noroeste Paulista,2025-05-28,17,4,Micro,8098.3200,9323.4600,30,Ativo
281,Empresa Automotiva 0281 Ltda,Auto Negócios 0281,99000000000281,Varejo,Revenda,Campinas,SP,Metropolitana de Campinas,2023-07-31,5,1,Pequeno,23123.4900,19764.6300,30,Ativo
282,Empresa Automotiva 0282 Ltda,Auto Negócios 0282,99000000000282,Revendedor,Oficina e serviços,Campinas,SP,Metropolitana de Campinas,2022-07-21,4,1,Médio,57499.9500,111717.4800,45,Ativo
283,Empresa Automotiva 0283 Ltda,Auto Negócios 0283,99000000000283,Centro Automotivo,Revenda,Campinas,SP,Metropolitana de Campinas,2022-03-19,3,1,Pequeno,20414.5000,16867.9800,21,Ativo
284,Empresa Automotiva 0284 Ltda,Auto Negócios 0284,99000000000284,Frotista,Revenda,São José do Rio Preto,SP,Noroeste Paulista,2022-09-19,17,4,Médio,35958.5600,47885.4000,30,Ativo
285,Empresa Automotiva 0285 Ltda,Auto Negócios 0285,99000000000285,Oficina Mecânica,Revenda,São José do Rio Preto,SP,Noroeste Paulista,2025-05-04,18,4,Pequeno,31623.6200,35153.0100,21,Ativo
286,Empresa Automotiva 0286 Ltda,Auto Negócios 0286,99000000000286,Autoelétrica,Revenda,Campinas,SP,Metropolitana de Campinas,2023-12-20,5,1,Micro,10309.3000,22625.2900,21,Ativo
287,Empresa Automotiva 0287 Ltda,Auto Negócios 0287,99000000000287,Autoelétrica,Revenda,Ribeirão Preto,SP,Nordeste Paulista,2023-10-12,10,2,Pequeno,17265.7900,21460.2800,60,Ativo
288,Empresa Automotiva 0288 Ltda,Auto Negócios 0288,99000000000288,Varejo,Oficina e serviços,Campinas,SP,Metropolitana de Campinas,2025-09-26,5,1,Micro,3500.0000,3433.6000,21,Ativo
289,Empresa Automotiva 0289 Ltda,Auto Negócios 0289,99000000000289,Autopeças,Revenda,Campinas,SP,Metropolitana de Campinas,2024-02-20,3,1,Pequeno,14377.5700,18601.8700,14,Ativo
290,Empresa Automotiva 0290 Ltda,Auto Negócios 0290,99000000000290,Autoelétrica,Frota e corporativo,Sorocaba,SP,Sudoeste Paulista,2024-07-06,15,3,Pequeno,13642.7900,15308.5300,30,Ativo
291,Empresa Automotiva 0291 Ltda,Auto Negócios 0291,99000000000291,Centro Automotivo,Oficina e serviços,Sorocaba,SP,Sudoeste Paulista,2024-09-09,12,3,Pequeno,28692.9000,44502.7500,30,Ativo
292,Empresa Automotiva 0292 Ltda,Auto Negócios 0292,99000000000292,Centro Automotivo,Revenda,Campinas,SP,Metropolitana de Campinas,2023-02-08,3,1,Micro,3500.0000,7622.3900,30,Ativo
293,Empresa Automotiva 0293 Ltda,Auto Negócios 0293,99000000000293,Autopeças,Frota e corporativo,Sorocaba,SP,Sudoeste Paulista,2021-02-20,11,3,Pequeno,20173.9500,42876.8300,30,Ativo
294,Empresa Automotiva 0294 Ltda,Auto Negócios 0294,99000000000294,Frotista,Oficina e serviços,Ribeirão Preto,SP,Nordeste Paulista,2023-01-07,9,2,Pequeno,13371.0300,27325.7500,28,Ativo
295,Empresa Automotiva 0295 Ltda,Auto Negócios 0295,99000000000295,Varejo,Frota e corporativo,Campinas,SP,Metropolitana de Campinas,2024-02-02,3,1,Micro,7195.0200,12189.1500,21,Ativo
296,Empresa Automotiva 0296 Ltda,Auto Negócios 0296,99000000000296,Frotista,Oficina e serviços,Campinas,SP,Metropolitana de Campinas,2022-05-25,3,1,Pequeno,20689.3000,41632.9800,30,Ativo
297,Empresa Automotiva 0297 Ltda,Auto Negócios 0297,99000000000297,Frotista,Revenda,Campinas,SP,Metropolitana de Campinas,2022-12-27,5,1,Pequeno,21080.0000,23284.5400,30,Ativo
298,Empresa Automotiva 0298 Ltda,Auto Negócios 0298,99000000000298,Oficina Mecânica,Revenda,Ribeirão Preto,SP,Nordeste Paulista,2024-06-13,7,2,Pequeno,29804.7600,63146.4000,28,Ativo
299,Empresa Automotiva 0299 Ltda,Auto Negócios 0299,99000000000299,Centro Automotivo,Revenda,Campinas,SP,Metropolitana de Campinas,2023-07-10,5,1,Pequeno,13492.0700,17380.4500,45,Ativo
300,Empresa Automotiva 0300 Ltda,Auto Negócios 0300,99000000000300,Oficina Mecânica,Oficina e serviços,Campinas,SP,Metropolitana de Campinas,2023-04-26,1,1,Pequeno,17661.3600,35010.1000,21,Ativo
301,Empresa Automotiva 0301 Ltda,Auto Negócios 0301,99000000000301,Varejo,Revenda,Campinas,SP,Metropolitana de Campinas,2025-02-09,2,1,Pequeno,15689.0200,22235.7300,28,Ativo
302,Empresa Automotiva 0302 Ltda,Auto Negócios 0302,99000000000302,Autopeças,Revenda,Ribeirão Preto,SP,Nordeste Paulista,2021-06-14,6,2,Micro,9298.8100,17456.8700,30,Ativo
303,Empresa Automotiva 0303 Ltda,Auto Negócios 0303,99000000000303,Revendedor,Oficina e serviços,Sorocaba,SP,Sudoeste Paulista,2021-03-23,11,3,Pequeno,26724.0100,35702.2600,30,Ativo
304,Empresa Automotiva 0304 Ltda,Auto Negócios 0304,99000000000304,Centro Automotivo,Revenda,Campinas,SP,Metropolitana de Campinas,2023-11-04,2,1,Micro,7716.2500,14885.8100,30,Ativo
305,Empresa Automotiva 0305 Ltda,Auto Negócios 0305,99000000000305,Autopeças,Oficina e serviços,Sorocaba,SP,Sudoeste Paulista,2023-08-15,13,3,Micro,4549.0400,9845.3900,28,Ativo
306,Empresa Automotiva 0306 Ltda,Auto Negócios 0306,99000000000306,Revendedor,Oficina e serviços,São José do Rio Preto,SP,Noroeste Paulista,2025-04-13,17,4,Pequeno,13582.0100,23020.9200,21,Ativo
307,Empresa Automotiva 0307 Ltda,Auto Negócios 0307,99000000000307,Varejo,Revenda,Campinas,SP,Metropolitana de Campinas,2022-06-29,1,1,Pequeno,26142.5500,51056.2700,28,Ativo
308,Empresa Automotiva 0308 Ltda,Auto Negócios 0308,99000000000308,Centro Automotivo,Revenda,Campinas,SP,Metropolitana de Campinas,2025-04-11,3,1,Pequeno,30182.4500,46538.4100,21,Ativo
309,Empresa Automotiva 0309 Ltda,Auto Negócios 0309,99000000000309,Centro Automotivo,Oficina e serviços,Campinas,SP,Metropolitana de Campinas,2024-11-07,2,1,Médio,57000.9900,110350.3500,28,Ativo
310,Empresa Automotiva 0310 Ltda,Auto Negócios 0310,99000000000310,Varejo,Oficina e serviços,Campinas,SP,Metropolitana de Campinas,2021-11-06,5,1,Pequeno,32824.4200,67350.3800,14,Ativo
311,Empresa Automotiva 0311 Ltda,Auto Negócios 0311,99000000000311,Centro Automotivo,Oficina e serviços,Sorocaba,SP,Sudoeste Paulista,2024-09-20,11,3,Pequeno,22209.0300,24806.1300,28,Ativo
312,Empresa Automotiva 0312 Ltda,Auto Negócios 0312,99000000000312,Varejo,Revenda,Campinas,SP,Metropolitana de Campinas,2022-05-06,2,1,Pequeno,18971.5500,38594.0800,30,Ativo
313,Empresa Automotiva 0313 Ltda,Auto Negócios 0313,99000000000313,Varejo,Oficina e serviços,São José do Rio Preto,SP,Noroeste Paulista,2022-10-25,16,4,Pequeno,14676.6600,28415.1500,28,Ativo
314,Empresa Automotiva 0314 Ltda,Auto Negócios 0314,99000000000314,Oficina Mecânica,Revenda,Sorocaba,SP,Sudoeste Paulista,2022-12-16,11,3,Micro,8830.1800,11595.1600,21,Ativo
315,Empresa Automotiva 0315 Ltda,Auto Negócios 0315,99000000000315,Varejo,Revenda,Ribeirão Preto,SP,Nordeste Paulista,2024-10-01,9,2,Médio,44321.8800,92124.7000,21,Ativo
316,Empresa Automotiva 0316 Ltda,Auto Negócios 0316,99000000000316,Autoelétrica,Revenda,São José do Rio Preto,SP,Noroeste Paulista,2021-12-19,20,4,Micro,4996.9900,5297.1200,28,Ativo
317,Empresa Automotiva 0317 Ltda,Auto Negócios 0317,99000000000317,Centro Automotivo,Revenda,Ribeirão Preto,SP,Nordeste Paulista,2024-04-18,10,2,Micro,7324.0600,11645.1400,30,Ativo
318,Empresa Automotiva 0318 Ltda,Auto Negócios 0318,99000000000318,Revendedor,Revenda,Sorocaba,SP,Sudoeste Paulista,2021-07-28,12,3,Pequeno,30379.2100,64536.4800,45,Ativo
319,Empresa Automotiva 0319 Ltda,Auto Negócios 0319,99000000000319,Oficina Mecânica,Revenda,Sorocaba,SP,Sudoeste Paulista,2022-02-05,14,3,Micro,3500.0000,2989.1900,30,Ativo
320,Empresa Automotiva 0320 Ltda,Auto Negócios 0320,99000000000320,Oficina Mecânica,Revenda,Sorocaba,SP,Sudoeste Paulista,2024-04-30,14,3,Pequeno,18944.5100,30263.1000,28,Ativo
321,Empresa Automotiva 0321 Ltda,Auto Negócios 0321,99000000000321,Autopeças,Revenda,Ribeirão Preto,SP,Nordeste Paulista,2024-04-30,10,2,Micro,11624.9900,20052.5700,30,Ativo
322,Empresa Automotiva 0322 Ltda,Auto Negócios 0322,99000000000322,Revendedor,Frota e corporativo,Campinas,SP,Metropolitana de Campinas,2022-08-03,2,1,Médio,88287.2000,108629.9300,14,Ativo
323,Empresa Automotiva 0323 Ltda,Auto Negócios 0323,99000000000323,Autoelétrica,Oficina e serviços,Sorocaba,SP,Sudoeste Paulista,2025-06-02,14,3,Médio,58445.6700,128040.1000,30,Ativo
324,Empresa Automotiva 0324 Ltda,Auto Negócios 0324,99000000000324,Autopeças,Oficina e serviços,Sorocaba,SP,Sudoeste Paulista,2025-08-25,15,3,Pequeno,24954.5300,38492.8600,21,Ativo
325,Empresa Automotiva 0325 Ltda,Auto Negócios 0325,99000000000325,Oficina Mecânica,Oficina e serviços,Ribeirão Preto,SP,Nordeste Paulista,2023-12-12,6,2,Médio,43718.5200,40836.5200,21,Ativo
326,Empresa Automotiva 0326 Ltda,Auto Negócios 0326,99000000000326,Centro Automotivo,Oficina e serviços,Ribeirão Preto,SP,Nordeste Paulista,2024-12-17,10,2,Pequeno,23952.6900,37699.3500,14,Ativo
327,Empresa Automotiva 0327 Ltda,Auto Negócios 0327,99000000000327,Revendedor,Frota e corporativo,Campinas,SP,Metropolitana de Campinas,2022-05-29,1,1,Pequeno,12532.9900,14342.9900,60,Ativo
328,Empresa Automotiva 0328 Ltda,Auto Negócios 0328,99000000000328,Centro Automotivo,Oficina e serviços,Campinas,SP,Metropolitana de Campinas,2025-11-16,4,1,Pequeno,24323.9500,27793.9700,30,Inativo
329,Empresa Automotiva 0329 Ltda,Auto Negócios 0329,99000000000329,Revendedor,Revenda,Campinas,SP,Metropolitana de Campinas,2024-10-02,1,1,Micro,3500.0000,3704.6400,21,Ativo
330,Empresa Automotiva 0330 Ltda,Auto Negócios 0330,99000000000330,Varejo,Oficina e serviços,Campinas,SP,Metropolitana de Campinas,2023-08-25,2,1,Micro,11303.3400,12335.9300,45,Ativo
331,Empresa Automotiva 0331 Ltda,Auto Negócios 0331,99000000000331,Varejo,Revenda,Sorocaba,SP,Sudoeste Paulista,2022-02-13,14,3,Médio,56309.2600,71760.9600,45,Ativo
332,Empresa Automotiva 0332 Ltda,Auto Negócios 0332,99000000000332,Frotista,Oficina e serviços,Campinas,SP,Metropolitana de Campinas,2021-12-03,5,1,Micro,4595.8400,5786.4100,21,Ativo
333,Empresa Automotiva 0333 Ltda,Auto Negócios 0333,99000000000333,Revendedor,Frota e corporativo,Ribeirão Preto,SP,Nordeste Paulista,2024-01-09,7,2,Micro,6685.7100,10666.2300,28,Ativo
334,Empresa Automotiva 0334 Ltda,Auto Negócios 0334,99000000000334,Varejo,Oficina e serviços,Campinas,SP,Metropolitana de Campinas,2021-08-16,4,1,Pequeno,31589.1000,26622.7800,28,Ativo
335,Empresa Automotiva 0335 Ltda,Auto Negócios 0335,99000000000335,Revendedor,Oficina e serviços,Campinas,SP,Metropolitana de Campinas,2023-12-22,1,1,Médio,52852.8900,68485.1900,30,Ativo
336,Empresa Automotiva 0336 Ltda,Auto Negócios 0336,99000000000336,Oficina Mecânica,Oficina e serviços,Campinas,SP,Metropolitana de Campinas,2023-04-10,1,1,Pequeno,19082.2700,19808.2100,21,Ativo
337,Empresa Automotiva 0337 Ltda,Auto Negócios 0337,99000000000337,Autoelétrica,Revenda,Sorocaba,SP,Sudoeste Paulista,2024-01-12,11,3,Micro,11773.2100,11944.2200,45,Ativo
338,Empresa Automotiva 0338 Ltda,Auto Negócios 0338,99000000000338,Autopeças,Revenda,Ribeirão Preto,SP,Nordeste Paulista,2024-04-13,10,2,Pequeno,20264.0400,18192.9400,30,Ativo
339,Empresa Automotiva 0339 Ltda,Auto Negócios 0339,99000000000339,Autoelétrica,Oficina e serviços,Campinas,SP,Metropolitana de Campinas,2021-02-12,3,1,Pequeno,29772.2700,63460.0600,30,Ativo
340,Empresa Automotiva 0340 Ltda,Auto Negócios 0340,99000000000340,Oficina Mecânica,Oficina e serviços,Campinas,SP,Metropolitana de Campinas,2024-04-09,2,1,Micro,10283.9600,19998.7600,30,Ativo
341,Empresa Automotiva 0341 Ltda,Auto Negócios 0341,99000000000341,Revendedor,Oficina e serviços,Campinas,SP,Metropolitana de Campinas,2025-09-24,2,1,Micro,3500.0000,4692.8000,21,Inativo
342,Empresa Automotiva 0342 Ltda,Auto Negócios 0342,99000000000342,Revendedor,Oficina e serviços,Campinas,SP,Metropolitana de Campinas,2025-09-26,4,1,Grande,134010.7000,186503.7600,28,Ativo
343,Empresa Automotiva 0343 Ltda,Auto Negócios 0343,99000000000343,Autoelétrica,Oficina e serviços,Ribeirão Preto,SP,Nordeste Paulista,2022-07-08,10,2,Micro,5070.3300,8627.5400,28,Ativo
344,Empresa Automotiva 0344 Ltda,Auto Negócios 0344,99000000000344,Centro Automotivo,Frota e corporativo,Sorocaba,SP,Sudoeste Paulista,2022-08-19,14,3,Médio,37730.6100,61798.5900,21,Ativo
345,Empresa Automotiva 0345 Ltda,Auto Negócios 0345,99000000000345,Centro Automotivo,Oficina e serviços,Sorocaba,SP,Sudoeste Paulista,2023-03-12,11,3,Micro,3500.0000,7000.9200,30,Ativo
346,Empresa Automotiva 0346 Ltda,Auto Negócios 0346,99000000000346,Centro Automotivo,Revenda,São José do Rio Preto,SP,Noroeste Paulista,2021-10-02,16,4,Pequeno,20431.2300,20522.5600,30,Ativo
347,Empresa Automotiva 0347 Ltda,Auto Negócios 0347,99000000000347,Oficina Mecânica,Revenda,Ribeirão Preto,SP,Nordeste Paulista,2021-08-22,10,2,Pequeno,23291.5900,19476.0600,30,Ativo
348,Empresa Automotiva 0348 Ltda,Auto Negócios 0348,99000000000348,Centro Automotivo,Oficina e serviços,São José do Rio Preto,SP,Noroeste Paulista,2022-09-03,19,4,Pequeno,25692.1200,31150.2500,0,Ativo
349,Empresa Automotiva 0349 Ltda,Auto Negócios 0349,99000000000349,Oficina Mecânica,Oficina e serviços,Sorocaba,SP,Sudoeste Paulista,2024-03-09,11,3,Micro,3500.0000,4876.7900,28,Ativo
350,Empresa Automotiva 0350 Ltda,Auto Negócios 0350,99000000000350,Autoelétrica,Oficina e serviços,São José do Rio Preto,SP,Noroeste Paulista,2021-01-08,18,4,Pequeno,34331.1500,60467.9100,21,Ativo
351,Empresa Automotiva 0351 Ltda,Auto Negócios 0351,99000000000351,Autoelétrica,Revenda,São José do Rio Preto,SP,Noroeste Paulista,2025-01-23,18,4,Micro,10911.4500,17774.4200,28,Ativo
352,Empresa Automotiva 0352 Ltda,Auto Negócios 0352,99000000000352,Centro Automotivo,Oficina e serviços,Campinas,SP,Metropolitana de Campinas,2024-05-02,3,1,Pequeno,12171.5200,23368.8800,30,Ativo
353,Empresa Automotiva 0353 Ltda,Auto Negócios 0353,99000000000353,Autopeças,Frota e corporativo,Ribeirão Preto,SP,Nordeste Paulista,2023-12-16,9,2,Micro,4389.5800,9045.7700,21,Ativo
354,Empresa Automotiva 0354 Ltda,Auto Negócios 0354,99000000000354,Oficina Mecânica,Revenda,Campinas,SP,Metropolitana de Campinas,2021-10-18,2,1,Médio,72858.7200,96365.2100,0,Ativo
355,Empresa Automotiva 0355 Ltda,Auto Negócios 0355,99000000000355,Oficina Mecânica,Oficina e serviços,Campinas,SP,Metropolitana de Campinas,2024-04-11,2,1,Pequeno,33017.2700,61664.7500,0,Ativo
356,Empresa Automotiva 0356 Ltda,Auto Negócios 0356,99000000000356,Frotista,Oficina e serviços,Ribeirão Preto,SP,Nordeste Paulista,2023-04-05,7,2,Pequeno,12125.1100,15680.8900,30,Ativo
357,Empresa Automotiva 0357 Ltda,Auto Negócios 0357,99000000000357,Revendedor,Revenda,Campinas,SP,Metropolitana de Campinas,2023-05-27,4,1,Micro,6608.1100,13208.5400,30,Ativo
358,Empresa Automotiva 0358 Ltda,Auto Negócios 0358,99000000000358,Autoelétrica,Revenda,Sorocaba,SP,Sudoeste Paulista,2021-06-30,13,3,Pequeno,23459.9900,39454.2100,45,Ativo
359,Empresa Automotiva 0359 Ltda,Auto Negócios 0359,99000000000359,Autoelétrica,Revenda,Campinas,SP,Metropolitana de Campinas,2021-08-16,5,1,Micro,10784.2600,15417.5700,21,Ativo
360,Empresa Automotiva 0360 Ltda,Auto Negócios 0360,99000000000360,Frotista,Oficina e serviços,Ribeirão Preto,SP,Nordeste Paulista,2023-02-24,9,2,Micro,10239.7400,18792.9200,28,Ativo
361,Empresa Automotiva 0361 Ltda,Auto Negócios 0361,99000000000361,Autopeças,Revenda,Ribeirão Preto,SP,Nordeste Paulista,2022-12-06,10,2,Pequeno,15660.3900,24422.6000,45,Ativo
362,Empresa Automotiva 0362 Ltda,Auto Negócios 0362,99000000000362,Revendedor,Oficina e serviços,Campinas,SP,Metropolitana de Campinas,2022-01-25,5,1,Pequeno,29095.8100,43649.8100,30,Ativo
363,Empresa Automotiva 0363 Ltda,Auto Negócios 0363,99000000000363,Frotista,Revenda,Ribeirão Preto,SP,Nordeste Paulista,2022-11-01,6,2,Pequeno,16735.7400,17543.3400,30,Ativo
364,Empresa Automotiva 0364 Ltda,Auto Negócios 0364,99000000000364,Oficina Mecânica,Frota e corporativo,Sorocaba,SP,Sudoeste Paulista,2022-10-23,15,3,Pequeno,18356.8900,38258.2400,30,Inativo
365,Empresa Automotiva 0365 Ltda,Auto Negócios 0365,99000000000365,Autoelétrica,Revenda,Ribeirão Preto,SP,Nordeste Paulista,2022-02-14,10,2,Micro,9235.0000,19072.1900,30,Ativo
366,Empresa Automotiva 0366 Ltda,Auto Negócios 0366,99000000000366,Autopeças,Revenda,Campinas,SP,Metropolitana de Campinas,2025-08-12,2,1,Médio,36639.1700,55067.0400,60,Ativo
367,Empresa Automotiva 0367 Ltda,Auto Negócios 0367,99000000000367,Centro Automotivo,Revenda,São José do Rio Preto,SP,Noroeste Paulista,2021-10-14,16,4,Médio,41754.3200,50222.1800,28,Ativo
368,Empresa Automotiva 0368 Ltda,Auto Negócios 0368,99000000000368,Frotista,Oficina e serviços,Campinas,SP,Metropolitana de Campinas,2023-03-22,2,1,Micro,8794.5500,8842.8500,21,Ativo
369,Empresa Automotiva 0369 Ltda,Auto Negócios 0369,99000000000369,Varejo,Oficina e serviços,Sorocaba,SP,Sudoeste Paulista,2023-04-04,12,3,Pequeno,21626.6100,34797.7400,60,Ativo
370,Empresa Automotiva 0370 Ltda,Auto Negócios 0370,99000000000370,Revendedor,Frota e corporativo,Ribeirão Preto,SP,Nordeste Paulista,2024-03-05,9,2,Micro,9306.2900,16381.2700,30,Ativo
371,Empresa Automotiva 0371 Ltda,Auto Negócios 0371,99000000000371,Centro Automotivo,Revenda,Ribeirão Preto,SP,Nordeste Paulista,2024-07-28,7,2,Micro,10255.9800,18068.1600,28,Ativo
372,Empresa Automotiva 0372 Ltda,Auto Negócios 0372,99000000000372,Frotista,Revenda,São José do Rio Preto,SP,Noroeste Paulista,2022-05-12,19,4,Micro,5235.9300,8294.9300,0,Inativo
373,Empresa Automotiva 0373 Ltda,Auto Negócios 0373,99000000000373,Revendedor,Oficina e serviços,Campinas,SP,Metropolitana de Campinas,2022-06-09,1,1,Micro,5178.6900,11372.3700,28,Ativo
374,Empresa Automotiva 0374 Ltda,Auto Negócios 0374,99000000000374,Frotista,Oficina e serviços,Campinas,SP,Metropolitana de Campinas,2025-08-27,5,1,Micro,10913.5800,15775.1800,30,Ativo
375,Empresa Automotiva 0375 Ltda,Auto Negócios 0375,99000000000375,Autopeças,Oficina e serviços,Campinas,SP,Metropolitana de Campinas,2023-02-10,1,1,Micro,5934.7400,12489.4000,28,Ativo
376,Empresa Automotiva 0376 Ltda,Auto Negócios 0376,99000000000376,Oficina Mecânica,Oficina e serviços,Campinas,SP,Metropolitana de Campinas,2021-11-30,4,1,Pequeno,28254.3900,56131.9200,30,Ativo
377,Empresa Automotiva 0377 Ltda,Auto Negócios 0377,99000000000377,Centro Automotivo,Frota e corporativo,Sorocaba,SP,Sudoeste Paulista,2023-05-17,13,3,Pequeno,22066.6900,25132.8000,28,Ativo
378,Empresa Automotiva 0378 Ltda,Auto Negócios 0378,99000000000378,Frotista,Oficina e serviços,Ribeirão Preto,SP,Nordeste Paulista,2021-02-20,7,2,Pequeno,20732.6300,40086.7500,30,Ativo
379,Empresa Automotiva 0379 Ltda,Auto Negócios 0379,99000000000379,Frotista,Revenda,Ribeirão Preto,SP,Nordeste Paulista,2025-07-07,6,2,Micro,3500.0000,3574.5400,28,Ativo
380,Empresa Automotiva 0380 Ltda,Auto Negócios 0380,99000000000380,Varejo,Revenda,Campinas,SP,Metropolitana de Campinas,2022-05-08,4,1,Micro,7358.4200,7486.1600,30,Ativo
381,Empresa Automotiva 0381 Ltda,Auto Negócios 0381,99000000000381,Varejo,Revenda,Campinas,SP,Metropolitana de Campinas,2022-12-23,3,1,Pequeno,16760.2000,24462.7800,45,Ativo
382,Empresa Automotiva 0382 Ltda,Auto Negócios 0382,99000000000382,Varejo,Oficina e serviços,Campinas,SP,Metropolitana de Campinas,2023-10-21,5,1,Micro,10117.9700,13840.7500,0,Ativo
383,Empresa Automotiva 0383 Ltda,Auto Negócios 0383,99000000000383,Autopeças,Frota e corporativo,São José do Rio Preto,SP,Noroeste Paulista,2024-11-04,19,4,Médio,87359.4100,190821.1600,30,Ativo
384,Empresa Automotiva 0384 Ltda,Auto Negócios 0384,99000000000384,Revendedor,Oficina e serviços,Campinas,SP,Metropolitana de Campinas,2022-10-09,5,1,Pequeno,20347.3700,40348.5000,21,Ativo
385,Empresa Automotiva 0385 Ltda,Auto Negócios 0385,99000000000385,Frotista,Oficina e serviços,São José do Rio Preto,SP,Noroeste Paulista,2024-08-09,19,4,Médio,40216.4000,72149.4700,30,Ativo
386,Empresa Automotiva 0386 Ltda,Auto Negócios 0386,99000000000386,Varejo,Revenda,Sorocaba,SP,Sudoeste Paulista,2022-01-10,14,3,Médio,50052.4200,48094.9800,28,Ativo
387,Empresa Automotiva 0387 Ltda,Auto Negócios 0387,99000000000387,Autopeças,Oficina e serviços,Ribeirão Preto,SP,Nordeste Paulista,2022-09-28,10,2,Micro,8892.8200,9043.8300,0,Ativo
388,Empresa Automotiva 0388 Ltda,Auto Negócios 0388,99000000000388,Autoelétrica,Frota e corporativo,Campinas,SP,Metropolitana de Campinas,2024-05-20,5,1,Micro,8146.4500,16436.1300,45,Ativo
389,Empresa Automotiva 0389 Ltda,Auto Negócios 0389,99000000000389,Autopeças,Revenda,Ribeirão Preto,SP,Nordeste Paulista,2025-09-17,6,2,Médio,86990.7100,185399.4900,30,Ativo
390,Empresa Automotiva 0390 Ltda,Auto Negócios 0390,99000000000390,Revendedor,Frota e corporativo,Ribeirão Preto,SP,Nordeste Paulista,2024-07-30,10,2,Micro,5470.9000,10876.5000,21,Ativo
391,Empresa Automotiva 0391 Ltda,Auto Negócios 0391,99000000000391,Frotista,Oficina e serviços,São José do Rio Preto,SP,Noroeste Paulista,2021-08-13,18,4,Pequeno,20921.0500,41245.6200,30,Ativo
392,Empresa Automotiva 0392 Ltda,Auto Negócios 0392,99000000000392,Frotista,Revenda,São José do Rio Preto,SP,Noroeste Paulista,2021-03-28,16,4,Médio,36609.0700,51711.9800,28,Ativo
393,Empresa Automotiva 0393 Ltda,Auto Negócios 0393,99000000000393,Autoelétrica,Oficina e serviços,São José do Rio Preto,SP,Noroeste Paulista,2024-06-29,20,4,Pequeno,12215.3200,24005.7100,30,Ativo
394,Empresa Automotiva 0394 Ltda,Auto Negócios 0394,99000000000394,Varejo,Oficina e serviços,Campinas,SP,Metropolitana de Campinas,2022-03-02,3,1,Micro,7914.0100,10201.6700,21,Ativo
395,Empresa Automotiva 0395 Ltda,Auto Negócios 0395,99000000000395,Frotista,Oficina e serviços,São José do Rio Preto,SP,Noroeste Paulista,2024-08-31,20,4,Micro,5435.1800,8390.1600,14,Ativo
396,Empresa Automotiva 0396 Ltda,Auto Negócios 0396,99000000000396,Frotista,Oficina e serviços,Ribeirão Preto,SP,Nordeste Paulista,2022-12-21,6,2,Pequeno,34331.7900,61713.0900,30,Ativo
397,Empresa Automotiva 0397 Ltda,Auto Negócios 0397,99000000000397,Autopeças,Revenda,São José do Rio Preto,SP,Noroeste Paulista,2025-07-01,18,4,Grande,145614.4700,206460.2500,0,Ativo
398,Empresa Automotiva 0398 Ltda,Auto Negócios 0398,99000000000398,Frotista,Revenda,São José do Rio Preto,SP,Noroeste Paulista,2025-05-31,19,4,Pequeno,27219.2700,40345.4500,60,Ativo
399,Empresa Automotiva 0399 Ltda,Auto Negócios 0399,99000000000399,Autopeças,Oficina e serviços,Sorocaba,SP,Sudoeste Paulista,2021-07-24,12,3,Pequeno,15563.8200,25629.7000,28,Ativo
400,Empresa Automotiva 0400 Ltda,Auto Negócios 0400,99000000000400,Autoelétrica,Revenda,Campinas,SP,Metropolitana de Campinas,2022-02-25,2,1,Micro,6248.9500,11461.6500,21,Inativo
401,Empresa Automotiva 0401 Ltda,Auto Negócios 0401,99000000000401,Frotista,Revenda,Sorocaba,SP,Sudoeste Paulista,2022-06-29,11,3,Micro,10305.1800,15985.8900,30,Ativo
402,Empresa Automotiva 0402 Ltda,Auto Negócios 0402,99000000000402,Varejo,Oficina e serviços,Campinas,SP,Metropolitana de Campinas,2022-07-22,5,1,Micro,6678.5800,6947.5500,14,Ativo
403,Empresa Automotiva 0403 Ltda,Auto Negócios 0403,99000000000403,Centro Automotivo,Oficina e serviços,Campinas,SP,Metropolitana de Campinas,2023-07-14,3,1,Pequeno,14970.7500,13565.4500,30,Ativo
404,Empresa Automotiva 0404 Ltda,Auto Negócios 0404,99000000000404,Oficina Mecânica,Revenda,São José do Rio Preto,SP,Noroeste Paulista,2025-06-16,20,4,Pequeno,26871.1700,54340.3000,21,Ativo
405,Empresa Automotiva 0405 Ltda,Auto Negócios 0405,99000000000405,Autopeças,Revenda,Sorocaba,SP,Sudoeste Paulista,2021-10-04,11,3,Pequeno,20950.7000,17388.3400,28,Ativo
406,Empresa Automotiva 0406 Ltda,Auto Negócios 0406,99000000000406,Varejo,Oficina e serviços,Sorocaba,SP,Sudoeste Paulista,2025-05-28,12,3,Micro,7068.3300,7078.7200,30,Ativo
407,Empresa Automotiva 0407 Ltda,Auto Negócios 0407,99000000000407,Centro Automotivo,Revenda,Campinas,SP,Metropolitana de Campinas,2025-07-11,2,1,Médio,36599.1500,64484.4200,30,Ativo
408,Empresa Automotiva 0408 Ltda,Auto Negócios 0408,99000000000408,Autopeças,Oficina e serviços,Sorocaba,SP,Sudoeste Paulista,2021-07-03,11,3,Micro,8540.6000,7997.2000,30,Ativo
409,Empresa Automotiva 0409 Ltda,Auto Negócios 0409,99000000000409,Frotista,Revenda,Campinas,SP,Metropolitana de Campinas,2021-11-30,4,1,Micro,3500.0000,4455.9900,28,Ativo
410,Empresa Automotiva 0410 Ltda,Auto Negócios 0410,99000000000410,Frotista,Revenda,Sorocaba,SP,Sudoeste Paulista,2024-02-11,11,3,Médio,44417.4900,44713.8200,30,Ativo
411,Empresa Automotiva 0411 Ltda,Auto Negócios 0411,99000000000411,Revendedor,Revenda,Campinas,SP,Metropolitana de Campinas,2023-12-24,5,1,Médio,36563.5200,74016.5300,30,Ativo
412,Empresa Automotiva 0412 Ltda,Auto Negócios 0412,99000000000412,Autopeças,Oficina e serviços,Sorocaba,SP,Sudoeste Paulista,2025-04-14,14,3,Médio,74440.0500,98727.5100,21,Ativo
413,Empresa Automotiva 0413 Ltda,Auto Negócios 0413,99000000000413,Varejo,Revenda,Campinas,SP,Metropolitana de Campinas,2022-10-12,5,1,Pequeno,13810.1600,11210.3100,30,Ativo
414,Empresa Automotiva 0414 Ltda,Auto Negócios 0414,99000000000414,Frotista,Oficina e serviços,Ribeirão Preto,SP,Nordeste Paulista,2023-06-21,9,2,Médio,44169.8400,47094.0600,30,Ativo
415,Empresa Automotiva 0415 Ltda,Auto Negócios 0415,99000000000415,Frotista,Revenda,Sorocaba,SP,Sudoeste Paulista,2025-04-22,14,3,Pequeno,19982.3300,43221.4700,30,Ativo
416,Empresa Automotiva 0416 Ltda,Auto Negócios 0416,99000000000416,Autopeças,Oficina e serviços,Sorocaba,SP,Sudoeste Paulista,2024-09-28,12,3,Pequeno,13559.2800,24508.1800,28,Ativo
417,Empresa Automotiva 0417 Ltda,Auto Negócios 0417,99000000000417,Frotista,Oficina e serviços,São José do Rio Preto,SP,Noroeste Paulista,2022-07-12,19,4,Médio,41348.9700,65085.0700,30,Ativo
418,Empresa Automotiva 0418 Ltda,Auto Negócios 0418,99000000000418,Frotista,Oficina e serviços,Ribeirão Preto,SP,Nordeste Paulista,2023-05-21,8,2,Micro,8173.2500,16920.0800,21,Ativo
419,Empresa Automotiva 0419 Ltda,Auto Negócios 0419,99000000000419,Varejo,Oficina e serviços,Campinas,SP,Metropolitana de Campinas,2023-08-10,2,1,Micro,6012.1800,11836.8000,21,Ativo
420,Empresa Automotiva 0420 Ltda,Auto Negócios 0420,99000000000420,Revendedor,Oficina e serviços,Campinas,SP,Metropolitana de Campinas,2024-11-24,1,1,Pequeno,19166.4900,37917.7600,28,Ativo
421,Empresa Automotiva 0421 Ltda,Auto Negócios 0421,99000000000421,Frotista,Revenda,Ribeirão Preto,SP,Nordeste Paulista,2021-07-08,7,2,Médio,35716.9000,69081.9500,0,Ativo
422,Empresa Automotiva 0422 Ltda,Auto Negócios 0422,99000000000422,Varejo,Revenda,Ribeirão Preto,SP,Nordeste Paulista,2022-03-03,6,2,Pequeno,19328.8300,40426.3600,21,Ativo
423,Empresa Automotiva 0423 Ltda,Auto Negócios 0423,99000000000423,Centro Automotivo,Frota e corporativo,Ribeirão Preto,SP,Nordeste Paulista,2021-10-26,7,2,Médio,45265.5300,97544.7000,30,Inativo
424,Empresa Automotiva 0424 Ltda,Auto Negócios 0424,99000000000424,Oficina Mecânica,Oficina e serviços,Ribeirão Preto,SP,Nordeste Paulista,2023-10-27,9,2,Médio,41397.0500,52919.2700,14,Ativo
425,Empresa Automotiva 0425 Ltda,Auto Negócios 0425,99000000000425,Revendedor,Revenda,Ribeirão Preto,SP,Nordeste Paulista,2022-10-05,8,2,Pequeno,25743.5900,28723.0900,21,Ativo
426,Empresa Automotiva 0426 Ltda,Auto Negócios 0426,99000000000426,Revendedor,Oficina e serviços,São José do Rio Preto,SP,Noroeste Paulista,2021-06-29,18,4,Pequeno,16845.4000,35293.9100,14,Ativo
427,Empresa Automotiva 0427 Ltda,Auto Negócios 0427,99000000000427,Centro Automotivo,Frota e corporativo,Campinas,SP,Metropolitana de Campinas,2023-05-21,2,1,Micro,11863.5500,17039.5100,30,Ativo
428,Empresa Automotiva 0428 Ltda,Auto Negócios 0428,99000000000428,Oficina Mecânica,Revenda,São José do Rio Preto,SP,Noroeste Paulista,2022-05-17,18,4,Micro,7411.5400,14539.9000,30,Ativo
429,Empresa Automotiva 0429 Ltda,Auto Negócios 0429,99000000000429,Autoelétrica,Frota e corporativo,Ribeirão Preto,SP,Nordeste Paulista,2024-02-23,6,2,Pequeno,18064.2500,24693.2100,45,Ativo
430,Empresa Automotiva 0430 Ltda,Auto Negócios 0430,99000000000430,Varejo,Oficina e serviços,Sorocaba,SP,Sudoeste Paulista,2023-06-10,11,3,Pequeno,28274.8200,34083.5200,14,Ativo
431,Empresa Automotiva 0431 Ltda,Auto Negócios 0431,99000000000431,Frotista,Oficina e serviços,São José do Rio Preto,SP,Noroeste Paulista,2023-08-02,16,4,Pequeno,33007.6400,35146.4300,28,Ativo
432,Empresa Automotiva 0432 Ltda,Auto Negócios 0432,99000000000432,Varejo,Revenda,Ribeirão Preto,SP,Nordeste Paulista,2024-09-30,8,2,Pequeno,13375.5300,14166.5200,28,Ativo
433,Empresa Automotiva 0433 Ltda,Auto Negócios 0433,99000000000433,Varejo,Revenda,Campinas,SP,Metropolitana de Campinas,2022-01-05,2,1,Pequeno,19310.4900,37977.6000,30,Ativo
434,Empresa Automotiva 0434 Ltda,Auto Negócios 0434,99000000000434,Autopeças,Oficina e serviços,Sorocaba,SP,Sudoeste Paulista,2023-04-07,15,3,Médio,42751.8700,40096.5800,28,Ativo
435,Empresa Automotiva 0435 Ltda,Auto Negócios 0435,99000000000435,Autoelétrica,Oficina e serviços,Campinas,SP,Metropolitana de Campinas,2021-03-18,2,1,Micro,6996.5800,6090.0200,30,Ativo
436,Empresa Automotiva 0436 Ltda,Auto Negócios 0436,99000000000436,Oficina Mecânica,Oficina e serviços,Campinas,SP,Metropolitana de Campinas,2022-08-22,1,1,Pequeno,21098.6800,26200.0300,45,Inativo
437,Empresa Automotiva 0437 Ltda,Auto Negócios 0437,99000000000437,Autopeças,Frota e corporativo,Campinas,SP,Metropolitana de Campinas,2023-05-05,4,1,Pequeno,16224.9400,22070.7700,28,Ativo
438,Empresa Automotiva 0438 Ltda,Auto Negócios 0438,99000000000438,Autopeças,Frota e corporativo,Campinas,SP,Metropolitana de Campinas,2022-06-26,5,1,Micro,9491.5100,8873.5000,14,Ativo
439,Empresa Automotiva 0439 Ltda,Auto Negócios 0439,99000000000439,Autopeças,Revenda,São José do Rio Preto,SP,Noroeste Paulista,2021-11-04,18,4,Pequeno,19611.0900,35433.9600,30,Inativo
440,Empresa Automotiva 0440 Ltda,Auto Negócios 0440,99000000000440,Centro Automotivo,Oficina e serviços,Sorocaba,SP,Sudoeste Paulista,2023-01-25,14,3,Pequeno,13346.9900,17943.0800,30,Ativo
441,Empresa Automotiva 0441 Ltda,Auto Negócios 0441,99000000000441,Varejo,Revenda,Sorocaba,SP,Sudoeste Paulista,2022-01-15,15,3,Pequeno,21544.0400,23142.5500,21,Ativo
442,Empresa Automotiva 0442 Ltda,Auto Negócios 0442,99000000000442,Autoelétrica,Oficina e serviços,Campinas,SP,Metropolitana de Campinas,2023-07-25,3,1,Micro,4221.7200,4801.9600,28,Ativo
443,Empresa Automotiva 0443 Ltda,Auto Negócios 0443,99000000000443,Varejo,Revenda,Campinas,SP,Metropolitana de Campinas,2023-11-07,4,1,Pequeno,15258.9900,17171.5200,21,Ativo
444,Empresa Automotiva 0444 Ltda,Auto Negócios 0444,99000000000444,Centro Automotivo,Revenda,Sorocaba,SP,Sudoeste Paulista,2024-08-07,11,3,Médio,41366.5400,45445.9700,14,Ativo
445,Empresa Automotiva 0445 Ltda,Auto Negócios 0445,99000000000445,Revendedor,Revenda,Sorocaba,SP,Sudoeste Paulista,2024-08-29,13,3,Médio,79821.1900,123912.9200,14,Ativo
446,Empresa Automotiva 0446 Ltda,Auto Negócios 0446,99000000000446,Oficina Mecânica,Revenda,Campinas,SP,Metropolitana de Campinas,2022-03-29,4,1,Pequeno,13899.7400,26596.0900,45,Ativo
447,Empresa Automotiva 0447 Ltda,Auto Negócios 0447,99000000000447,Autoelétrica,Revenda,Sorocaba,SP,Sudoeste Paulista,2022-10-21,13,3,Micro,6208.8800,10343.2400,28,Inativo
448,Empresa Automotiva 0448 Ltda,Auto Negócios 0448,99000000000448,Oficina Mecânica,Oficina e serviços,Campinas,SP,Metropolitana de Campinas,2024-03-17,3,1,Micro,4288.4600,7906.2000,0,Ativo
449,Empresa Automotiva 0449 Ltda,Auto Negócios 0449,99000000000449,Revendedor,Oficina e serviços,Campinas,SP,Metropolitana de Campinas,2022-10-09,1,1,Pequeno,12708.3300,13352.7700,30,Inativo
450,Empresa Automotiva 0450 Ltda,Auto Negócios 0450,99000000000450,Revendedor,Revenda,Campinas,SP,Metropolitana de Campinas,2024-07-21,4,1,Médio,54205.5600,74548.9500,28,Ativo
451,Empresa Automotiva 0451 Ltda,Auto Negócios 0451,99000000000451,Frotista,Revenda,Ribeirão Preto,SP,Nordeste Paulista,2025-03-15,10,2,Pequeno,29211.6200,48153.8400,30,Ativo
452,Empresa Automotiva 0452 Ltda,Auto Negócios 0452,99000000000452,Autoelétrica,Frota e corporativo,Campinas,SP,Metropolitana de Campinas,2022-05-25,5,1,Micro,5469.3900,9002.3700,30,Ativo
453,Empresa Automotiva 0453 Ltda,Auto Negócios 0453,99000000000453,Revendedor,Frota e corporativo,São José do Rio Preto,SP,Noroeste Paulista,2022-02-13,18,4,Micro,5357.1300,10277.5000,45,Ativo
454,Empresa Automotiva 0454 Ltda,Auto Negócios 0454,99000000000454,Oficina Mecânica,Oficina e serviços,São José do Rio Preto,SP,Noroeste Paulista,2022-09-12,19,4,Pequeno,28448.9800,45932.9500,30,Ativo
455,Empresa Automotiva 0455 Ltda,Auto Negócios 0455,99000000000455,Autopeças,Oficina e serviços,Ribeirão Preto,SP,Nordeste Paulista,2022-07-04,8,2,Pequeno,13405.6500,11264.5400,30,Ativo
456,Empresa Automotiva 0456 Ltda,Auto Negócios 0456,99000000000456,Centro Automotivo,Oficina e serviços,Campinas,SP,Metropolitana de Campinas,2024-11-27,4,1,Micro,4086.2600,7104.0600,30,Ativo
457,Empresa Automotiva 0457 Ltda,Auto Negócios 0457,99000000000457,Frotista,Oficina e serviços,Campinas,SP,Metropolitana de Campinas,2021-10-06,2,1,Micro,10982.1100,20662.9800,60,Inativo
458,Empresa Automotiva 0458 Ltda,Auto Negócios 0458,99000000000458,Centro Automotivo,Revenda,São José do Rio Preto,SP,Noroeste Paulista,2024-01-04,16,4,Pequeno,30350.3400,31423.6300,28,Inativo
459,Empresa Automotiva 0459 Ltda,Auto Negócios 0459,99000000000459,Frotista,Revenda,Sorocaba,SP,Sudoeste Paulista,2021-07-13,14,3,Pequeno,13166.3600,14100.2000,30,Ativo
460,Empresa Automotiva 0460 Ltda,Auto Negócios 0460,99000000000460,Revendedor,Oficina e serviços,Campinas,SP,Metropolitana de Campinas,2021-01-29,3,1,Pequeno,21788.2500,46325.9600,28,Ativo
461,Empresa Automotiva 0461 Ltda,Auto Negócios 0461,99000000000461,Oficina Mecânica,Oficina e serviços,Campinas,SP,Metropolitana de Campinas,2023-03-16,3,1,Pequeno,14388.8600,18930.7500,60,Ativo
462,Empresa Automotiva 0462 Ltda,Auto Negócios 0462,99000000000462,Revendedor,Revenda,Campinas,SP,Metropolitana de Campinas,2021-06-13,5,1,Micro,3500.0000,4639.6500,0,Inativo
463,Empresa Automotiva 0463 Ltda,Auto Negócios 0463,99000000000463,Frotista,Revenda,Campinas,SP,Metropolitana de Campinas,2024-07-05,1,1,Micro,7214.3800,11503.5400,14,Ativo
464,Empresa Automotiva 0464 Ltda,Auto Negócios 0464,99000000000464,Varejo,Revenda,Sorocaba,SP,Sudoeste Paulista,2023-01-20,15,3,Micro,7420.2600,9262.8700,45,Ativo
465,Empresa Automotiva 0465 Ltda,Auto Negócios 0465,99000000000465,Centro Automotivo,Oficina e serviços,Ribeirão Preto,SP,Nordeste Paulista,2025-08-27,7,2,Micro,6898.0900,7132.9600,14,Ativo
466,Empresa Automotiva 0466 Ltda,Auto Negócios 0466,99000000000466,Oficina Mecânica,Oficina e serviços,Sorocaba,SP,Sudoeste Paulista,2023-07-28,12,3,Micro,7811.2500,9467.9200,30,Inativo
467,Empresa Automotiva 0467 Ltda,Auto Negócios 0467,99000000000467,Oficina Mecânica,Revenda,São José do Rio Preto,SP,Noroeste Paulista,2021-11-18,16,4,Pequeno,19748.4400,22215.9800,14,Ativo
468,Empresa Automotiva 0468 Ltda,Auto Negócios 0468,99000000000468,Autopeças,Oficina e serviços,Ribeirão Preto,SP,Nordeste Paulista,2023-03-10,10,2,Micro,9647.6900,18255.9100,30,Ativo
469,Empresa Automotiva 0469 Ltda,Auto Negócios 0469,99000000000469,Frotista,Oficina e serviços,Sorocaba,SP,Sudoeste Paulista,2024-07-28,14,3,Pequeno,16203.6200,31394.2500,30,Ativo
470,Empresa Automotiva 0470 Ltda,Auto Negócios 0470,99000000000470,Centro Automotivo,Oficina e serviços,Campinas,SP,Metropolitana de Campinas,2022-12-04,3,1,Pequeno,15737.2300,18629.8000,0,Inativo
471,Empresa Automotiva 0471 Ltda,Auto Negócios 0471,99000000000471,Autoelétrica,Frota e corporativo,São José do Rio Preto,SP,Noroeste Paulista,2023-05-05,16,4,Micro,3925.0500,7396.1300,14,Ativo
472,Empresa Automotiva 0472 Ltda,Auto Negócios 0472,99000000000472,Revendedor,Frota e corporativo,Campinas,SP,Metropolitana de Campinas,2021-04-11,4,1,Pequeno,16608.0800,31330.1200,21,Ativo
473,Empresa Automotiva 0473 Ltda,Auto Negócios 0473,99000000000473,Revendedor,Oficina e serviços,Sorocaba,SP,Sudoeste Paulista,2021-06-07,11,3,Micro,9864.2000,17880.2600,28,Ativo
474,Empresa Automotiva 0474 Ltda,Auto Negócios 0474,99000000000474,Autopeças,Revenda,Sorocaba,SP,Sudoeste Paulista,2022-10-18,12,3,Micro,9194.8100,19596.7200,30,Ativo
475,Empresa Automotiva 0475 Ltda,Auto Negócios 0475,99000000000475,Centro Automotivo,Oficina e serviços,São José do Rio Preto,SP,Noroeste Paulista,2023-09-30,17,4,Micro,8230.7600,12853.7600,60,Ativo
476,Empresa Automotiva 0476 Ltda,Auto Negócios 0476,99000000000476,Oficina Mecânica,Oficina e serviços,São José do Rio Preto,SP,Noroeste Paulista,2022-07-21,16,4,Micro,11487.8100,10510.9800,45,Ativo
477,Empresa Automotiva 0477 Ltda,Auto Negócios 0477,99000000000477,Varejo,Oficina e serviços,Sorocaba,SP,Sudoeste Paulista,2024-08-23,15,3,Pequeno,19031.6600,17113.5300,21,Ativo
478,Empresa Automotiva 0478 Ltda,Auto Negócios 0478,99000000000478,Frotista,Oficina e serviços,Campinas,SP,Metropolitana de Campinas,2025-08-21,3,1,Pequeno,14413.2800,12679.0000,30,Inativo
479,Empresa Automotiva 0479 Ltda,Auto Negócios 0479,99000000000479,Centro Automotivo,Oficina e serviços,Campinas,SP,Metropolitana de Campinas,2025-11-01,2,1,Médio,45362.4500,61741.4700,28,Ativo
480,Empresa Automotiva 0480 Ltda,Auto Negócios 0480,99000000000480,Oficina Mecânica,Revenda,Campinas,SP,Metropolitana de Campinas,2025-04-25,2,1,Pequeno,19131.9600,23702.9600,28,Ativo
481,Empresa Automotiva 0481 Ltda,Auto Negócios 0481,99000000000481,Autoelétrica,Oficina e serviços,Campinas,SP,Metropolitana de Campinas,2021-06-18,2,1,Micro,8837.5500,10425.3100,30,Ativo
482,Empresa Automotiva 0482 Ltda,Auto Negócios 0482,99000000000482,Oficina Mecânica,Revenda,Campinas,SP,Metropolitana de Campinas,2023-08-23,4,1,Micro,11572.5500,24911.6600,14,Ativo
483,Empresa Automotiva 0483 Ltda,Auto Negócios 0483,99000000000483,Centro Automotivo,Oficina e serviços,Ribeirão Preto,SP,Nordeste Paulista,2022-09-25,7,2,Micro,8480.2800,14073.7500,30,Ativo
484,Empresa Automotiva 0484 Ltda,Auto Negócios 0484,99000000000484,Oficina Mecânica,Oficina e serviços,Sorocaba,SP,Sudoeste Paulista,2025-06-16,11,3,Pequeno,21165.7700,35869.4100,30,Ativo
485,Empresa Automotiva 0485 Ltda,Auto Negócios 0485,99000000000485,Autoelétrica,Oficina e serviços,São José do Rio Preto,SP,Noroeste Paulista,2021-09-24,18,4,Médio,38042.1300,70415.9000,30,Ativo
486,Empresa Automotiva 0486 Ltda,Auto Negócios 0486,99000000000486,Varejo,Revenda,Campinas,SP,Metropolitana de Campinas,2024-07-24,2,1,Pequeno,15813.1200,29466.8100,21,Ativo
487,Empresa Automotiva 0487 Ltda,Auto Negócios 0487,99000000000487,Varejo,Revenda,São José do Rio Preto,SP,Noroeste Paulista,2025-09-16,18,4,Pequeno,12111.9000,13845.3400,30,Ativo
488,Empresa Automotiva 0488 Ltda,Auto Negócios 0488,99000000000488,Autopeças,Revenda,Campinas,SP,Metropolitana de Campinas,2025-08-02,4,1,Médio,72650.3200,81064.7700,30,Ativo
489,Empresa Automotiva 0489 Ltda,Auto Negócios 0489,99000000000489,Revendedor,Oficina e serviços,Ribeirão Preto,SP,Nordeste Paulista,2021-07-13,7,2,Pequeno,18724.0900,15503.3800,0,Ativo
490,Empresa Automotiva 0490 Ltda,Auto Negócios 0490,99000000000490,Oficina Mecânica,Revenda,São José do Rio Preto,SP,Noroeste Paulista,2021-09-10,16,4,Pequeno,24193.2200,52985.5500,30,Ativo
491,Empresa Automotiva 0491 Ltda,Auto Negócios 0491,99000000000491,Oficina Mecânica,Oficina e serviços,Sorocaba,SP,Sudoeste Paulista,2022-10-29,14,3,Pequeno,19074.7900,33471.0300,28,Ativo
492,Empresa Automotiva 0492 Ltda,Auto Negócios 0492,99000000000492,Frotista,Revenda,Campinas,SP,Metropolitana de Campinas,2024-07-01,3,1,Pequeno,20087.6600,36387.4600,45,Ativo
493,Empresa Automotiva 0493 Ltda,Auto Negócios 0493,99000000000493,Oficina Mecânica,Oficina e serviços,São José do Rio Preto,SP,Noroeste Paulista,2021-08-06,17,4,Pequeno,13524.8300,13944.1200,30,Ativo
494,Empresa Automotiva 0494 Ltda,Auto Negócios 0494,99000000000494,Revendedor,Frota e corporativo,São José do Rio Preto,SP,Noroeste Paulista,2025-11-28,20,4,Micro,5063.0600,10526.7400,21,Ativo
495,Empresa Automotiva 0495 Ltda,Auto Negócios 0495,99000000000495,Frotista,Oficina e serviços,Ribeirão Preto,SP,Nordeste Paulista,2024-01-18,9,2,Micro,6805.0900,7785.8800,30,Inativo
496,Empresa Automotiva 0496 Ltda,Auto Negócios 0496,99000000000496,Frotista,Oficina e serviços,Campinas,SP,Metropolitana de Campinas,2023-04-25,2,1,Micro,4347.7200,6005.1300,45,Ativo
497,Empresa Automotiva 0497 Ltda,Auto Negócios 0497,99000000000497,Oficina Mecânica,Revenda,Campinas,SP,Metropolitana de Campinas,2025-11-28,1,1,Micro,7057.0200,5876.6900,14,Ativo
498,Empresa Automotiva 0498 Ltda,Auto Negócios 0498,99000000000498,Autoelétrica,Oficina e serviços,Sorocaba,SP,Sudoeste Paulista,2024-01-12,12,3,Pequeno,14391.1000,17404.8800,30,Ativo
499,Empresa Automotiva 0499 Ltda,Auto Negócios 0499,99000000000499,Autopeças,Oficina e serviços,Campinas,SP,Metropolitana de Campinas,2025-08-26,5,1,Micro,4666.0100,4386.6700,28,Ativo
500,Empresa Automotiva 0500 Ltda,Auto Negócios 0500,99000000000500,Varejo,Revenda,Ribeirão Preto,SP,Nordeste Paulista,2022-04-20,6,2,Pequeno,33106.4400,48962.5000,30,Inativo
501,Empresa Automotiva 0501 Ltda,Auto Negócios 0501,99000000000501,Revendedor,Oficina e serviços,Ribeirão Preto,SP,Nordeste Paulista,2024-08-17,7,2,Micro,10195.8100,17525.2700,28,Ativo
502,Empresa Automotiva 0502 Ltda,Auto Negócios 0502,99000000000502,Oficina Mecânica,Revenda,Ribeirão Preto,SP,Nordeste Paulista,2024-04-16,8,2,Médio,95294.7700,182228.6400,45,Ativo
503,Empresa Automotiva 0503 Ltda,Auto Negócios 0503,99000000000503,Revendedor,Frota e corporativo,Ribeirão Preto,SP,Nordeste Paulista,2021-02-25,9,2,Micro,7311.5600,9932.4900,30,Ativo
504,Empresa Automotiva 0504 Ltda,Auto Negócios 0504,99000000000504,Centro Automotivo,Revenda,Campinas,SP,Metropolitana de Campinas,2021-01-30,1,1,Pequeno,14752.2000,24665.7000,30,Ativo
505,Empresa Automotiva 0505 Ltda,Auto Negócios 0505,99000000000505,Autoelétrica,Oficina e serviços,São José do Rio Preto,SP,Noroeste Paulista,2021-11-07,18,4,Micro,6637.1000,10696.9000,21,Ativo
506,Empresa Automotiva 0506 Ltda,Auto Negócios 0506,99000000000506,Autoelétrica,Oficina e serviços,Sorocaba,SP,Sudoeste Paulista,2023-09-02,12,3,Micro,6450.1500,11824.7300,0,Ativo
507,Empresa Automotiva 0507 Ltda,Auto Negócios 0507,99000000000507,Frotista,Revenda,São José do Rio Preto,SP,Noroeste Paulista,2021-05-27,20,4,Micro,9867.5700,14490.4100,30,Ativo
508,Empresa Automotiva 0508 Ltda,Auto Negócios 0508,99000000000508,Centro Automotivo,Revenda,Ribeirão Preto,SP,Nordeste Paulista,2021-02-11,9,2,Micro,5173.2900,7349.0100,21,Ativo
509,Empresa Automotiva 0509 Ltda,Auto Negócios 0509,99000000000509,Varejo,Revenda,Campinas,SP,Metropolitana de Campinas,2023-06-16,4,1,Pequeno,16951.1500,33219.7800,21,Ativo
510,Empresa Automotiva 0510 Ltda,Auto Negócios 0510,99000000000510,Autoelétrica,Oficina e serviços,São José do Rio Preto,SP,Noroeste Paulista,2021-09-22,17,4,Pequeno,17102.9500,33689.1000,21,Inativo
511,Empresa Automotiva 0511 Ltda,Auto Negócios 0511,99000000000511,Centro Automotivo,Oficina e serviços,Campinas,SP,Metropolitana de Campinas,2025-02-16,4,1,Micro,10229.8900,22271.3100,14,Ativo
512,Empresa Automotiva 0512 Ltda,Auto Negócios 0512,99000000000512,Autoelétrica,Oficina e serviços,Ribeirão Preto,SP,Nordeste Paulista,2023-05-18,7,2,Grande,135886.7000,285450.4000,30,Ativo
513,Empresa Automotiva 0513 Ltda,Auto Negócios 0513,99000000000513,Frotista,Revenda,Campinas,SP,Metropolitana de Campinas,2022-11-16,5,1,Micro,7153.7000,15379.1600,30,Ativo
514,Empresa Automotiva 0514 Ltda,Auto Negócios 0514,99000000000514,Centro Automotivo,Oficina e serviços,Campinas,SP,Metropolitana de Campinas,2021-09-02,1,1,Pequeno,15038.7100,24262.2000,21,Ativo
515,Empresa Automotiva 0515 Ltda,Auto Negócios 0515,99000000000515,Varejo,Revenda,Ribeirão Preto,SP,Nordeste Paulista,2022-06-02,7,2,Médio,76385.8900,91265.9000,30,Ativo
516,Empresa Automotiva 0516 Ltda,Auto Negócios 0516,99000000000516,Varejo,Revenda,Campinas,SP,Metropolitana de Campinas,2022-06-12,3,1,Pequeno,14299.9400,18127.9500,30,Ativo
517,Empresa Automotiva 0517 Ltda,Auto Negócios 0517,99000000000517,Frotista,Revenda,Campinas,SP,Metropolitana de Campinas,2021-05-31,4,1,Micro,5658.5100,9774.5600,30,Ativo
518,Empresa Automotiva 0518 Ltda,Auto Negócios 0518,99000000000518,Autoelétrica,Oficina e serviços,Campinas,SP,Metropolitana de Campinas,2021-05-08,3,1,Pequeno,13063.0800,23034.8200,14,Ativo
519,Empresa Automotiva 0519 Ltda,Auto Negócios 0519,99000000000519,Autoelétrica,Revenda,Ribeirão Preto,SP,Nordeste Paulista,2025-08-02,6,2,Pequeno,19812.3800,21151.6500,45,Ativo
520,Empresa Automotiva 0520 Ltda,Auto Negócios 0520,99000000000520,Autoelétrica,Revenda,Campinas,SP,Metropolitana de Campinas,2021-04-01,3,1,Pequeno,18422.3200,22601.3300,30,Ativo
521,Empresa Automotiva 0521 Ltda,Auto Negócios 0521,99000000000521,Varejo,Revenda,Campinas,SP,Metropolitana de Campinas,2021-11-17,4,1,Médio,35487.7500,77894.6600,30,Ativo
522,Empresa Automotiva 0522 Ltda,Auto Negócios 0522,99000000000522,Oficina Mecânica,Oficina e serviços,Ribeirão Preto,SP,Nordeste Paulista,2021-07-24,10,2,Pequeno,24953.8600,26097.1600,30,Ativo
523,Empresa Automotiva 0523 Ltda,Auto Negócios 0523,99000000000523,Autoelétrica,Revenda,São José do Rio Preto,SP,Noroeste Paulista,2024-04-04,19,4,Pequeno,16536.0300,23431.5000,21,Ativo
524,Empresa Automotiva 0524 Ltda,Auto Negócios 0524,99000000000524,Frotista,Revenda,Campinas,SP,Metropolitana de Campinas,2023-01-11,3,1,Médio,35972.7600,51573.1600,45,Ativo
525,Empresa Automotiva 0525 Ltda,Auto Negócios 0525,99000000000525,Autoelétrica,Revenda,Campinas,SP,Metropolitana de Campinas,2025-06-19,1,1,Pequeno,20539.8000,28182.9100,21,Ativo
526,Empresa Automotiva 0526 Ltda,Auto Negócios 0526,99000000000526,Frotista,Oficina e serviços,Ribeirão Preto,SP,Nordeste Paulista,2025-09-20,9,2,Micro,3686.1000,6817.7300,30,Ativo
527,Empresa Automotiva 0527 Ltda,Auto Negócios 0527,99000000000527,Varejo,Revenda,Ribeirão Preto,SP,Nordeste Paulista,2025-01-03,8,2,Pequeno,19233.9900,40219.2300,30,Inativo
528,Empresa Automotiva 0528 Ltda,Auto Negócios 0528,99000000000528,Revendedor,Oficina e serviços,Ribeirão Preto,SP,Nordeste Paulista,2022-09-27,7,2,Pequeno,19174.4900,42155.2000,30,Ativo
529,Empresa Automotiva 0529 Ltda,Auto Negócios 0529,99000000000529,Autopeças,Oficina e serviços,Sorocaba,SP,Sudoeste Paulista,2025-01-07,14,3,Micro,4945.2900,5262.9600,28,Ativo
530,Empresa Automotiva 0530 Ltda,Auto Negócios 0530,99000000000530,Frotista,Oficina e serviços,Ribeirão Preto,SP,Nordeste Paulista,2023-03-26,7,2,Micro,11186.4500,17732.0100,30,Ativo
531,Empresa Automotiva 0531 Ltda,Auto Negócios 0531,99000000000531,Varejo,Oficina e serviços,Ribeirão Preto,SP,Nordeste Paulista,2023-09-12,10,2,Micro,3500.0000,6271.8000,28,Inativo
532,Empresa Automotiva 0532 Ltda,Auto Negócios 0532,99000000000532,Autoelétrica,Oficina e serviços,Campinas,SP,Metropolitana de Campinas,2024-10-28,3,1,Micro,8114.4800,8788.7000,28,Ativo
533,Empresa Automotiva 0533 Ltda,Auto Negócios 0533,99000000000533,Frotista,Oficina e serviços,Campinas,SP,Metropolitana de Campinas,2023-09-30,1,1,Micro,9954.2200,14054.0700,21,Ativo
534,Empresa Automotiva 0534 Ltda,Auto Negócios 0534,99000000000534,Revendedor,Oficina e serviços,Sorocaba,SP,Sudoeste Paulista,2024-09-21,11,3,Micro,8413.9400,14149.6500,30,Ativo
535,Empresa Automotiva 0535 Ltda,Auto Negócios 0535,99000000000535,Varejo,Oficina e serviços,Sorocaba,SP,Sudoeste Paulista,2022-11-19,13,3,Micro,5554.3000,12067.9800,45,Ativo
536,Empresa Automotiva 0536 Ltda,Auto Negócios 0536,99000000000536,Revendedor,Revenda,Ribeirão Preto,SP,Nordeste Paulista,2023-07-22,10,2,Pequeno,20339.9100,31414.4300,30,Ativo
537,Empresa Automotiva 0537 Ltda,Auto Negócios 0537,99000000000537,Autoelétrica,Oficina e serviços,Campinas,SP,Metropolitana de Campinas,2022-12-30,2,1,Micro,11267.9600,20049.8900,30,Ativo
538,Empresa Automotiva 0538 Ltda,Auto Negócios 0538,99000000000538,Frotista,Oficina e serviços,Ribeirão Preto,SP,Nordeste Paulista,2023-12-12,8,2,Micro,4732.9400,6970.1300,14,Ativo
539,Empresa Automotiva 0539 Ltda,Auto Negócios 0539,99000000000539,Frotista,Frota e corporativo,Ribeirão Preto,SP,Nordeste Paulista,2024-01-19,8,2,Pequeno,19289.1100,24243.7200,21,Ativo
540,Empresa Automotiva 0540 Ltda,Auto Negócios 0540,99000000000540,Frotista,Revenda,Campinas,SP,Metropolitana de Campinas,2025-07-04,3,1,Pequeno,24577.2900,33282.8700,60,Ativo
541,Empresa Automotiva 0541 Ltda,Auto Negócios 0541,99000000000541,Autopeças,Revenda,Ribeirão Preto,SP,Nordeste Paulista,2025-11-18,7,2,Pequeno,14576.7600,13436.1500,30,Ativo
542,Empresa Automotiva 0542 Ltda,Auto Negócios 0542,99000000000542,Varejo,Oficina e serviços,Campinas,SP,Metropolitana de Campinas,2021-04-30,3,1,Pequeno,16490.9600,20429.6500,30,Inativo
543,Empresa Automotiva 0543 Ltda,Auto Negócios 0543,99000000000543,Varejo,Oficina e serviços,Ribeirão Preto,SP,Nordeste Paulista,2025-02-28,6,2,Médio,36152.6300,44380.9000,28,Ativo
544,Empresa Automotiva 0544 Ltda,Auto Negócios 0544,99000000000544,Frotista,Frota e corporativo,Ribeirão Preto,SP,Nordeste Paulista,2023-08-15,10,2,Pequeno,26212.0100,27970.3800,21,Inativo
545,Empresa Automotiva 0545 Ltda,Auto Negócios 0545,99000000000545,Centro Automotivo,Oficina e serviços,Sorocaba,SP,Sudoeste Paulista,2024-12-01,14,3,Pequeno,30470.5500,53682.4800,14,Ativo
546,Empresa Automotiva 0546 Ltda,Auto Negócios 0546,99000000000546,Frotista,Oficina e serviços,Ribeirão Preto,SP,Nordeste Paulista,2023-03-25,9,2,Pequeno,13919.8400,22932.1300,30,Ativo
547,Empresa Automotiva 0547 Ltda,Auto Negócios 0547,99000000000547,Autoelétrica,Revenda,Campinas,SP,Metropolitana de Campinas,2024-09-04,1,1,Pequeno,17651.9800,28485.7200,30,Ativo
548,Empresa Automotiva 0548 Ltda,Auto Negócios 0548,99000000000548,Centro Automotivo,Frota e corporativo,Campinas,SP,Metropolitana de Campinas,2021-08-23,5,1,Pequeno,16632.7200,28555.6400,14,Ativo
549,Empresa Automotiva 0549 Ltda,Auto Negócios 0549,99000000000549,Autoelétrica,Revenda,São José do Rio Preto,SP,Noroeste Paulista,2021-08-13,16,4,Micro,5461.5300,11188.9500,21,Ativo
550,Empresa Automotiva 0550 Ltda,Auto Negócios 0550,99000000000550,Centro Automotivo,Revenda,São José do Rio Preto,SP,Noroeste Paulista,2023-11-12,18,4,Pequeno,14766.6200,23001.0500,0,Inativo
551,Empresa Automotiva 0551 Ltda,Auto Negócios 0551,99000000000551,Autopeças,Oficina e serviços,Campinas,SP,Metropolitana de Campinas,2021-01-29,2,1,Pequeno,13939.0600,26568.8900,0,Ativo
552,Empresa Automotiva 0552 Ltda,Auto Negócios 0552,99000000000552,Varejo,Revenda,Sorocaba,SP,Sudoeste Paulista,2024-03-06,15,3,Pequeno,32818.2600,40479.9900,30,Ativo
553,Empresa Automotiva 0553 Ltda,Auto Negócios 0553,99000000000553,Centro Automotivo,Oficina e serviços,São José do Rio Preto,SP,Noroeste Paulista,2025-11-26,20,4,Micro,8596.7700,13967.6600,30,Inativo
554,Empresa Automotiva 0554 Ltda,Auto Negócios 0554,99000000000554,Oficina Mecânica,Frota e corporativo,Campinas,SP,Metropolitana de Campinas,2023-12-22,3,1,Pequeno,31111.9000,57981.4300,14,Ativo
555,Empresa Automotiva 0555 Ltda,Auto Negócios 0555,99000000000555,Centro Automotivo,Oficina e serviços,Campinas,SP,Metropolitana de Campinas,2022-05-26,3,1,Micro,8895.6000,15647.4700,21,Ativo
556,Empresa Automotiva 0556 Ltda,Auto Negócios 0556,99000000000556,Varejo,Frota e corporativo,Ribeirão Preto,SP,Nordeste Paulista,2025-09-04,6,2,Pequeno,21105.5100,42213.3900,30,Ativo
557,Empresa Automotiva 0557 Ltda,Auto Negócios 0557,99000000000557,Frotista,Oficina e serviços,Campinas,SP,Metropolitana de Campinas,2024-02-24,4,1,Micro,4963.4700,4674.3900,45,Ativo
558,Empresa Automotiva 0558 Ltda,Auto Negócios 0558,99000000000558,Oficina Mecânica,Frota e corporativo,São José do Rio Preto,SP,Noroeste Paulista,2022-11-19,16,4,Médio,38486.9100,74593.8400,28,Ativo
559,Empresa Automotiva 0559 Ltda,Auto Negócios 0559,99000000000559,Autopeças,Oficina e serviços,Ribeirão Preto,SP,Nordeste Paulista,2022-11-18,7,2,Micro,6486.8800,6606.8300,60,Ativo
560,Empresa Automotiva 0560 Ltda,Auto Negócios 0560,99000000000560,Varejo,Frota e corporativo,Campinas,SP,Metropolitana de Campinas,2023-12-30,3,1,Pequeno,23275.3000,20573.9000,45,Ativo
561,Empresa Automotiva 0561 Ltda,Auto Negócios 0561,99000000000561,Revendedor,Revenda,Ribeirão Preto,SP,Nordeste Paulista,2021-07-21,8,2,Pequeno,23674.9600,49310.0700,21,Ativo
562,Empresa Automotiva 0562 Ltda,Auto Negócios 0562,99000000000562,Centro Automotivo,Revenda,Campinas,SP,Metropolitana de Campinas,2021-09-30,4,1,Pequeno,33800.7900,67410.0500,28,Ativo
563,Empresa Automotiva 0563 Ltda,Auto Negócios 0563,99000000000563,Oficina Mecânica,Revenda,São José do Rio Preto,SP,Noroeste Paulista,2022-10-08,19,4,Micro,10887.9300,11573.6600,28,Ativo
564,Empresa Automotiva 0564 Ltda,Auto Negócios 0564,99000000000564,Centro Automotivo,Revenda,Campinas,SP,Metropolitana de Campinas,2021-05-15,3,1,Micro,7466.2600,15697.6200,30,Ativo
565,Empresa Automotiva 0565 Ltda,Auto Negócios 0565,99000000000565,Varejo,Oficina e serviços,Campinas,SP,Metropolitana de Campinas,2024-07-12,5,1,Micro,3500.0000,3260.3700,45,Ativo
566,Empresa Automotiva 0566 Ltda,Auto Negócios 0566,99000000000566,Varejo,Frota e corporativo,Ribeirão Preto,SP,Nordeste Paulista,2021-10-01,8,2,Pequeno,12823.7600,11644.7500,28,Ativo
567,Empresa Automotiva 0567 Ltda,Auto Negócios 0567,99000000000567,Oficina Mecânica,Revenda,Ribeirão Preto,SP,Nordeste Paulista,2021-10-24,7,2,Pequeno,13316.1900,12487.2200,30,Ativo
568,Empresa Automotiva 0568 Ltda,Auto Negócios 0568,99000000000568,Autopeças,Oficina e serviços,São José do Rio Preto,SP,Noroeste Paulista,2024-03-16,20,4,Médio,88619.7600,148832.6400,28,Ativo
569,Empresa Automotiva 0569 Ltda,Auto Negócios 0569,99000000000569,Oficina Mecânica,Revenda,Campinas,SP,Metropolitana de Campinas,2025-01-05,3,1,Micro,10229.1200,8848.3800,28,Ativo
570,Empresa Automotiva 0570 Ltda,Auto Negócios 0570,99000000000570,Centro Automotivo,Oficina e serviços,Ribeirão Preto,SP,Nordeste Paulista,2021-03-05,6,2,Micro,3657.9500,7010.9800,45,Ativo
571,Empresa Automotiva 0571 Ltda,Auto Negócios 0571,99000000000571,Revendedor,Revenda,Sorocaba,SP,Sudoeste Paulista,2024-06-06,13,3,Pequeno,27407.3800,22858.1900,28,Inativo
572,Empresa Automotiva 0572 Ltda,Auto Negócios 0572,99000000000572,Autoelétrica,Oficina e serviços,Campinas,SP,Metropolitana de Campinas,2023-05-17,5,1,Pequeno,23110.9600,29141.1800,21,Inativo
573,Empresa Automotiva 0573 Ltda,Auto Negócios 0573,99000000000573,Oficina Mecânica,Revenda,Ribeirão Preto,SP,Nordeste Paulista,2023-12-29,9,2,Pequeno,13262.5100,13322.5700,30,Ativo
574,Empresa Automotiva 0574 Ltda,Auto Negócios 0574,99000000000574,Revendedor,Oficina e serviços,Campinas,SP,Metropolitana de Campinas,2023-07-14,3,1,Médio,36178.8400,59312.8700,30,Ativo
575,Empresa Automotiva 0575 Ltda,Auto Negócios 0575,99000000000575,Varejo,Oficina e serviços,Ribeirão Preto,SP,Nordeste Paulista,2025-01-28,9,2,Micro,5201.8000,9417.6000,45,Ativo
576,Empresa Automotiva 0576 Ltda,Auto Negócios 0576,99000000000576,Autoelétrica,Oficina e serviços,Sorocaba,SP,Sudoeste Paulista,2023-06-19,15,3,Pequeno,29827.0100,44093.9500,30,Ativo
577,Empresa Automotiva 0577 Ltda,Auto Negócios 0577,99000000000577,Centro Automotivo,Oficina e serviços,Campinas,SP,Metropolitana de Campinas,2021-05-25,5,1,Médio,36103.3400,30632.8600,30,Ativo
578,Empresa Automotiva 0578 Ltda,Auto Negócios 0578,99000000000578,Autoelétrica,Frota e corporativo,Campinas,SP,Metropolitana de Campinas,2025-05-12,2,1,Pequeno,30978.2500,26339.7800,21,Ativo
579,Empresa Automotiva 0579 Ltda,Auto Negócios 0579,99000000000579,Oficina Mecânica,Frota e corporativo,São José do Rio Preto,SP,Noroeste Paulista,2023-10-13,18,4,Micro,4451.3100,4670.8800,14,Ativo
580,Empresa Automotiva 0580 Ltda,Auto Negócios 0580,99000000000580,Frotista,Revenda,Ribeirão Preto,SP,Nordeste Paulista,2021-09-18,6,2,Micro,6647.8200,9968.0300,60,Ativo
581,Empresa Automotiva 0581 Ltda,Auto Negócios 0581,99000000000581,Varejo,Frota e corporativo,Sorocaba,SP,Sudoeste Paulista,2022-01-22,14,3,Pequeno,30883.5400,51769.3700,21,Ativo
582,Empresa Automotiva 0582 Ltda,Auto Negócios 0582,99000000000582,Autoelétrica,Frota e corporativo,Campinas,SP,Metropolitana de Campinas,2023-04-14,5,1,Micro,7476.1900,7118.7300,28,Ativo
583,Empresa Automotiva 0583 Ltda,Auto Negócios 0583,99000000000583,Frotista,Revenda,São José do Rio Preto,SP,Noroeste Paulista,2023-05-11,20,4,Pequeno,25043.4600,25522.3400,28,Ativo
584,Empresa Automotiva 0584 Ltda,Auto Negócios 0584,99000000000584,Autopeças,Oficina e serviços,Campinas,SP,Metropolitana de Campinas,2025-02-18,3,1,Micro,4106.3000,5749.5500,28,Ativo
585,Empresa Automotiva 0585 Ltda,Auto Negócios 0585,99000000000585,Centro Automotivo,Revenda,Campinas,SP,Metropolitana de Campinas,2024-12-18,2,1,Micro,3500.0000,7442.6900,30,Ativo
586,Empresa Automotiva 0586 Ltda,Auto Negócios 0586,99000000000586,Oficina Mecânica,Oficina e serviços,São José do Rio Preto,SP,Noroeste Paulista,2022-02-19,19,4,Pequeno,15910.5700,28869.1000,30,Ativo
587,Empresa Automotiva 0587 Ltda,Auto Negócios 0587,99000000000587,Autoelétrica,Oficina e serviços,Sorocaba,SP,Sudoeste Paulista,2024-01-10,12,3,Micro,11479.9800,18731.9300,0,Ativo
588,Empresa Automotiva 0588 Ltda,Auto Negócios 0588,99000000000588,Autoelétrica,Oficina e serviços,Ribeirão Preto,SP,Nordeste Paulista,2023-03-27,7,2,Micro,7808.7200,8302.3000,30,Ativo
589,Empresa Automotiva 0589 Ltda,Auto Negócios 0589,99000000000589,Frotista,Oficina e serviços,Ribeirão Preto,SP,Nordeste Paulista,2024-01-01,8,2,Pequeno,14099.1600,21576.2400,14,Ativo
590,Empresa Automotiva 0590 Ltda,Auto Negócios 0590,99000000000590,Varejo,Revenda,São José do Rio Preto,SP,Noroeste Paulista,2023-06-21,18,4,Pequeno,28955.0600,47213.8000,21,Ativo
591,Empresa Automotiva 0591 Ltda,Auto Negócios 0591,99000000000591,Centro Automotivo,Oficina e serviços,Sorocaba,SP,Sudoeste Paulista,2025-03-02,11,3,Médio,65604.0700,102067.9800,28,Ativo
592,Empresa Automotiva 0592 Ltda,Auto Negócios 0592,99000000000592,Varejo,Oficina e serviços,Sorocaba,SP,Sudoeste Paulista,2022-01-10,14,3,Pequeno,17205.7800,29958.2700,30,Ativo
593,Empresa Automotiva 0593 Ltda,Auto Negócios 0593,99000000000593,Frotista,Revenda,Sorocaba,SP,Sudoeste Paulista,2021-05-22,15,3,Pequeno,15159.0800,30110.4700,14,Inativo
594,Empresa Automotiva 0594 Ltda,Auto Negócios 0594,99000000000594,Centro Automotivo,Revenda,Ribeirão Preto,SP,Nordeste Paulista,2023-12-25,8,2,Pequeno,27840.2700,24604.7800,45,Ativo
595,Empresa Automotiva 0595 Ltda,Auto Negócios 0595,99000000000595,Autoelétrica,Oficina e serviços,São José do Rio Preto,SP,Noroeste Paulista,2025-08-07,16,4,Pequeno,15657.5800,13338.2700,21,Ativo
596,Empresa Automotiva 0596 Ltda,Auto Negócios 0596,99000000000596,Autoelétrica,Revenda,Ribeirão Preto,SP,Nordeste Paulista,2025-04-23,7,2,Pequeno,16860.8600,19749.0600,30,Ativo
597,Empresa Automotiva 0597 Ltda,Auto Negócios 0597,99000000000597,Autoelétrica,Revenda,Campinas,SP,Metropolitana de Campinas,2022-05-06,3,1,Micro,11967.4300,11413.2700,21,Ativo
598,Empresa Automotiva 0598 Ltda,Auto Negócios 0598,99000000000598,Revendedor,Frota e corporativo,Sorocaba,SP,Sudoeste Paulista,2022-02-01,14,3,Micro,9057.3100,13959.0200,0,Ativo
599,Empresa Automotiva 0599 Ltda,Auto Negócios 0599,99000000000599,Oficina Mecânica,Revenda,Sorocaba,SP,Sudoeste Paulista,2023-12-08,13,3,Micro,6900.5500,8442.4400,30,Ativo
600,Empresa Automotiva 0600 Ltda,Auto Negócios 0600,99000000000600,Autoelétrica,Oficina e serviços,Sorocaba,SP,Sudoeste Paulista,2023-11-13,14,3,Micro,3500.0000,3203.7800,30,Ativo
601,Empresa Automotiva 0601 Ltda,Auto Negócios 0601,99000000000601,Centro Automotivo,Oficina e serviços,Sorocaba,SP,Sudoeste Paulista,2025-11-12,15,3,Pequeno,25525.9200,47966.2600,21,Ativo
602,Empresa Automotiva 0602 Ltda,Auto Negócios 0602,99000000000602,Oficina Mecânica,Oficina e serviços,Ribeirão Preto,SP,Nordeste Paulista,2021-12-18,8,2,Micro,7522.4900,6588.6300,30,Ativo
603,Empresa Automotiva 0603 Ltda,Auto Negócios 0603,99000000000603,Oficina Mecânica,Revenda,Ribeirão Preto,SP,Nordeste Paulista,2023-11-30,7,2,Micro,8894.9400,9624.2000,30,Ativo
604,Empresa Automotiva 0604 Ltda,Auto Negócios 0604,99000000000604,Autoelétrica,Revenda,São José do Rio Preto,SP,Noroeste Paulista,2022-09-13,16,4,Pequeno,24495.1200,40195.8200,21,Inativo
605,Empresa Automotiva 0605 Ltda,Auto Negócios 0605,99000000000605,Frotista,Oficina e serviços,Campinas,SP,Metropolitana de Campinas,2021-10-29,3,1,Micro,4982.6700,8218.8900,45,Ativo
606,Empresa Automotiva 0606 Ltda,Auto Negócios 0606,99000000000606,Revendedor,Oficina e serviços,Campinas,SP,Metropolitana de Campinas,2021-11-21,2,1,Micro,11066.6700,23585.7400,45,Ativo
607,Empresa Automotiva 0607 Ltda,Auto Negócios 0607,99000000000607,Autopeças,Oficina e serviços,Campinas,SP,Metropolitana de Campinas,2023-03-16,1,1,Pequeno,13526.1200,22552.9000,28,Inativo
608,Empresa Automotiva 0608 Ltda,Auto Negócios 0608,99000000000608,Varejo,Revenda,Ribeirão Preto,SP,Nordeste Paulista,2025-06-04,8,2,Médio,65992.4000,128270.2300,60,Ativo
609,Empresa Automotiva 0609 Ltda,Auto Negócios 0609,99000000000609,Autopeças,Revenda,São José do Rio Preto,SP,Noroeste Paulista,2023-09-20,19,4,Médio,42092.9500,86161.7600,0,Ativo
610,Empresa Automotiva 0610 Ltda,Auto Negócios 0610,99000000000610,Frotista,Revenda,São José do Rio Preto,SP,Noroeste Paulista,2021-06-15,17,4,Micro,6948.2900,11905.8200,0,Ativo
611,Empresa Automotiva 0611 Ltda,Auto Negócios 0611,99000000000611,Revendedor,Oficina e serviços,Campinas,SP,Metropolitana de Campinas,2025-09-13,4,1,Micro,6034.8400,7287.2600,30,Inativo
612,Empresa Automotiva 0612 Ltda,Auto Negócios 0612,99000000000612,Autopeças,Oficina e serviços,Sorocaba,SP,Sudoeste Paulista,2021-11-04,13,3,Micro,7752.1100,6464.4100,28,Inativo
613,Empresa Automotiva 0613 Ltda,Auto Negócios 0613,99000000000613,Autopeças,Oficina e serviços,Campinas,SP,Metropolitana de Campinas,2022-10-25,4,1,Pequeno,12485.2800,21765.9000,21,Ativo
614,Empresa Automotiva 0614 Ltda,Auto Negócios 0614,99000000000614,Varejo,Revenda,Sorocaba,SP,Sudoeste Paulista,2025-08-21,13,3,Pequeno,21931.1100,44276.5300,30,Ativo
615,Empresa Automotiva 0615 Ltda,Auto Negócios 0615,99000000000615,Revendedor,Oficina e serviços,São José do Rio Preto,SP,Noroeste Paulista,2021-12-20,17,4,Micro,9083.1100,17473.6200,21,Ativo
616,Empresa Automotiva 0616 Ltda,Auto Negócios 0616,99000000000616,Frotista,Oficina e serviços,Campinas,SP,Metropolitana de Campinas,2025-06-04,3,1,Micro,11265.9800,20815.5600,30,Ativo
617,Empresa Automotiva 0617 Ltda,Auto Negócios 0617,99000000000617,Centro Automotivo,Oficina e serviços,Campinas,SP,Metropolitana de Campinas,2024-02-29,4,1,Pequeno,18314.9300,33028.3000,21,Ativo
618,Empresa Automotiva 0618 Ltda,Auto Negócios 0618,99000000000618,Frotista,Oficina e serviços,Ribeirão Preto,SP,Nordeste Paulista,2021-10-07,8,2,Micro,7156.1300,8109.4800,30,Ativo
619,Empresa Automotiva 0619 Ltda,Auto Negócios 0619,99000000000619,Revendedor,Revenda,Campinas,SP,Metropolitana de Campinas,2024-07-02,5,1,Micro,3500.0000,3214.6700,45,Ativo
620,Empresa Automotiva 0620 Ltda,Auto Negócios 0620,99000000000620,Autopeças,Frota e corporativo,São José do Rio Preto,SP,Noroeste Paulista,2024-03-09,20,4,Micro,4442.5700,4266.1400,21,Inativo
621,Empresa Automotiva 0621 Ltda,Auto Negócios 0621,99000000000621,Oficina Mecânica,Revenda,Campinas,SP,Metropolitana de Campinas,2022-09-07,4,1,Médio,66857.9700,97733.9200,0,Ativo
622,Empresa Automotiva 0622 Ltda,Auto Negócios 0622,99000000000622,Revendedor,Oficina e serviços,Campinas,SP,Metropolitana de Campinas,2023-09-12,4,1,Pequeno,14288.2400,22857.7000,0,Ativo
623,Empresa Automotiva 0623 Ltda,Auto Negócios 0623,99000000000623,Autoelétrica,Frota e corporativo,Campinas,SP,Metropolitana de Campinas,2022-08-30,3,1,Pequeno,20158.0400,32066.7400,28,Inativo
624,Empresa Automotiva 0624 Ltda,Auto Negócios 0624,99000000000624,Autopeças,Revenda,Campinas,SP,Metropolitana de Campinas,2025-03-04,2,1,Médio,51546.2900,67858.7500,45,Ativo
625,Empresa Automotiva 0625 Ltda,Auto Negócios 0625,99000000000625,Varejo,Oficina e serviços,São José do Rio Preto,SP,Noroeste Paulista,2025-08-29,19,4,Pequeno,19293.7000,22905.0700,30,Ativo
626,Empresa Automotiva 0626 Ltda,Auto Negócios 0626,99000000000626,Oficina Mecânica,Revenda,Ribeirão Preto,SP,Nordeste Paulista,2025-08-09,10,2,Pequeno,25231.9200,22412.1200,30,Ativo
627,Empresa Automotiva 0627 Ltda,Auto Negócios 0627,99000000000627,Revendedor,Oficina e serviços,Sorocaba,SP,Sudoeste Paulista,2022-07-23,11,3,Médio,43945.2400,51369.3900,30,Ativo
628,Empresa Automotiva 0628 Ltda,Auto Negócios 0628,99000000000628,Oficina Mecânica,Oficina e serviços,Campinas,SP,Metropolitana de Campinas,2023-03-22,1,1,Micro,3887.1800,7378.3900,14,Ativo
629,Empresa Automotiva 0629 Ltda,Auto Negócios 0629,99000000000629,Autopeças,Revenda,São José do Rio Preto,SP,Noroeste Paulista,2022-02-11,20,4,Pequeno,28884.6300,51045.4500,21,Ativo
630,Empresa Automotiva 0630 Ltda,Auto Negócios 0630,99000000000630,Frotista,Oficina e serviços,Ribeirão Preto,SP,Nordeste Paulista,2021-05-16,6,2,Pequeno,13715.3800,29420.3100,60,Inativo
631,Empresa Automotiva 0631 Ltda,Auto Negócios 0631,99000000000631,Autoelétrica,Revenda,Campinas,SP,Metropolitana de Campinas,2021-07-01,5,1,Médio,41098.4700,42668.3600,45,Ativo
632,Empresa Automotiva 0632 Ltda,Auto Negócios 0632,99000000000632,Centro Automotivo,Revenda,São José do Rio Preto,SP,Noroeste Paulista,2023-04-19,16,4,Pequeno,12163.7200,24511.5400,30,Ativo
633,Empresa Automotiva 0633 Ltda,Auto Negócios 0633,99000000000633,Varejo,Oficina e serviços,Ribeirão Preto,SP,Nordeste Paulista,2025-07-15,6,2,Médio,40465.7200,40990.1500,45,Ativo
634,Empresa Automotiva 0634 Ltda,Auto Negócios 0634,99000000000634,Centro Automotivo,Revenda,Ribeirão Preto,SP,Nordeste Paulista,2022-05-05,6,2,Médio,82818.4800,165172.3500,28,Ativo
635,Empresa Automotiva 0635 Ltda,Auto Negócios 0635,99000000000635,Centro Automotivo,Oficina e serviços,Ribeirão Preto,SP,Nordeste Paulista,2022-03-18,7,2,Micro,4857.1700,5939.0300,30,Ativo
636,Empresa Automotiva 0636 Ltda,Auto Negócios 0636,99000000000636,Autopeças,Oficina e serviços,Ribeirão Preto,SP,Nordeste Paulista,2021-07-22,6,2,Micro,7033.6400,13989.4600,21,Ativo
637,Empresa Automotiva 0637 Ltda,Auto Negócios 0637,99000000000637,Autoelétrica,Oficina e serviços,Campinas,SP,Metropolitana de Campinas,2025-04-23,1,1,Micro,9980.4600,17564.0000,30,Ativo
638,Empresa Automotiva 0638 Ltda,Auto Negócios 0638,99000000000638,Autopeças,Oficina e serviços,São José do Rio Preto,SP,Noroeste Paulista,2024-11-11,16,4,Médio,60263.3600,86638.5800,30,Ativo
639,Empresa Automotiva 0639 Ltda,Auto Negócios 0639,99000000000639,Varejo,Revenda,Campinas,SP,Metropolitana de Campinas,2022-02-11,2,1,Médio,42962.1600,59132.8900,21,Ativo
640,Empresa Automotiva 0640 Ltda,Auto Negócios 0640,99000000000640,Autopeças,Revenda,Sorocaba,SP,Sudoeste Paulista,2025-01-01,15,3,Pequeno,18082.0000,14800.8500,14,Ativo
641,Empresa Automotiva 0641 Ltda,Auto Negócios 0641,99000000000641,Autopeças,Oficina e serviços,São José do Rio Preto,SP,Noroeste Paulista,2023-06-19,19,4,Pequeno,20163.5000,16708.5900,45,Ativo
642,Empresa Automotiva 0642 Ltda,Auto Negócios 0642,99000000000642,Autoelétrica,Revenda,Campinas,SP,Metropolitana de Campinas,2021-03-20,1,1,Pequeno,14353.5600,29693.3200,14,Ativo
643,Empresa Automotiva 0643 Ltda,Auto Negócios 0643,99000000000643,Autoelétrica,Oficina e serviços,Sorocaba,SP,Sudoeste Paulista,2024-05-14,12,3,Micro,8080.8000,17635.3600,28,Ativo
644,Empresa Automotiva 0644 Ltda,Auto Negócios 0644,99000000000644,Autopeças,Revenda,Campinas,SP,Metropolitana de Campinas,2021-05-06,1,1,Pequeno,23771.6700,43928.5300,14,Ativo
645,Empresa Automotiva 0645 Ltda,Auto Negócios 0645,99000000000645,Varejo,Revenda,Campinas,SP,Metropolitana de Campinas,2021-06-08,1,1,Micro,6470.2700,13442.2500,0,Ativo
646,Empresa Automotiva 0646 Ltda,Auto Negócios 0646,99000000000646,Oficina Mecânica,Oficina e serviços,São José do Rio Preto,SP,Noroeste Paulista,2021-08-29,17,4,Pequeno,13890.6100,29413.3300,30,Ativo
647,Empresa Automotiva 0647 Ltda,Auto Negócios 0647,99000000000647,Autopeças,Oficina e serviços,Sorocaba,SP,Sudoeste Paulista,2024-06-08,13,3,Pequeno,21271.6900,26195.8200,30,Ativo
648,Empresa Automotiva 0648 Ltda,Auto Negócios 0648,99000000000648,Revendedor,Frota e corporativo,São José do Rio Preto,SP,Noroeste Paulista,2021-01-31,16,4,Pequeno,26455.7400,41163.0300,28,Ativo
649,Empresa Automotiva 0649 Ltda,Auto Negócios 0649,99000000000649,Autopeças,Revenda,Sorocaba,SP,Sudoeste Paulista,2025-10-17,12,3,Pequeno,23037.1400,29423.3700,28,Ativo
650,Empresa Automotiva 0650 Ltda,Auto Negócios 0650,99000000000650,Frotista,Revenda,Sorocaba,SP,Sudoeste Paulista,2023-12-26,13,3,Micro,10109.2100,11112.2000,30,Ativo
651,Empresa Automotiva 0651 Ltda,Auto Negócios 0651,99000000000651,Autopeças,Oficina e serviços,Campinas,SP,Metropolitana de Campinas,2025-02-13,3,1,Micro,6117.5300,7479.7500,45,Inativo
652,Empresa Automotiva 0652 Ltda,Auto Negócios 0652,99000000000652,Oficina Mecânica,Revenda,Campinas,SP,Metropolitana de Campinas,2025-04-17,5,1,Pequeno,21338.4000,24840.6300,30,Ativo
653,Empresa Automotiva 0653 Ltda,Auto Negócios 0653,99000000000653,Oficina Mecânica,Oficina e serviços,Sorocaba,SP,Sudoeste Paulista,2022-05-04,12,3,Micro,6753.6300,14454.3500,30,Ativo
654,Empresa Automotiva 0654 Ltda,Auto Negócios 0654,99000000000654,Centro Automotivo,Revenda,Sorocaba,SP,Sudoeste Paulista,2021-11-03,13,3,Pequeno,22223.0800,41863.3800,30,Inativo
655,Empresa Automotiva 0655 Ltda,Auto Negócios 0655,99000000000655,Oficina Mecânica,Revenda,Sorocaba,SP,Sudoeste Paulista,2022-02-21,15,3,Pequeno,22219.1500,37968.0300,30,Ativo
656,Empresa Automotiva 0656 Ltda,Auto Negócios 0656,99000000000656,Autoelétrica,Revenda,Ribeirão Preto,SP,Nordeste Paulista,2021-06-26,8,2,Micro,6668.4800,13399.4000,21,Ativo
657,Empresa Automotiva 0657 Ltda,Auto Negócios 0657,99000000000657,Autopeças,Revenda,Campinas,SP,Metropolitana de Campinas,2023-02-09,5,1,Pequeno,19533.5700,36948.2700,60,Ativo
658,Empresa Automotiva 0658 Ltda,Auto Negócios 0658,99000000000658,Centro Automotivo,Oficina e serviços,Campinas,SP,Metropolitana de Campinas,2024-08-17,2,1,Pequeno,20131.2700,29119.2100,21,Ativo
659,Empresa Automotiva 0659 Ltda,Auto Negócios 0659,99000000000659,Frotista,Oficina e serviços,Ribeirão Preto,SP,Nordeste Paulista,2021-05-05,8,2,Micro,6390.8100,11264.8300,30,Ativo
660,Empresa Automotiva 0660 Ltda,Auto Negócios 0660,99000000000660,Oficina Mecânica,Revenda,Sorocaba,SP,Sudoeste Paulista,2024-12-18,11,3,Pequeno,20132.9800,26798.9100,45,Inativo
661,Empresa Automotiva 0661 Ltda,Auto Negócios 0661,99000000000661,Revendedor,Revenda,Ribeirão Preto,SP,Nordeste Paulista,2024-02-12,6,2,Pequeno,23648.8600,22530.1600,28,Ativo
662,Empresa Automotiva 0662 Ltda,Auto Negócios 0662,99000000000662,Centro Automotivo,Oficina e serviços,Ribeirão Preto,SP,Nordeste Paulista,2024-09-28,10,2,Pequeno,25918.4300,36835.8500,45,Ativo
663,Empresa Automotiva 0663 Ltda,Auto Negócios 0663,99000000000663,Autopeças,Revenda,Sorocaba,SP,Sudoeste Paulista,2025-01-08,12,3,Pequeno,24237.1000,35066.3900,21,Ativo
664,Empresa Automotiva 0664 Ltda,Auto Negócios 0664,99000000000664,Oficina Mecânica,Oficina e serviços,Campinas,SP,Metropolitana de Campinas,2021-01-27,2,1,Pequeno,25233.4900,42934.7600,45,Ativo
665,Empresa Automotiva 0665 Ltda,Auto Negócios 0665,99000000000665,Centro Automotivo,Revenda,Sorocaba,SP,Sudoeste Paulista,2022-06-15,11,3,Médio,43509.5700,68544.8000,28,Ativo
666,Empresa Automotiva 0666 Ltda,Auto Negócios 0666,99000000000666,Revendedor,Revenda,Ribeirão Preto,SP,Nordeste Paulista,2021-11-04,10,2,Médio,63955.9900,51576.2900,30,Ativo
667,Empresa Automotiva 0667 Ltda,Auto Negócios 0667,99000000000667,Varejo,Oficina e serviços,São José do Rio Preto,SP,Noroeste Paulista,2023-06-30,16,4,Pequeno,21094.1300,42587.1100,30,Ativo
668,Empresa Automotiva 0668 Ltda,Auto Negócios 0668,99000000000668,Autoelétrica,Oficina e serviços,Sorocaba,SP,Sudoeste Paulista,2022-04-24,11,3,Pequeno,14209.5200,30347.0000,30,Ativo
669,Empresa Automotiva 0669 Ltda,Auto Negócios 0669,99000000000669,Revendedor,Oficina e serviços,Campinas,SP,Metropolitana de Campinas,2023-12-17,5,1,Micro,5047.0500,5522.9600,28,Ativo
670,Empresa Automotiva 0670 Ltda,Auto Negócios 0670,99000000000670,Oficina Mecânica,Oficina e serviços,Campinas,SP,Metropolitana de Campinas,2024-03-25,3,1,Micro,5855.0300,9758.1600,30,Inativo
671,Empresa Automotiva 0671 Ltda,Auto Negócios 0671,99000000000671,Revendedor,Oficina e serviços,Ribeirão Preto,SP,Nordeste Paulista,2024-08-09,10,2,Micro,3500.0000,4766.4500,28,Inativo
672,Empresa Automotiva 0672 Ltda,Auto Negócios 0672,99000000000672,Oficina Mecânica,Revenda,Campinas,SP,Metropolitana de Campinas,2023-02-18,4,1,Pequeno,18945.2200,22531.6800,0,Ativo
673,Empresa Automotiva 0673 Ltda,Auto Negócios 0673,99000000000673,Autopeças,Revenda,Sorocaba,SP,Sudoeste Paulista,2023-05-15,14,3,Pequeno,21215.0900,45168.4200,28,Ativo
674,Empresa Automotiva 0674 Ltda,Auto Negócios 0674,99000000000674,Revendedor,Oficina e serviços,Campinas,SP,Metropolitana de Campinas,2023-03-19,2,1,Pequeno,13696.1600,11339.8500,45,Ativo
675,Empresa Automotiva 0675 Ltda,Auto Negócios 0675,99000000000675,Frotista,Revenda,Campinas,SP,Metropolitana de Campinas,2021-01-15,5,1,Micro,8141.2800,17843.8700,28,Ativo
676,Empresa Automotiva 0676 Ltda,Auto Negócios 0676,99000000000676,Autoelétrica,Oficina e serviços,Campinas,SP,Metropolitana de Campinas,2024-11-20,2,1,Micro,3500.0000,5915.0200,21,Ativo
677,Empresa Automotiva 0677 Ltda,Auto Negócios 0677,99000000000677,Autopeças,Revenda,Ribeirão Preto,SP,Nordeste Paulista,2025-11-09,8,2,Pequeno,21730.4600,36577.8200,28,Ativo
678,Empresa Automotiva 0678 Ltda,Auto Negócios 0678,99000000000678,Varejo,Oficina e serviços,Campinas,SP,Metropolitana de Campinas,2024-05-28,5,1,Micro,4983.0000,4586.8800,30,Ativo
679,Empresa Automotiva 0679 Ltda,Auto Negócios 0679,99000000000679,Centro Automotivo,Frota e corporativo,Ribeirão Preto,SP,Nordeste Paulista,2023-10-11,10,2,Pequeno,18479.2600,16388.4600,30,Ativo
680,Empresa Automotiva 0680 Ltda,Auto Negócios 0680,99000000000680,Frotista,Revenda,Campinas,SP,Metropolitana de Campinas,2023-12-24,4,1,Micro,11604.7700,11780.0000,30,Ativo
681,Empresa Automotiva 0681 Ltda,Auto Negócios 0681,99000000000681,Varejo,Oficina e serviços,Sorocaba,SP,Sudoeste Paulista,2021-06-22,15,3,Micro,4302.5300,7990.8700,28,Ativo
682,Empresa Automotiva 0682 Ltda,Auto Negócios 0682,99000000000682,Oficina Mecânica,Oficina e serviços,Sorocaba,SP,Sudoeste Paulista,2024-06-21,15,3,Micro,8770.3300,10292.2900,45,Ativo
683,Empresa Automotiva 0683 Ltda,Auto Negócios 0683,99000000000683,Autoelétrica,Oficina e serviços,Ribeirão Preto,SP,Nordeste Paulista,2025-03-30,6,2,Micro,3819.2600,5483.1100,21,Ativo
684,Empresa Automotiva 0684 Ltda,Auto Negócios 0684,99000000000684,Revendedor,Revenda,Campinas,SP,Metropolitana de Campinas,2021-02-01,4,1,Pequeno,12665.1500,14460.9900,30,Ativo
685,Empresa Automotiva 0685 Ltda,Auto Negócios 0685,99000000000685,Revendedor,Revenda,Ribeirão Preto,SP,Nordeste Paulista,2024-08-03,7,2,Micro,5710.1700,9760.1400,28,Ativo
686,Empresa Automotiva 0686 Ltda,Auto Negócios 0686,99000000000686,Centro Automotivo,Oficina e serviços,Sorocaba,SP,Sudoeste Paulista,2025-07-30,15,3,Médio,39567.3800,77969.6800,21,Ativo
687,Empresa Automotiva 0687 Ltda,Auto Negócios 0687,99000000000687,Autoelétrica,Oficina e serviços,Campinas,SP,Metropolitana de Campinas,2024-12-01,1,1,Micro,9448.9900,15316.7600,30,Ativo
688,Empresa Automotiva 0688 Ltda,Auto Negócios 0688,99000000000688,Autoelétrica,Revenda,São José do Rio Preto,SP,Noroeste Paulista,2021-10-04,19,4,Pequeno,21592.3100,39292.2400,30,Ativo
689,Empresa Automotiva 0689 Ltda,Auto Negócios 0689,99000000000689,Revendedor,Oficina e serviços,Campinas,SP,Metropolitana de Campinas,2025-11-23,4,1,Micro,3872.6900,3252.0000,28,Ativo
690,Empresa Automotiva 0690 Ltda,Auto Negócios 0690,99000000000690,Autopeças,Frota e corporativo,Campinas,SP,Metropolitana de Campinas,2024-02-17,2,1,Pequeno,16637.9000,16985.5200,0,Ativo
691,Empresa Automotiva 0691 Ltda,Auto Negócios 0691,99000000000691,Frotista,Revenda,Campinas,SP,Metropolitana de Campinas,2024-01-26,2,1,Micro,3500.0000,3290.7600,14,Ativo
692,Empresa Automotiva 0692 Ltda,Auto Negócios 0692,99000000000692,Autoelétrica,Frota e corporativo,Ribeirão Preto,SP,Nordeste Paulista,2021-03-27,8,2,Micro,5546.5600,4621.6900,30,Ativo
693,Empresa Automotiva 0693 Ltda,Auto Negócios 0693,99000000000693,Revendedor,Revenda,Campinas,SP,Metropolitana de Campinas,2025-01-15,4,1,Pequeno,23011.2300,46147.7600,0,Ativo
694,Empresa Automotiva 0694 Ltda,Auto Negócios 0694,99000000000694,Oficina Mecânica,Oficina e serviços,Campinas,SP,Metropolitana de Campinas,2025-03-10,5,1,Micro,5351.8000,6765.2200,30,Ativo
695,Empresa Automotiva 0695 Ltda,Auto Negócios 0695,99000000000695,Oficina Mecânica,Oficina e serviços,Campinas,SP,Metropolitana de Campinas,2022-05-16,4,1,Micro,11598.2400,15743.0100,30,Ativo
696,Empresa Automotiva 0696 Ltda,Auto Negócios 0696,99000000000696,Autoelétrica,Revenda,Sorocaba,SP,Sudoeste Paulista,2025-03-14,13,3,Micro,4639.6900,6527.0400,30,Ativo
697,Empresa Automotiva 0697 Ltda,Auto Negócios 0697,99000000000697,Autoelétrica,Revenda,Campinas,SP,Metropolitana de Campinas,2024-04-06,4,1,Pequeno,15917.1500,31689.5100,28,Ativo
698,Empresa Automotiva 0698 Ltda,Auto Negócios 0698,99000000000698,Autopeças,Oficina e serviços,Ribeirão Preto,SP,Nordeste Paulista,2025-11-14,9,2,Médio,59968.9300,65540.9700,45,Ativo
699,Empresa Automotiva 0699 Ltda,Auto Negócios 0699,99000000000699,Revendedor,Revenda,Campinas,SP,Metropolitana de Campinas,2021-07-06,5,1,Pequeno,12580.5900,25166.3100,30,Ativo
700,Empresa Automotiva 0700 Ltda,Auto Negócios 0700,99000000000700,Autopeças,Oficina e serviços,Campinas,SP,Metropolitana de Campinas,2022-12-09,2,1,Micro,3500.0000,5896.8300,21,Ativo
701,Empresa Automotiva 0701 Ltda,Auto Negócios 0701,99000000000701,Revendedor,Oficina e serviços,Sorocaba,SP,Sudoeste Paulista,2025-05-21,13,3,Grande,100597.2900,117837.7500,21,Ativo
702,Empresa Automotiva 0702 Ltda,Auto Negócios 0702,99000000000702,Varejo,Revenda,São José do Rio Preto,SP,Noroeste Paulista,2022-07-05,18,4,Micro,8045.8000,10455.7400,28,Ativo
703,Empresa Automotiva 0703 Ltda,Auto Negócios 0703,99000000000703,Oficina Mecânica,Oficina e serviços,Campinas,SP,Metropolitana de Campinas,2025-04-09,5,1,Micro,10511.6300,18530.0800,30,Ativo
704,Empresa Automotiva 0704 Ltda,Auto Negócios 0704,99000000000704,Oficina Mecânica,Oficina e serviços,Campinas,SP,Metropolitana de Campinas,2023-04-10,4,1,Pequeno,17031.3700,28207.6400,21,Ativo
705,Empresa Automotiva 0705 Ltda,Auto Negócios 0705,99000000000705,Frotista,Revenda,Campinas,SP,Metropolitana de Campinas,2021-09-18,4,1,Pequeno,12998.8500,24194.4200,21,Ativo
706,Empresa Automotiva 0706 Ltda,Auto Negócios 0706,99000000000706,Autopeças,Oficina e serviços,São José do Rio Preto,SP,Noroeste Paulista,2024-09-22,18,4,Pequeno,17895.3900,18891.7100,30,Ativo
707,Empresa Automotiva 0707 Ltda,Auto Negócios 0707,99000000000707,Varejo,Revenda,Sorocaba,SP,Sudoeste Paulista,2025-04-13,14,3,Pequeno,23499.6700,46102.9200,30,Ativo
708,Empresa Automotiva 0708 Ltda,Auto Negócios 0708,99000000000708,Autopeças,Revenda,Ribeirão Preto,SP,Nordeste Paulista,2023-12-22,6,2,Médio,65864.7300,85193.3500,30,Ativo
709,Empresa Automotiva 0709 Ltda,Auto Negócios 0709,99000000000709,Autopeças,Oficina e serviços,Campinas,SP,Metropolitana de Campinas,2024-07-10,1,1,Médio,35362.2000,68110.1500,0,Inativo
710,Empresa Automotiva 0710 Ltda,Auto Negócios 0710,99000000000710,Autoelétrica,Revenda,Ribeirão Preto,SP,Nordeste Paulista,2022-01-10,8,2,Pequeno,29987.7400,29018.6000,45,Ativo
711,Empresa Automotiva 0711 Ltda,Auto Negócios 0711,99000000000711,Varejo,Revenda,Campinas,SP,Metropolitana de Campinas,2025-12-03,4,1,Médio,38006.1900,45179.6800,0,Ativo
712,Empresa Automotiva 0712 Ltda,Auto Negócios 0712,99000000000712,Centro Automotivo,Oficina e serviços,Ribeirão Preto,SP,Nordeste Paulista,2025-07-17,6,2,Médio,81142.1700,114542.6300,14,Ativo
713,Empresa Automotiva 0713 Ltda,Auto Negócios 0713,99000000000713,Centro Automotivo,Oficina e serviços,Campinas,SP,Metropolitana de Campinas,2024-04-03,3,1,Micro,3500.0000,3829.5000,45,Ativo
714,Empresa Automotiva 0714 Ltda,Auto Negócios 0714,99000000000714,Oficina Mecânica,Revenda,Ribeirão Preto,SP,Nordeste Paulista,2021-08-22,8,2,Micro,7744.6000,6845.9200,30,Ativo
715,Empresa Automotiva 0715 Ltda,Auto Negócios 0715,99000000000715,Frotista,Revenda,Campinas,SP,Metropolitana de Campinas,2023-06-13,1,1,Micro,6376.9500,9641.6000,0,Ativo
716,Empresa Automotiva 0716 Ltda,Auto Negócios 0716,99000000000716,Varejo,Oficina e serviços,Campinas,SP,Metropolitana de Campinas,2022-03-02,3,1,Pequeno,29434.6900,33391.6600,30,Ativo
717,Empresa Automotiva 0717 Ltda,Auto Negócios 0717,99000000000717,Varejo,Oficina e serviços,Sorocaba,SP,Sudoeste Paulista,2023-01-29,15,3,Micro,8941.0600,15988.0900,30,Ativo
718,Empresa Automotiva 0718 Ltda,Auto Negócios 0718,99000000000718,Revendedor,Revenda,Ribeirão Preto,SP,Nordeste Paulista,2023-05-27,10,2,Micro,10799.0600,21576.8300,28,Ativo
719,Empresa Automotiva 0719 Ltda,Auto Negócios 0719,99000000000719,Centro Automotivo,Oficina e serviços,São José do Rio Preto,SP,Noroeste Paulista,2023-09-27,20,4,Pequeno,19686.2500,42935.8100,45,Ativo
720,Empresa Automotiva 0720 Ltda,Auto Negócios 0720,99000000000720,Centro Automotivo,Revenda,São José do Rio Preto,SP,Noroeste Paulista,2024-11-05,20,4,Pequeno,12311.8700,11549.4800,30,Ativo
721,Empresa Automotiva 0721 Ltda,Auto Negócios 0721,99000000000721,Varejo,Revenda,São José do Rio Preto,SP,Noroeste Paulista,2023-12-21,18,4,Pequeno,15322.0400,24722.1100,30,Ativo
722,Empresa Automotiva 0722 Ltda,Auto Negócios 0722,99000000000722,Frotista,Oficina e serviços,Ribeirão Preto,SP,Nordeste Paulista,2024-05-08,8,2,Micro,6908.5000,8855.9600,21,Ativo
723,Empresa Automotiva 0723 Ltda,Auto Negócios 0723,99000000000723,Varejo,Oficina e serviços,Sorocaba,SP,Sudoeste Paulista,2025-08-09,15,3,Micro,10696.3000,20211.8800,30,Ativo
724,Empresa Automotiva 0724 Ltda,Auto Negócios 0724,99000000000724,Centro Automotivo,Oficina e serviços,São José do Rio Preto,SP,Noroeste Paulista,2024-05-23,17,4,Pequeno,34829.3800,29213.4400,14,Ativo
725,Empresa Automotiva 0725 Ltda,Auto Negócios 0725,99000000000725,Centro Automotivo,Revenda,Campinas,SP,Metropolitana de Campinas,2022-05-13,1,1,Médio,87357.5600,113849.4500,30,Ativo
726,Empresa Automotiva 0726 Ltda,Auto Negócios 0726,99000000000726,Autopeças,Oficina e serviços,Sorocaba,SP,Sudoeste Paulista,2021-02-21,13,3,Micro,7855.5200,16970.3400,45,Ativo
727,Empresa Automotiva 0727 Ltda,Auto Negócios 0727,99000000000727,Centro Automotivo,Revenda,São José do Rio Preto,SP,Noroeste Paulista,2025-08-30,17,4,Micro,11971.1300,22370.3500,28,Ativo
728,Empresa Automotiva 0728 Ltda,Auto Negócios 0728,99000000000728,Varejo,Revenda,São José do Rio Preto,SP,Noroeste Paulista,2021-06-04,17,4,Médio,36579.8200,66938.2200,30,Ativo
729,Empresa Automotiva 0729 Ltda,Auto Negócios 0729,99000000000729,Autoelétrica,Oficina e serviços,Ribeirão Preto,SP,Nordeste Paulista,2021-01-24,6,2,Micro,5552.6600,11171.5600,30,Ativo
730,Empresa Automotiva 0730 Ltda,Auto Negócios 0730,99000000000730,Autoelétrica,Oficina e serviços,Sorocaba,SP,Sudoeste Paulista,2024-05-24,12,3,Pequeno,19854.5600,34209.1000,14,Inativo
731,Empresa Automotiva 0731 Ltda,Auto Negócios 0731,99000000000731,Frotista,Oficina e serviços,Campinas,SP,Metropolitana de Campinas,2025-07-11,4,1,Pequeno,21364.0600,42313.9300,30,Ativo
732,Empresa Automotiva 0732 Ltda,Auto Negócios 0732,99000000000732,Revendedor,Revenda,Campinas,SP,Metropolitana de Campinas,2021-06-10,2,1,Micro,11286.6000,14455.0400,30,Ativo
733,Empresa Automotiva 0733 Ltda,Auto Negócios 0733,99000000000733,Revendedor,Revenda,Ribeirão Preto,SP,Nordeste Paulista,2023-08-24,7,2,Pequeno,15151.2800,31199.7900,0,Ativo
734,Empresa Automotiva 0734 Ltda,Auto Negócios 0734,99000000000734,Frotista,Revenda,Ribeirão Preto,SP,Nordeste Paulista,2023-11-08,6,2,Médio,38883.1800,40655.4100,45,Ativo
735,Empresa Automotiva 0735 Ltda,Auto Negócios 0735,99000000000735,Revendedor,Oficina e serviços,Sorocaba,SP,Sudoeste Paulista,2024-07-26,14,3,Pequeno,12299.4900,22389.4700,45,Ativo
736,Empresa Automotiva 0736 Ltda,Auto Negócios 0736,99000000000736,Autopeças,Oficina e serviços,Campinas,SP,Metropolitana de Campinas,2023-01-22,3,1,Pequeno,18900.1600,20582.4300,45,Ativo
737,Empresa Automotiva 0737 Ltda,Auto Negócios 0737,99000000000737,Autopeças,Oficina e serviços,Campinas,SP,Metropolitana de Campinas,2022-12-26,1,1,Pequeno,23191.4100,30253.7900,14,Ativo
738,Empresa Automotiva 0738 Ltda,Auto Negócios 0738,99000000000738,Autoelétrica,Oficina e serviços,Campinas,SP,Metropolitana de Campinas,2021-02-07,1,1,Micro,10292.6900,12027.0200,14,Ativo
739,Empresa Automotiva 0739 Ltda,Auto Negócios 0739,99000000000739,Centro Automotivo,Oficina e serviços,Sorocaba,SP,Sudoeste Paulista,2023-10-18,11,3,Pequeno,14914.5800,24296.2600,0,Ativo
740,Empresa Automotiva 0740 Ltda,Auto Negócios 0740,99000000000740,Autoelétrica,Oficina e serviços,Sorocaba,SP,Sudoeste Paulista,2022-03-29,11,3,Pequeno,17330.2600,26995.4800,28,Ativo
741,Empresa Automotiva 0741 Ltda,Auto Negócios 0741,99000000000741,Varejo,Oficina e serviços,São José do Rio Preto,SP,Noroeste Paulista,2024-12-07,16,4,Pequeno,14096.6100,11421.3700,0,Ativo
742,Empresa Automotiva 0742 Ltda,Auto Negócios 0742,99000000000742,Autopeças,Revenda,Campinas,SP,Metropolitana de Campinas,2023-09-23,3,1,Micro,6457.7800,9746.6200,30,Ativo
743,Empresa Automotiva 0743 Ltda,Auto Negócios 0743,99000000000743,Autopeças,Revenda,Campinas,SP,Metropolitana de Campinas,2021-07-08,2,1,Pequeno,17623.9200,15901.7400,21,Ativo
744,Empresa Automotiva 0744 Ltda,Auto Negócios 0744,99000000000744,Centro Automotivo,Frota e corporativo,Campinas,SP,Metropolitana de Campinas,2025-07-17,2,1,Micro,5954.9800,8804.3800,21,Ativo
745,Empresa Automotiva 0745 Ltda,Auto Negócios 0745,99000000000745,Centro Automotivo,Oficina e serviços,Campinas,SP,Metropolitana de Campinas,2022-04-15,5,1,Pequeno,32909.6900,59729.0200,28,Ativo
746,Empresa Automotiva 0746 Ltda,Auto Negócios 0746,99000000000746,Frotista,Oficina e serviços,São José do Rio Preto,SP,Noroeste Paulista,2024-06-09,16,4,Micro,3500.0000,4438.3400,45,Inativo
747,Empresa Automotiva 0747 Ltda,Auto Negócios 0747,99000000000747,Oficina Mecânica,Oficina e serviços,Sorocaba,SP,Sudoeste Paulista,2022-08-26,12,3,Micro,9442.3900,19869.7800,30,Ativo
748,Empresa Automotiva 0748 Ltda,Auto Negócios 0748,99000000000748,Autopeças,Oficina e serviços,Campinas,SP,Metropolitana de Campinas,2021-09-08,1,1,Pequeno,24157.0700,22626.3200,28,Ativo
749,Empresa Automotiva 0749 Ltda,Auto Negócios 0749,99000000000749,Autoelétrica,Revenda,São José do Rio Preto,SP,Noroeste Paulista,2022-05-28,17,4,Micro,5391.4300,11646.5200,28,Ativo
750,Empresa Automotiva 0750 Ltda,Auto Negócios 0750,99000000000750,Autoelétrica,Oficina e serviços,Campinas,SP,Metropolitana de Campinas,2022-08-23,4,1,Médio,52722.3400,93662.5500,28,Ativo
751,Empresa Automotiva 0751 Ltda,Auto Negócios 0751,99000000000751,Centro Automotivo,Revenda,Sorocaba,SP,Sudoeste Paulista,2024-10-06,14,3,Pequeno,12022.6000,19304.6500,30,Ativo
752,Empresa Automotiva 0752 Ltda,Auto Negócios 0752,99000000000752,Autoelétrica,Oficina e serviços,Sorocaba,SP,Sudoeste Paulista,2024-01-28,11,3,Micro,5592.1200,8983.7900,0,Ativo
753,Empresa Automotiva 0753 Ltda,Auto Negócios 0753,99000000000753,Centro Automotivo,Oficina e serviços,São José do Rio Preto,SP,Noroeste Paulista,2023-06-14,16,4,Pequeno,23805.2900,40307.9100,28,Ativo
754,Empresa Automotiva 0754 Ltda,Auto Negócios 0754,99000000000754,Autoelétrica,Oficina e serviços,Campinas,SP,Metropolitana de Campinas,2022-06-11,4,1,Pequeno,16187.6100,29084.4700,45,Ativo
755,Empresa Automotiva 0755 Ltda,Auto Negócios 0755,99000000000755,Centro Automotivo,Oficina e serviços,Ribeirão Preto,SP,Nordeste Paulista,2024-07-21,6,2,Micro,8399.6000,13905.3700,28,Ativo
756,Empresa Automotiva 0756 Ltda,Auto Negócios 0756,99000000000756,Frotista,Revenda,São José do Rio Preto,SP,Noroeste Paulista,2022-01-28,16,4,Pequeno,24292.8000,34245.3400,45,Ativo
757,Empresa Automotiva 0757 Ltda,Auto Negócios 0757,99000000000757,Revendedor,Revenda,Ribeirão Preto,SP,Nordeste Paulista,2023-12-29,10,2,Micro,8939.4700,17582.1400,45,Ativo
758,Empresa Automotiva 0758 Ltda,Auto Negócios 0758,99000000000758,Autoelétrica,Revenda,Campinas,SP,Metropolitana de Campinas,2022-07-30,1,1,Médio,85306.1500,68823.1500,30,Ativo
759,Empresa Automotiva 0759 Ltda,Auto Negócios 0759,99000000000759,Oficina Mecânica,Oficina e serviços,Campinas,SP,Metropolitana de Campinas,2023-09-23,1,1,Pequeno,20312.0700,38562.8400,30,Ativo
760,Empresa Automotiva 0760 Ltda,Auto Negócios 0760,99000000000760,Autoelétrica,Revenda,Campinas,SP,Metropolitana de Campinas,2022-08-04,1,1,Micro,3655.7900,3257.6800,21,Ativo
761,Empresa Automotiva 0761 Ltda,Auto Negócios 0761,99000000000761,Varejo,Revenda,São José do Rio Preto,SP,Noroeste Paulista,2025-03-06,20,4,Micro,4737.3900,8760.0800,21,Ativo
762,Empresa Automotiva 0762 Ltda,Auto Negócios 0762,99000000000762,Revendedor,Frota e corporativo,Sorocaba,SP,Sudoeste Paulista,2024-10-09,12,3,Micro,3957.7500,8232.4000,21,Ativo
763,Empresa Automotiva 0763 Ltda,Auto Negócios 0763,99000000000763,Autoelétrica,Oficina e serviços,Sorocaba,SP,Sudoeste Paulista,2024-09-28,14,3,Pequeno,31276.0800,54579.8800,28,Ativo
764,Empresa Automotiva 0764 Ltda,Auto Negócios 0764,99000000000764,Centro Automotivo,Oficina e serviços,Campinas,SP,Metropolitana de Campinas,2023-02-11,4,1,Pequeno,25346.4600,31354.5400,28,Ativo
765,Empresa Automotiva 0765 Ltda,Auto Negócios 0765,99000000000765,Varejo,Revenda,Sorocaba,SP,Sudoeste Paulista,2022-12-26,15,3,Micro,4465.3000,7410.7700,60,Inativo
766,Empresa Automotiva 0766 Ltda,Auto Negócios 0766,99000000000766,Autoelétrica,Oficina e serviços,Sorocaba,SP,Sudoeste Paulista,2023-08-03,15,3,Micro,7200.9800,6310.3500,45,Ativo
767,Empresa Automotiva 0767 Ltda,Auto Negócios 0767,99000000000767,Varejo,Oficina e serviços,Campinas,SP,Metropolitana de Campinas,2024-11-09,3,1,Micro,9098.4800,7675.1700,30,Ativo
768,Empresa Automotiva 0768 Ltda,Auto Negócios 0768,99000000000768,Oficina Mecânica,Oficina e serviços,Ribeirão Preto,SP,Nordeste Paulista,2025-08-16,9,2,Micro,5269.8800,9669.2900,30,Ativo
769,Empresa Automotiva 0769 Ltda,Auto Negócios 0769,99000000000769,Varejo,Oficina e serviços,São José do Rio Preto,SP,Noroeste Paulista,2021-12-14,20,4,Pequeno,18472.7200,37351.7700,21,Ativo
770,Empresa Automotiva 0770 Ltda,Auto Negócios 0770,99000000000770,Frotista,Oficina e serviços,Sorocaba,SP,Sudoeste Paulista,2024-07-02,14,3,Pequeno,14678.6800,20146.8800,21,Ativo
771,Empresa Automotiva 0771 Ltda,Auto Negócios 0771,99000000000771,Autoelétrica,Oficina e serviços,Sorocaba,SP,Sudoeste Paulista,2024-10-02,12,3,Pequeno,24860.8300,35076.3100,30,Ativo
772,Empresa Automotiva 0772 Ltda,Auto Negócios 0772,99000000000772,Revendedor,Frota e corporativo,Sorocaba,SP,Sudoeste Paulista,2021-06-16,15,3,Pequeno,18650.4400,35744.2800,21,Ativo
773,Empresa Automotiva 0773 Ltda,Auto Negócios 0773,99000000000773,Frotista,Oficina e serviços,Sorocaba,SP,Sudoeste Paulista,2023-04-24,15,3,Pequeno,30079.0700,27180.1500,14,Ativo
774,Empresa Automotiva 0774 Ltda,Auto Negócios 0774,99000000000774,Autoelétrica,Revenda,Ribeirão Preto,SP,Nordeste Paulista,2025-04-05,7,2,Grande,102817.9000,86626.2500,28,Ativo
775,Empresa Automotiva 0775 Ltda,Auto Negócios 0775,99000000000775,Centro Automotivo,Revenda,Campinas,SP,Metropolitana de Campinas,2022-10-03,5,1,Micro,3815.1900,5880.0300,14,Ativo
776,Empresa Automotiva 0776 Ltda,Auto Negócios 0776,99000000000776,Oficina Mecânica,Revenda,São José do Rio Preto,SP,Noroeste Paulista,2024-04-07,17,4,Pequeno,20040.1500,35608.1300,30,Ativo
777,Empresa Automotiva 0777 Ltda,Auto Negócios 0777,99000000000777,Revendedor,Oficina e serviços,São José do Rio Preto,SP,Noroeste Paulista,2023-07-28,20,4,Médio,35065.2400,32553.4200,28,Ativo
778,Empresa Automotiva 0778 Ltda,Auto Negócios 0778,99000000000778,Varejo,Oficina e serviços,Ribeirão Preto,SP,Nordeste Paulista,2023-12-24,6,2,Micro,10496.3100,17348.5000,21,Ativo
779,Empresa Automotiva 0779 Ltda,Auto Negócios 0779,99000000000779,Revendedor,Oficina e serviços,Sorocaba,SP,Sudoeste Paulista,2025-12-02,15,3,Médio,70061.4700,77895.1800,30,Ativo
780,Empresa Automotiva 0780 Ltda,Auto Negócios 0780,99000000000780,Oficina Mecânica,Revenda,Sorocaba,SP,Sudoeste Paulista,2024-06-22,11,3,Pequeno,17438.4300,32585.0400,30,Ativo
781,Empresa Automotiva 0781 Ltda,Auto Negócios 0781,99000000000781,Autopeças,Oficina e serviços,Sorocaba,SP,Sudoeste Paulista,2025-04-05,13,3,Pequeno,19363.5000,17567.6400,60,Ativo
782,Empresa Automotiva 0782 Ltda,Auto Negócios 0782,99000000000782,Varejo,Revenda,Campinas,SP,Metropolitana de Campinas,2021-04-08,3,1,Pequeno,34631.6400,41711.7300,28,Ativo
783,Empresa Automotiva 0783 Ltda,Auto Negócios 0783,99000000000783,Autopeças,Oficina e serviços,Ribeirão Preto,SP,Nordeste Paulista,2025-08-28,6,2,Pequeno,25524.3100,20423.7200,30,Ativo
784,Empresa Automotiva 0784 Ltda,Auto Negócios 0784,99000000000784,Varejo,Oficina e serviços,São José do Rio Preto,SP,Noroeste Paulista,2024-03-12,18,4,Pequeno,27274.2500,38185.6800,28,Ativo
785,Empresa Automotiva 0785 Ltda,Auto Negócios 0785,99000000000785,Autopeças,Revenda,Sorocaba,SP,Sudoeste Paulista,2023-06-19,12,3,Pequeno,32535.0400,35880.9100,14,Ativo
786,Empresa Automotiva 0786 Ltda,Auto Negócios 0786,99000000000786,Varejo,Oficina e serviços,Campinas,SP,Metropolitana de Campinas,2022-08-12,3,1,Micro,5018.7300,10677.4200,21,Ativo
787,Empresa Automotiva 0787 Ltda,Auto Negócios 0787,99000000000787,Centro Automotivo,Revenda,Campinas,SP,Metropolitana de Campinas,2021-10-30,1,1,Micro,9855.7400,8340.2300,14,Ativo
788,Empresa Automotiva 0788 Ltda,Auto Negócios 0788,99000000000788,Varejo,Revenda,Sorocaba,SP,Sudoeste Paulista,2024-05-03,12,3,Micro,3841.2200,5113.2000,28,Ativo
789,Empresa Automotiva 0789 Ltda,Auto Negócios 0789,99000000000789,Frotista,Revenda,Campinas,SP,Metropolitana de Campinas,2024-08-16,3,1,Pequeno,26261.5100,47370.2400,28,Ativo
790,Empresa Automotiva 0790 Ltda,Auto Negócios 0790,99000000000790,Varejo,Oficina e serviços,Campinas,SP,Metropolitana de Campinas,2025-03-25,5,1,Pequeno,25656.9000,37377.3400,45,Ativo
791,Empresa Automotiva 0791 Ltda,Auto Negócios 0791,99000000000791,Varejo,Oficina e serviços,Sorocaba,SP,Sudoeste Paulista,2023-12-15,13,3,Pequeno,16441.7900,28709.1300,30,Ativo
792,Empresa Automotiva 0792 Ltda,Auto Negócios 0792,99000000000792,Centro Automotivo,Oficina e serviços,São José do Rio Preto,SP,Noroeste Paulista,2024-11-23,16,4,Micro,5444.6500,9913.9500,30,Ativo
793,Empresa Automotiva 0793 Ltda,Auto Negócios 0793,99000000000793,Autopeças,Revenda,São José do Rio Preto,SP,Noroeste Paulista,2022-06-04,19,4,Pequeno,17620.5500,20055.6800,60,Ativo
794,Empresa Automotiva 0794 Ltda,Auto Negócios 0794,99000000000794,Frotista,Revenda,Ribeirão Preto,SP,Nordeste Paulista,2021-09-09,8,2,Pequeno,34498.0800,61871.5500,0,Ativo
795,Empresa Automotiva 0795 Ltda,Auto Negócios 0795,99000000000795,Centro Automotivo,Oficina e serviços,São José do Rio Preto,SP,Noroeste Paulista,2021-10-11,19,4,Micro,4080.9000,6066.9700,21,Ativo
796,Empresa Automotiva 0796 Ltda,Auto Negócios 0796,99000000000796,Varejo,Revenda,Campinas,SP,Metropolitana de Campinas,2024-09-15,1,1,Médio,61980.0000,66381.1400,30,Ativo
797,Empresa Automotiva 0797 Ltda,Auto Negócios 0797,99000000000797,Autoelétrica,Revenda,Ribeirão Preto,SP,Nordeste Paulista,2023-04-23,10,2,Médio,43724.7700,55606.9900,0,Ativo
798,Empresa Automotiva 0798 Ltda,Auto Negócios 0798,99000000000798,Autopeças,Oficina e serviços,Ribeirão Preto,SP,Nordeste Paulista,2023-07-11,8,2,Micro,9423.5900,8631.8400,28,Ativo
799,Empresa Automotiva 0799 Ltda,Auto Negócios 0799,99000000000799,Autopeças,Revenda,Campinas,SP,Metropolitana de Campinas,2023-05-14,2,1,Médio,82062.5000,96930.4300,30,Inativo
800,Empresa Automotiva 0800 Ltda,Auto Negócios 0800,99000000000800,Revendedor,Oficina e serviços,Campinas,SP,Metropolitana de Campinas,2022-10-31,1,1,Pequeno,21404.4300,21234.1600,28,Ativo
801,Empresa Automotiva 0801 Ltda,Auto Negócios 0801,99000000000801,Revendedor,Oficina e serviços,Campinas,SP,Metropolitana de Campinas,2022-11-04,1,1,Micro,4539.8500,8899.4600,21,Ativo
802,Empresa Automotiva 0802 Ltda,Auto Negócios 0802,99000000000802,Varejo,Oficina e serviços,Sorocaba,SP,Sudoeste Paulista,2024-08-28,13,3,Micro,6697.5900,6136.0700,14,Ativo
803,Empresa Automotiva 0803 Ltda,Auto Negócios 0803,99000000000803,Oficina Mecânica,Frota e corporativo,Sorocaba,SP,Sudoeste Paulista,2023-10-19,15,3,Micro,9313.7400,8623.9200,30,Inativo
804,Empresa Automotiva 0804 Ltda,Auto Negócios 0804,99000000000804,Varejo,Oficina e serviços,São José do Rio Preto,SP,Noroeste Paulista,2022-07-17,20,4,Pequeno,28421.0700,52001.4300,45,Ativo
805,Empresa Automotiva 0805 Ltda,Auto Negócios 0805,99000000000805,Frotista,Oficina e serviços,Campinas,SP,Metropolitana de Campinas,2024-03-30,3,1,Médio,83634.6700,174666.5800,0,Ativo
806,Empresa Automotiva 0806 Ltda,Auto Negócios 0806,99000000000806,Autoelétrica,Oficina e serviços,São José do Rio Preto,SP,Noroeste Paulista,2021-08-14,20,4,Micro,3500.0000,2948.7300,21,Ativo
807,Empresa Automotiva 0807 Ltda,Auto Negócios 0807,99000000000807,Autoelétrica,Oficina e serviços,Campinas,SP,Metropolitana de Campinas,2022-02-15,1,1,Pequeno,27662.9200,26104.3300,30,Ativo
808,Empresa Automotiva 0808 Ltda,Auto Negócios 0808,99000000000808,Frotista,Oficina e serviços,Campinas,SP,Metropolitana de Campinas,2024-01-22,4,1,Médio,38000.0100,64363.6200,28,Ativo
809,Empresa Automotiva 0809 Ltda,Auto Negócios 0809,99000000000809,Oficina Mecânica,Oficina e serviços,Campinas,SP,Metropolitana de Campinas,2021-06-03,3,1,Pequeno,27838.3000,29994.8400,60,Ativo
810,Empresa Automotiva 0810 Ltda,Auto Negócios 0810,99000000000810,Autoelétrica,Oficina e serviços,Campinas,SP,Metropolitana de Campinas,2021-02-02,1,1,Médio,72227.5500,116694.2100,28,Ativo
811,Empresa Automotiva 0811 Ltda,Auto Negócios 0811,99000000000811,Autoelétrica,Oficina e serviços,Ribeirão Preto,SP,Nordeste Paulista,2023-09-16,9,2,Médio,47243.8000,73543.8600,30,Inativo
812,Empresa Automotiva 0812 Ltda,Auto Negócios 0812,99000000000812,Varejo,Revenda,Ribeirão Preto,SP,Nordeste Paulista,2021-01-01,8,2,Micro,8935.3800,9983.2800,30,Ativo
813,Empresa Automotiva 0813 Ltda,Auto Negócios 0813,99000000000813,Autopeças,Oficina e serviços,Campinas,SP,Metropolitana de Campinas,2022-10-13,5,1,Médio,37311.6600,71578.6900,60,Ativo
814,Empresa Automotiva 0814 Ltda,Auto Negócios 0814,99000000000814,Centro Automotivo,Revenda,Campinas,SP,Metropolitana de Campinas,2021-08-17,4,1,Pequeno,21187.9900,43687.8100,30,Ativo
815,Empresa Automotiva 0815 Ltda,Auto Negócios 0815,99000000000815,Frotista,Oficina e serviços,Ribeirão Preto,SP,Nordeste Paulista,2023-07-19,7,2,Pequeno,14797.4000,12118.8300,45,Ativo
816,Empresa Automotiva 0816 Ltda,Auto Negócios 0816,99000000000816,Varejo,Oficina e serviços,Campinas,SP,Metropolitana de Campinas,2025-05-15,4,1,Pequeno,16571.9900,23862.3300,30,Ativo
817,Empresa Automotiva 0817 Ltda,Auto Negócios 0817,99000000000817,Centro Automotivo,Oficina e serviços,Campinas,SP,Metropolitana de Campinas,2022-05-01,3,1,Pequeno,13745.7100,19762.8700,0,Ativo
818,Empresa Automotiva 0818 Ltda,Auto Negócios 0818,99000000000818,Revendedor,Oficina e serviços,Ribeirão Preto,SP,Nordeste Paulista,2024-06-12,6,2,Micro,4491.1600,4079.1000,45,Ativo
819,Empresa Automotiva 0819 Ltda,Auto Negócios 0819,99000000000819,Frotista,Revenda,Campinas,SP,Metropolitana de Campinas,2025-02-12,1,1,Pequeno,30699.9100,33028.7500,30,Ativo
820,Empresa Automotiva 0820 Ltda,Auto Negócios 0820,99000000000820,Varejo,Revenda,Campinas,SP,Metropolitana de Campinas,2021-09-14,3,1,Micro,4833.6500,9651.7200,30,Ativo
821,Empresa Automotiva 0821 Ltda,Auto Negócios 0821,99000000000821,Autopeças,Revenda,Sorocaba,SP,Sudoeste Paulista,2024-08-18,12,3,Pequeno,12376.7300,20129.5200,30,Ativo
822,Empresa Automotiva 0822 Ltda,Auto Negócios 0822,99000000000822,Revendedor,Oficina e serviços,Ribeirão Preto,SP,Nordeste Paulista,2022-07-17,10,2,Médio,60638.7400,69030.6400,30,Ativo
823,Empresa Automotiva 0823 Ltda,Auto Negócios 0823,99000000000823,Autoelétrica,Oficina e serviços,Ribeirão Preto,SP,Nordeste Paulista,2024-09-06,6,2,Pequeno,14126.3200,26419.4700,0,Ativo
824,Empresa Automotiva 0824 Ltda,Auto Negócios 0824,99000000000824,Varejo,Revenda,São José do Rio Preto,SP,Noroeste Paulista,2022-11-24,18,4,Médio,66160.7600,53498.8500,30,Ativo
825,Empresa Automotiva 0825 Ltda,Auto Negócios 0825,99000000000825,Centro Automotivo,Oficina e serviços,Sorocaba,SP,Sudoeste Paulista,2023-01-25,11,3,Pequeno,15495.8600,30989.0900,30,Ativo
826,Empresa Automotiva 0826 Ltda,Auto Negócios 0826,99000000000826,Frotista,Revenda,Campinas,SP,Metropolitana de Campinas,2025-11-15,1,1,Pequeno,22886.4300,22739.2900,30,Ativo
827,Empresa Automotiva 0827 Ltda,Auto Negócios 0827,99000000000827,Revendedor,Oficina e serviços,Ribeirão Preto,SP,Nordeste Paulista,2022-10-02,7,2,Pequeno,26415.1400,51550.9700,60,Ativo
828,Empresa Automotiva 0828 Ltda,Auto Negócios 0828,99000000000828,Autoelétrica,Oficina e serviços,São José do Rio Preto,SP,Noroeste Paulista,2024-12-12,18,4,Médio,51349.2100,71858.8500,21,Ativo
829,Empresa Automotiva 0829 Ltda,Auto Negócios 0829,99000000000829,Oficina Mecânica,Oficina e serviços,São José do Rio Preto,SP,Noroeste Paulista,2025-07-03,16,4,Pequeno,30405.2700,50607.8500,28,Ativo
830,Empresa Automotiva 0830 Ltda,Auto Negócios 0830,99000000000830,Autoelétrica,Oficina e serviços,Ribeirão Preto,SP,Nordeste Paulista,2023-08-07,8,2,Micro,5418.5300,6012.9200,28,Ativo
831,Empresa Automotiva 0831 Ltda,Auto Negócios 0831,99000000000831,Autoelétrica,Revenda,São José do Rio Preto,SP,Noroeste Paulista,2022-10-28,18,4,Micro,8329.3500,10253.0400,28,Ativo
832,Empresa Automotiva 0832 Ltda,Auto Negócios 0832,99000000000832,Autoelétrica,Revenda,Ribeirão Preto,SP,Nordeste Paulista,2021-11-14,9,2,Micro,10799.4300,12785.9200,30,Inativo
833,Empresa Automotiva 0833 Ltda,Auto Negócios 0833,99000000000833,Centro Automotivo,Frota e corporativo,Sorocaba,SP,Sudoeste Paulista,2024-04-04,13,3,Pequeno,29232.4400,63226.5100,30,Ativo
834,Empresa Automotiva 0834 Ltda,Auto Negócios 0834,99000000000834,Varejo,Oficina e serviços,Ribeirão Preto,SP,Nordeste Paulista,2022-01-28,7,2,Micro,11911.1100,13687.5200,21,Inativo
835,Empresa Automotiva 0835 Ltda,Auto Negócios 0835,99000000000835,Centro Automotivo,Frota e corporativo,São José do Rio Preto,SP,Noroeste Paulista,2025-09-23,19,4,Pequeno,20043.8800,21821.6800,30,Ativo
836,Empresa Automotiva 0836 Ltda,Auto Negócios 0836,99000000000836,Autopeças,Oficina e serviços,Campinas,SP,Metropolitana de Campinas,2023-03-24,3,1,Pequeno,15636.3500,14385.7200,28,Ativo
837,Empresa Automotiva 0837 Ltda,Auto Negócios 0837,99000000000837,Autopeças,Revenda,Sorocaba,SP,Sudoeste Paulista,2025-11-12,15,3,Pequeno,33464.7700,56437.8100,28,Ativo
838,Empresa Automotiva 0838 Ltda,Auto Negócios 0838,99000000000838,Centro Automotivo,Oficina e serviços,Sorocaba,SP,Sudoeste Paulista,2025-08-17,13,3,Pequeno,21381.5300,17679.7800,30,Ativo
839,Empresa Automotiva 0839 Ltda,Auto Negócios 0839,99000000000839,Frotista,Oficina e serviços,Campinas,SP,Metropolitana de Campinas,2021-03-01,3,1,Pequeno,14695.7400,30246.4600,0,Ativo
840,Empresa Automotiva 0840 Ltda,Auto Negócios 0840,99000000000840,Oficina Mecânica,Oficina e serviços,Campinas,SP,Metropolitana de Campinas,2021-01-05,4,1,Micro,8811.2000,9850.2600,14,Ativo
841,Empresa Automotiva 0841 Ltda,Auto Negócios 0841,99000000000841,Revendedor,Oficina e serviços,Campinas,SP,Metropolitana de Campinas,2025-11-12,2,1,Micro,11103.2700,19138.3000,14,Ativo
842,Empresa Automotiva 0842 Ltda,Auto Negócios 0842,99000000000842,Frotista,Oficina e serviços,Sorocaba,SP,Sudoeste Paulista,2023-02-09,15,3,Micro,7833.0300,15861.7600,0,Inativo
843,Empresa Automotiva 0843 Ltda,Auto Negócios 0843,99000000000843,Oficina Mecânica,Oficina e serviços,Ribeirão Preto,SP,Nordeste Paulista,2025-10-19,10,2,Micro,9450.0800,13113.4300,30,Ativo
844,Empresa Automotiva 0844 Ltda,Auto Negócios 0844,99000000000844,Revendedor,Revenda,Campinas,SP,Metropolitana de Campinas,2022-12-26,4,1,Médio,66943.6200,69963.3300,21,Ativo
845,Empresa Automotiva 0845 Ltda,Auto Negócios 0845,99000000000845,Oficina Mecânica,Oficina e serviços,Campinas,SP,Metropolitana de Campinas,2025-02-27,2,1,Pequeno,28461.2600,59109.4300,21,Inativo
846,Empresa Automotiva 0846 Ltda,Auto Negócios 0846,99000000000846,Oficina Mecânica,Oficina e serviços,Sorocaba,SP,Sudoeste Paulista,2023-10-26,14,3,Micro,5173.2800,4583.1800,30,Ativo
847,Empresa Automotiva 0847 Ltda,Auto Negócios 0847,99000000000847,Revendedor,Oficina e serviços,Ribeirão Preto,SP,Nordeste Paulista,2021-10-22,8,2,Micro,8616.3700,7756.6700,21,Inativo
848,Empresa Automotiva 0848 Ltda,Auto Negócios 0848,99000000000848,Revendedor,Oficina e serviços,Ribeirão Preto,SP,Nordeste Paulista,2025-10-27,9,2,Pequeno,24613.5300,24465.7900,21,Ativo
849,Empresa Automotiva 0849 Ltda,Auto Negócios 0849,99000000000849,Varejo,Revenda,Ribeirão Preto,SP,Nordeste Paulista,2022-07-29,9,2,Micro,3500.0000,5657.7300,30,Ativo
850,Empresa Automotiva 0850 Ltda,Auto Negócios 0850,99000000000850,Revendedor,Oficina e serviços,São José do Rio Preto,SP,Noroeste Paulista,2021-10-05,16,4,Micro,10437.5300,15883.3900,30,Ativo
851,Empresa Automotiva 0851 Ltda,Auto Negócios 0851,99000000000851,Revendedor,Oficina e serviços,São José do Rio Preto,SP,Noroeste Paulista,2024-11-16,20,4,Médio,61613.4300,59695.0400,21,Ativo
852,Empresa Automotiva 0852 Ltda,Auto Negócios 0852,99000000000852,Autopeças,Frota e corporativo,Campinas,SP,Metropolitana de Campinas,2021-06-21,2,1,Micro,6894.0800,12962.4100,28,Ativo
853,Empresa Automotiva 0853 Ltda,Auto Negócios 0853,99000000000853,Autopeças,Oficina e serviços,São José do Rio Preto,SP,Noroeste Paulista,2022-01-31,18,4,Pequeno,27267.9500,23270.2600,28,Ativo
854,Empresa Automotiva 0854 Ltda,Auto Negócios 0854,99000000000854,Revendedor,Revenda,São José do Rio Preto,SP,Noroeste Paulista,2022-10-21,17,4,Pequeno,16628.2500,23779.1300,21,Inativo
855,Empresa Automotiva 0855 Ltda,Auto Negócios 0855,99000000000855,Centro Automotivo,Revenda,São José do Rio Preto,SP,Noroeste Paulista,2021-11-07,16,4,Pequeno,18059.2700,29139.5300,21,Ativo
856,Empresa Automotiva 0856 Ltda,Auto Negócios 0856,99000000000856,Varejo,Oficina e serviços,Ribeirão Preto,SP,Nordeste Paulista,2024-11-11,8,2,Micro,4260.8100,8591.9800,30,Ativo
857,Empresa Automotiva 0857 Ltda,Auto Negócios 0857,99000000000857,Revendedor,Revenda,Campinas,SP,Metropolitana de Campinas,2021-11-06,5,1,Pequeno,19627.0100,17835.8400,60,Ativo
858,Empresa Automotiva 0858 Ltda,Auto Negócios 0858,99000000000858,Centro Automotivo,Oficina e serviços,Campinas,SP,Metropolitana de Campinas,2023-07-02,4,1,Micro,10755.1800,9374.5800,30,Ativo
859,Empresa Automotiva 0859 Ltda,Auto Negócios 0859,99000000000859,Frotista,Oficina e serviços,Ribeirão Preto,SP,Nordeste Paulista,2022-10-20,10,2,Pequeno,30205.2300,46830.7700,21,Ativo
860,Empresa Automotiva 0860 Ltda,Auto Negócios 0860,99000000000860,Centro Automotivo,Oficina e serviços,Campinas,SP,Metropolitana de Campinas,2025-10-31,4,1,Pequeno,17344.4400,28603.5600,28,Ativo
861,Empresa Automotiva 0861 Ltda,Auto Negócios 0861,99000000000861,Autopeças,Oficina e serviços,Campinas,SP,Metropolitana de Campinas,2023-04-24,1,1,Pequeno,21988.2700,19434.5900,45,Ativo
862,Empresa Automotiva 0862 Ltda,Auto Negócios 0862,99000000000862,Autoelétrica,Revenda,Campinas,SP,Metropolitana de Campinas,2021-11-30,4,1,Micro,3912.2000,4245.8900,45,Ativo
863,Empresa Automotiva 0863 Ltda,Auto Negócios 0863,99000000000863,Revendedor,Oficina e serviços,Sorocaba,SP,Sudoeste Paulista,2024-07-30,15,3,Pequeno,17291.4000,29092.7100,28,Ativo
864,Empresa Automotiva 0864 Ltda,Auto Negócios 0864,99000000000864,Centro Automotivo,Revenda,Ribeirão Preto,SP,Nordeste Paulista,2024-01-03,6,2,Pequeno,16741.8100,34155.4700,45,Ativo
865,Empresa Automotiva 0865 Ltda,Auto Negócios 0865,99000000000865,Oficina Mecânica,Revenda,Sorocaba,SP,Sudoeste Paulista,2024-11-08,14,3,Micro,3500.0000,3188.4000,30,Ativo
866,Empresa Automotiva 0866 Ltda,Auto Negócios 0866,99000000000866,Oficina Mecânica,Revenda,Campinas,SP,Metropolitana de Campinas,2023-10-28,3,1,Micro,9491.6000,17968.7400,30,Ativo
867,Empresa Automotiva 0867 Ltda,Auto Negócios 0867,99000000000867,Centro Automotivo,Frota e corporativo,Ribeirão Preto,SP,Nordeste Paulista,2021-07-16,9,2,Médio,39816.1000,31869.6400,30,Ativo
868,Empresa Automotiva 0868 Ltda,Auto Negócios 0868,99000000000868,Varejo,Oficina e serviços,Sorocaba,SP,Sudoeste Paulista,2021-01-09,12,3,Grande,130862.9000,230887.0200,21,Ativo
869,Empresa Automotiva 0869 Ltda,Auto Negócios 0869,99000000000869,Centro Automotivo,Revenda,Sorocaba,SP,Sudoeste Paulista,2021-08-12,13,3,Micro,6507.5000,11925.8400,14,Ativo
870,Empresa Automotiva 0870 Ltda,Auto Negócios 0870,99000000000870,Varejo,Frota e corporativo,Sorocaba,SP,Sudoeste Paulista,2023-01-16,15,3,Pequeno,18739.1000,41043.4000,0,Ativo
871,Empresa Automotiva 0871 Ltda,Auto Negócios 0871,99000000000871,Oficina Mecânica,Revenda,Sorocaba,SP,Sudoeste Paulista,2021-07-31,15,3,Pequeno,15107.8500,13471.2700,28,Ativo
872,Empresa Automotiva 0872 Ltda,Auto Negócios 0872,99000000000872,Autopeças,Frota e corporativo,Campinas,SP,Metropolitana de Campinas,2023-12-25,2,1,Micro,10699.6300,19656.3500,30,Ativo
873,Empresa Automotiva 0873 Ltda,Auto Negócios 0873,99000000000873,Centro Automotivo,Oficina e serviços,Sorocaba,SP,Sudoeste Paulista,2023-07-23,12,3,Micro,10456.9800,13088.8400,30,Ativo
874,Empresa Automotiva 0874 Ltda,Auto Negócios 0874,99000000000874,Autoelétrica,Revenda,Campinas,SP,Metropolitana de Campinas,2024-03-21,4,1,Pequeno,16645.0000,34179.7800,30,Ativo
875,Empresa Automotiva 0875 Ltda,Auto Negócios 0875,99000000000875,Revendedor,Frota e corporativo,Sorocaba,SP,Sudoeste Paulista,2025-10-26,11,3,Micro,5803.9300,9144.9700,60,Ativo
876,Empresa Automotiva 0876 Ltda,Auto Negócios 0876,99000000000876,Autopeças,Oficina e serviços,Campinas,SP,Metropolitana de Campinas,2022-07-23,2,1,Micro,5765.8000,10808.5600,30,Ativo
877,Empresa Automotiva 0877 Ltda,Auto Negócios 0877,99000000000877,Autoelétrica,Revenda,Campinas,SP,Metropolitana de Campinas,2025-01-17,5,1,Micro,5072.5000,4286.2400,28,Ativo
878,Empresa Automotiva 0878 Ltda,Auto Negócios 0878,99000000000878,Autoelétrica,Oficina e serviços,Ribeirão Preto,SP,Nordeste Paulista,2024-01-14,9,2,Pequeno,27026.3100,28133.0800,30,Ativo
879,Empresa Automotiva 0879 Ltda,Auto Negócios 0879,99000000000879,Autopeças,Oficina e serviços,Ribeirão Preto,SP,Nordeste Paulista,2025-06-06,7,2,Pequeno,25063.4400,21487.0100,45,Ativo
880,Empresa Automotiva 0880 Ltda,Auto Negócios 0880,99000000000880,Varejo,Oficina e serviços,São José do Rio Preto,SP,Noroeste Paulista,2025-03-17,16,4,Médio,56529.7000,72484.4800,30,Ativo
881,Empresa Automotiva 0881 Ltda,Auto Negócios 0881,99000000000881,Centro Automotivo,Revenda,Campinas,SP,Metropolitana de Campinas,2022-11-25,3,1,Pequeno,22627.1300,36879.4200,28,Ativo
882,Empresa Automotiva 0882 Ltda,Auto Negócios 0882,99000000000882,Autoelétrica,Revenda,Ribeirão Preto,SP,Nordeste Paulista,2023-04-09,8,2,Pequeno,13053.8600,22208.4900,30,Inativo
883,Empresa Automotiva 0883 Ltda,Auto Negócios 0883,99000000000883,Frotista,Revenda,São José do Rio Preto,SP,Noroeste Paulista,2025-03-29,18,4,Micro,3500.0000,3346.0900,21,Ativo
884,Empresa Automotiva 0884 Ltda,Auto Negócios 0884,99000000000884,Revendedor,Revenda,São José do Rio Preto,SP,Noroeste Paulista,2022-04-06,17,4,Micro,3534.6600,6879.7500,60,Ativo
885,Empresa Automotiva 0885 Ltda,Auto Negócios 0885,99000000000885,Centro Automotivo,Oficina e serviços,Campinas,SP,Metropolitana de Campinas,2021-01-11,4,1,Médio,69445.9800,150780.8800,21,Inativo
886,Empresa Automotiva 0886 Ltda,Auto Negócios 0886,99000000000886,Revendedor,Oficina e serviços,São José do Rio Preto,SP,Noroeste Paulista,2021-05-25,19,4,Pequeno,18457.8800,27649.5400,30,Ativo
887,Empresa Automotiva 0887 Ltda,Auto Negócios 0887,99000000000887,Autopeças,Oficina e serviços,Ribeirão Preto,SP,Nordeste Paulista,2024-08-28,6,2,Micro,4866.7100,6412.5700,0,Ativo
888,Empresa Automotiva 0888 Ltda,Auto Negócios 0888,99000000000888,Centro Automotivo,Revenda,Campinas,SP,Metropolitana de Campinas,2023-02-11,2,1,Pequeno,24631.4900,36514.2700,14,Ativo
889,Empresa Automotiva 0889 Ltda,Auto Negócios 0889,99000000000889,Centro Automotivo,Revenda,Campinas,SP,Metropolitana de Campinas,2021-10-08,3,1,Médio,82209.5000,145479.7800,21,Ativo
890,Empresa Automotiva 0890 Ltda,Auto Negócios 0890,99000000000890,Oficina Mecânica,Oficina e serviços,São José do Rio Preto,SP,Noroeste Paulista,2025-08-29,20,4,Micro,5727.7400,5707.1100,14,Ativo
891,Empresa Automotiva 0891 Ltda,Auto Negócios 0891,99000000000891,Autoelétrica,Oficina e serviços,Ribeirão Preto,SP,Nordeste Paulista,2024-04-12,9,2,Pequeno,12799.5500,24290.7500,28,Ativo
892,Empresa Automotiva 0892 Ltda,Auto Negócios 0892,99000000000892,Varejo,Revenda,Ribeirão Preto,SP,Nordeste Paulista,2024-11-29,10,2,Micro,6560.1800,6157.0800,21,Inativo
893,Empresa Automotiva 0893 Ltda,Auto Negócios 0893,99000000000893,Autoelétrica,Oficina e serviços,Campinas,SP,Metropolitana de Campinas,2024-07-22,2,1,Pequeno,25528.1100,43629.0200,30,Ativo
894,Empresa Automotiva 0894 Ltda,Auto Negócios 0894,99000000000894,Centro Automotivo,Revenda,São José do Rio Preto,SP,Noroeste Paulista,2025-01-12,16,4,Pequeno,14377.9200,13589.7700,45,Ativo
895,Empresa Automotiva 0895 Ltda,Auto Negócios 0895,99000000000895,Oficina Mecânica,Revenda,Ribeirão Preto,SP,Nordeste Paulista,2022-01-03,8,2,Pequeno,31420.3000,45488.3600,0,Inativo
896,Empresa Automotiva 0896 Ltda,Auto Negócios 0896,99000000000896,Oficina Mecânica,Revenda,São José do Rio Preto,SP,Noroeste Paulista,2025-05-17,19,4,Médio,69229.4100,131181.0000,30,Ativo
897,Empresa Automotiva 0897 Ltda,Auto Negócios 0897,99000000000897,Oficina Mecânica,Oficina e serviços,Campinas,SP,Metropolitana de Campinas,2023-04-23,3,1,Pequeno,26664.5800,47047.3400,21,Ativo
898,Empresa Automotiva 0898 Ltda,Auto Negócios 0898,99000000000898,Frotista,Oficina e serviços,Campinas,SP,Metropolitana de Campinas,2025-04-15,4,1,Pequeno,17645.1200,34961.8400,30,Ativo
899,Empresa Automotiva 0899 Ltda,Auto Negócios 0899,99000000000899,Oficina Mecânica,Oficina e serviços,São José do Rio Preto,SP,Noroeste Paulista,2024-05-09,20,4,Micro,7952.8500,16111.6300,28,Ativo
900,Empresa Automotiva 0900 Ltda,Auto Negócios 0900,99000000000900,Frotista,Oficina e serviços,Campinas,SP,Metropolitana de Campinas,2021-02-21,5,1,Micro,9329.2300,19011.8500,21,Ativo
901,Empresa Automotiva 0901 Ltda,Auto Negócios 0901,99000000000901,Revendedor,Revenda,Sorocaba,SP,Sudoeste Paulista,2024-03-02,14,3,Grande,101795.7800,86504.7800,14,Ativo
902,Empresa Automotiva 0902 Ltda,Auto Negócios 0902,99000000000902,Varejo,Revenda,Ribeirão Preto,SP,Nordeste Paulista,2024-09-15,7,2,Pequeno,13564.5000,29384.5500,30,Ativo
903,Empresa Automotiva 0903 Ltda,Auto Negócios 0903,99000000000903,Oficina Mecânica,Revenda,Sorocaba,SP,Sudoeste Paulista,2025-08-28,12,3,Micro,8676.4000,11272.1200,30,Ativo
904,Empresa Automotiva 0904 Ltda,Auto Negócios 0904,99000000000904,Autopeças,Oficina e serviços,Ribeirão Preto,SP,Nordeste Paulista,2025-02-12,10,2,Micro,8132.1400,17630.7000,0,Inativo
905,Empresa Automotiva 0905 Ltda,Auto Negócios 0905,99000000000905,Varejo,Revenda,Campinas,SP,Metropolitana de Campinas,2021-05-17,1,1,Pequeno,12307.7200,12028.4300,45,Ativo
906,Empresa Automotiva 0906 Ltda,Auto Negócios 0906,99000000000906,Autopeças,Oficina e serviços,Sorocaba,SP,Sudoeste Paulista,2021-12-14,15,3,Pequeno,25109.2400,26586.8100,30,Ativo
907,Empresa Automotiva 0907 Ltda,Auto Negócios 0907,99000000000907,Autopeças,Oficina e serviços,Ribeirão Preto,SP,Nordeste Paulista,2024-06-24,6,2,Pequeno,26430.9100,30826.2600,60,Ativo
908,Empresa Automotiva 0908 Ltda,Auto Negócios 0908,99000000000908,Frotista,Frota e corporativo,Campinas,SP,Metropolitana de Campinas,2023-04-25,5,1,Micro,3507.0000,5481.6400,28,Ativo
909,Empresa Automotiva 0909 Ltda,Auto Negócios 0909,99000000000909,Frotista,Oficina e serviços,Campinas,SP,Metropolitana de Campinas,2022-01-07,4,1,Pequeno,24854.7800,20989.7700,30,Ativo
910,Empresa Automotiva 0910 Ltda,Auto Negócios 0910,99000000000910,Autopeças,Revenda,São José do Rio Preto,SP,Noroeste Paulista,2024-11-09,16,4,Micro,5722.2500,7701.5300,30,Ativo
911,Empresa Automotiva 0911 Ltda,Auto Negócios 0911,99000000000911,Frotista,Oficina e serviços,São José do Rio Preto,SP,Noroeste Paulista,2023-12-23,17,4,Pequeno,16199.3700,29041.1600,21,Ativo
912,Empresa Automotiva 0912 Ltda,Auto Negócios 0912,99000000000912,Autopeças,Revenda,Campinas,SP,Metropolitana de Campinas,2023-06-26,3,1,Pequeno,14112.2500,29196.3700,0,Ativo
913,Empresa Automotiva 0913 Ltda,Auto Negócios 0913,99000000000913,Revendedor,Revenda,Sorocaba,SP,Sudoeste Paulista,2025-11-16,14,3,Micro,3500.0000,4605.2800,14,Ativo
914,Empresa Automotiva 0914 Ltda,Auto Negócios 0914,99000000000914,Revendedor,Oficina e serviços,Campinas,SP,Metropolitana de Campinas,2024-10-29,1,1,Micro,10059.7500,19392.9700,21,Ativo
915,Empresa Automotiva 0915 Ltda,Auto Negócios 0915,99000000000915,Frotista,Oficina e serviços,Sorocaba,SP,Sudoeste Paulista,2024-09-06,11,3,Pequeno,29690.2600,41598.9200,30,Ativo
916,Empresa Automotiva 0916 Ltda,Auto Negócios 0916,99000000000916,Autopeças,Revenda,Campinas,SP,Metropolitana de Campinas,2024-06-09,1,1,Pequeno,23061.8300,42709.1900,28,Ativo
917,Empresa Automotiva 0917 Ltda,Auto Negócios 0917,99000000000917,Autopeças,Oficina e serviços,Ribeirão Preto,SP,Nordeste Paulista,2024-06-06,6,2,Micro,4766.8100,5028.1700,60,Ativo
918,Empresa Automotiva 0918 Ltda,Auto Negócios 0918,99000000000918,Revendedor,Oficina e serviços,Ribeirão Preto,SP,Nordeste Paulista,2021-06-06,7,2,Micro,6406.5100,5467.0100,0,Ativo
919,Empresa Automotiva 0919 Ltda,Auto Negócios 0919,99000000000919,Autoelétrica,Oficina e serviços,Campinas,SP,Metropolitana de Campinas,2021-01-16,2,1,Médio,49298.6800,86736.9200,14,Ativo
920,Empresa Automotiva 0920 Ltda,Auto Negócios 0920,99000000000920,Autoelétrica,Oficina e serviços,Campinas,SP,Metropolitana de Campinas,2024-11-14,1,1,Pequeno,13299.5200,20449.3500,30,Ativo
921,Empresa Automotiva 0921 Ltda,Auto Negócios 0921,99000000000921,Frotista,Oficina e serviços,Campinas,SP,Metropolitana de Campinas,2021-03-27,4,1,Pequeno,30580.7100,51565.8800,14,Ativo
922,Empresa Automotiva 0922 Ltda,Auto Negócios 0922,99000000000922,Centro Automotivo,Oficina e serviços,São José do Rio Preto,SP,Noroeste Paulista,2021-11-14,19,4,Pequeno,28379.8800,58364.6500,14,Ativo
923,Empresa Automotiva 0923 Ltda,Auto Negócios 0923,99000000000923,Varejo,Oficina e serviços,Campinas,SP,Metropolitana de Campinas,2024-06-26,2,1,Pequeno,21086.2100,40761.4400,45,Ativo
924,Empresa Automotiva 0924 Ltda,Auto Negócios 0924,99000000000924,Autoelétrica,Oficina e serviços,Ribeirão Preto,SP,Nordeste Paulista,2021-08-26,9,2,Pequeno,18204.5300,20383.1400,30,Ativo
925,Empresa Automotiva 0925 Ltda,Auto Negócios 0925,99000000000925,Varejo,Oficina e serviços,Campinas,SP,Metropolitana de Campinas,2024-08-17,5,1,Micro,11498.8100,21147.3000,28,Ativo
926,Empresa Automotiva 0926 Ltda,Auto Negócios 0926,99000000000926,Autopeças,Frota e corporativo,São José do Rio Preto,SP,Noroeste Paulista,2025-08-19,17,4,Micro,7836.0900,7313.7100,60,Ativo
927,Empresa Automotiva 0927 Ltda,Auto Negócios 0927,99000000000927,Autoelétrica,Revenda,Ribeirão Preto,SP,Nordeste Paulista,2021-11-30,8,2,Micro,10128.8700,18559.7200,14,Ativo
928,Empresa Automotiva 0928 Ltda,Auto Negócios 0928,99000000000928,Oficina Mecânica,Oficina e serviços,Campinas,SP,Metropolitana de Campinas,2023-06-27,2,1,Pequeno,17356.5900,21996.1600,45,Ativo
929,Empresa Automotiva 0929 Ltda,Auto Negócios 0929,99000000000929,Revendedor,Oficina e serviços,Campinas,SP,Metropolitana de Campinas,2021-09-29,2,1,Micro,4636.4900,7404.8200,21,Inativo
930,Empresa Automotiva 0930 Ltda,Auto Negócios 0930,99000000000930,Frotista,Oficina e serviços,Campinas,SP,Metropolitana de Campinas,2021-09-19,1,1,Pequeno,16946.5000,35382.8700,21,Ativo
931,Empresa Automotiva 0931 Ltda,Auto Negócios 0931,99000000000931,Frotista,Frota e corporativo,Ribeirão Preto,SP,Nordeste Paulista,2023-02-26,8,2,Pequeno,19242.0000,15510.0400,45,Ativo
932,Empresa Automotiva 0932 Ltda,Auto Negócios 0932,99000000000932,Autoelétrica,Oficina e serviços,Sorocaba,SP,Sudoeste Paulista,2021-03-20,15,3,Micro,10553.4100,22112.0400,45,Ativo
933,Empresa Automotiva 0933 Ltda,Auto Negócios 0933,99000000000933,Revendedor,Oficina e serviços,Sorocaba,SP,Sudoeste Paulista,2024-01-22,14,3,Pequeno,21230.9700,25372.2200,21,Ativo
934,Empresa Automotiva 0934 Ltda,Auto Negócios 0934,99000000000934,Autoelétrica,Revenda,Campinas,SP,Metropolitana de Campinas,2021-11-27,4,1,Grande,174886.8200,310583.5900,14,Ativo
935,Empresa Automotiva 0935 Ltda,Auto Negócios 0935,99000000000935,Autopeças,Revenda,São José do Rio Preto,SP,Noroeste Paulista,2023-07-16,16,4,Micro,8053.3800,9055.8000,30,Ativo
936,Empresa Automotiva 0936 Ltda,Auto Negócios 0936,99000000000936,Varejo,Revenda,Sorocaba,SP,Sudoeste Paulista,2025-04-29,15,3,Micro,11340.6900,17807.1000,30,Ativo
937,Empresa Automotiva 0937 Ltda,Auto Negócios 0937,99000000000937,Revendedor,Revenda,Sorocaba,SP,Sudoeste Paulista,2021-07-14,14,3,Médio,43909.4600,86765.6600,30,Ativo
938,Empresa Automotiva 0938 Ltda,Auto Negócios 0938,99000000000938,Centro Automotivo,Revenda,Campinas,SP,Metropolitana de Campinas,2021-06-04,5,1,Pequeno,25984.4800,46551.7100,30,Ativo
939,Empresa Automotiva 0939 Ltda,Auto Negócios 0939,99000000000939,Varejo,Revenda,Sorocaba,SP,Sudoeste Paulista,2021-05-10,15,3,Micro,7623.1200,15943.9300,30,Ativo
940,Empresa Automotiva 0940 Ltda,Auto Negócios 0940,99000000000940,Oficina Mecânica,Revenda,Campinas,SP,Metropolitana de Campinas,2021-11-14,3,1,Médio,38652.5300,39211.0100,28,Ativo
941,Empresa Automotiva 0941 Ltda,Auto Negócios 0941,99000000000941,Autoelétrica,Oficina e serviços,Sorocaba,SP,Sudoeste Paulista,2025-04-24,13,3,Micro,7979.2100,13614.9800,0,Ativo
942,Empresa Automotiva 0942 Ltda,Auto Negócios 0942,99000000000942,Autoelétrica,Revenda,Ribeirão Preto,SP,Nordeste Paulista,2025-03-26,7,2,Pequeno,18475.7900,27489.5100,0,Ativo
943,Empresa Automotiva 0943 Ltda,Auto Negócios 0943,99000000000943,Oficina Mecânica,Revenda,São José do Rio Preto,SP,Noroeste Paulista,2021-12-08,18,4,Médio,46628.3700,65022.1700,0,Ativo
944,Empresa Automotiva 0944 Ltda,Auto Negócios 0944,99000000000944,Centro Automotivo,Frota e corporativo,Campinas,SP,Metropolitana de Campinas,2024-05-22,4,1,Pequeno,13372.8600,17663.4400,60,Inativo
945,Empresa Automotiva 0945 Ltda,Auto Negócios 0945,99000000000945,Revendedor,Revenda,Sorocaba,SP,Sudoeste Paulista,2025-12-04,15,3,Médio,56594.6400,90906.0600,30,Ativo
946,Empresa Automotiva 0946 Ltda,Auto Negócios 0946,99000000000946,Centro Automotivo,Oficina e serviços,São José do Rio Preto,SP,Noroeste Paulista,2025-03-10,17,4,Pequeno,24974.5200,20243.0000,45,Ativo
947,Empresa Automotiva 0947 Ltda,Auto Negócios 0947,99000000000947,Autoelétrica,Oficina e serviços,Sorocaba,SP,Sudoeste Paulista,2023-12-19,13,3,Médio,40411.9300,78962.2600,0,Ativo
948,Empresa Automotiva 0948 Ltda,Auto Negócios 0948,99000000000948,Autopeças,Oficina e serviços,São José do Rio Preto,SP,Noroeste Paulista,2022-02-23,20,4,Pequeno,13364.4700,25666.1400,28,Ativo
949,Empresa Automotiva 0949 Ltda,Auto Negócios 0949,99000000000949,Autoelétrica,Revenda,Ribeirão Preto,SP,Nordeste Paulista,2021-12-17,6,2,Micro,9309.5900,13966.2600,45,Ativo
950,Empresa Automotiva 0950 Ltda,Auto Negócios 0950,99000000000950,Varejo,Revenda,Campinas,SP,Metropolitana de Campinas,2025-03-07,2,1,Micro,7711.7100,9403.3400,30,Ativo
951,Empresa Automotiva 0951 Ltda,Auto Negócios 0951,99000000000951,Varejo,Revenda,Campinas,SP,Metropolitana de Campinas,2025-09-13,1,1,Pequeno,24279.3800,23496.5000,21,Ativo
952,Empresa Automotiva 0952 Ltda,Auto Negócios 0952,99000000000952,Frotista,Oficina e serviços,Campinas,SP,Metropolitana de Campinas,2024-02-11,5,1,Micro,11734.1900,17620.6000,21,Ativo
953,Empresa Automotiva 0953 Ltda,Auto Negócios 0953,99000000000953,Autoelétrica,Oficina e serviços,Ribeirão Preto,SP,Nordeste Paulista,2021-04-03,9,2,Pequeno,18745.9400,18008.0700,30,Ativo
954,Empresa Automotiva 0954 Ltda,Auto Negócios 0954,99000000000954,Frotista,Oficina e serviços,Sorocaba,SP,Sudoeste Paulista,2024-11-20,12,3,Micro,8513.4700,11657.6400,28,Ativo
955,Empresa Automotiva 0955 Ltda,Auto Negócios 0955,99000000000955,Varejo,Revenda,Sorocaba,SP,Sudoeste Paulista,2025-03-20,13,3,Micro,3500.0000,7681.3400,14,Ativo
956,Empresa Automotiva 0956 Ltda,Auto Negócios 0956,99000000000956,Autopeças,Oficina e serviços,Campinas,SP,Metropolitana de Campinas,2025-10-30,5,1,Pequeno,29287.1400,36110.5500,45,Ativo
957,Empresa Automotiva 0957 Ltda,Auto Negócios 0957,99000000000957,Varejo,Revenda,São José do Rio Preto,SP,Noroeste Paulista,2021-12-23,16,4,Pequeno,18516.4000,15837.3200,28,Ativo
958,Empresa Automotiva 0958 Ltda,Auto Negócios 0958,99000000000958,Frotista,Revenda,Campinas,SP,Metropolitana de Campinas,2022-04-11,1,1,Micro,6874.5500,7036.9600,30,Ativo
959,Empresa Automotiva 0959 Ltda,Auto Negócios 0959,99000000000959,Autoelétrica,Revenda,Sorocaba,SP,Sudoeste Paulista,2022-09-01,14,3,Médio,43110.2900,66816.7600,0,Ativo
960,Empresa Automotiva 0960 Ltda,Auto Negócios 0960,99000000000960,Frotista,Oficina e serviços,Campinas,SP,Metropolitana de Campinas,2023-03-25,4,1,Médio,83242.3500,167815.2500,21,Ativo
961,Empresa Automotiva 0961 Ltda,Auto Negócios 0961,99000000000961,Varejo,Oficina e serviços,Sorocaba,SP,Sudoeste Paulista,2022-08-11,13,3,Micro,6482.5500,6004.8400,0,Ativo
962,Empresa Automotiva 0962 Ltda,Auto Negócios 0962,99000000000962,Centro Automotivo,Oficina e serviços,Sorocaba,SP,Sudoeste Paulista,2021-12-16,11,3,Pequeno,14409.0600,25848.5400,30,Inativo
963,Empresa Automotiva 0963 Ltda,Auto Negócios 0963,99000000000963,Autoelétrica,Oficina e serviços,Sorocaba,SP,Sudoeste Paulista,2022-02-25,11,3,Pequeno,32609.1400,54097.8200,30,Inativo
964,Empresa Automotiva 0964 Ltda,Auto Negócios 0964,99000000000964,Autoelétrica,Revenda,Sorocaba,SP,Sudoeste Paulista,2023-02-20,15,3,Micro,11752.1500,22477.3000,14,Ativo
965,Empresa Automotiva 0965 Ltda,Auto Negócios 0965,99000000000965,Frotista,Revenda,Sorocaba,SP,Sudoeste Paulista,2022-04-09,11,3,Pequeno,18384.7900,28417.1100,14,Ativo
966,Empresa Automotiva 0966 Ltda,Auto Negócios 0966,99000000000966,Autoelétrica,Revenda,Campinas,SP,Metropolitana de Campinas,2025-06-15,1,1,Médio,55610.3100,113453.6500,21,Inativo
967,Empresa Automotiva 0967 Ltda,Auto Negócios 0967,99000000000967,Varejo,Oficina e serviços,Campinas,SP,Metropolitana de Campinas,2022-07-03,3,1,Pequeno,15020.4000,28674.7100,28,Ativo
968,Empresa Automotiva 0968 Ltda,Auto Negócios 0968,99000000000968,Centro Automotivo,Revenda,Campinas,SP,Metropolitana de Campinas,2021-01-14,1,1,Micro,3500.0000,6636.7500,45,Ativo
969,Empresa Automotiva 0969 Ltda,Auto Negócios 0969,99000000000969,Autoelétrica,Oficina e serviços,Campinas,SP,Metropolitana de Campinas,2025-04-05,2,1,Micro,4770.0200,8376.7300,30,Ativo
970,Empresa Automotiva 0970 Ltda,Auto Negócios 0970,99000000000970,Frotista,Oficina e serviços,Campinas,SP,Metropolitana de Campinas,2021-11-17,1,1,Micro,3500.0000,7379.1400,21,Ativo
971,Empresa Automotiva 0971 Ltda,Auto Negócios 0971,99000000000971,Oficina Mecânica,Oficina e serviços,Campinas,SP,Metropolitana de Campinas,2025-02-03,1,1,Micro,5677.1800,12476.3500,45,Ativo
972,Empresa Automotiva 0972 Ltda,Auto Negócios 0972,99000000000972,Oficina Mecânica,Oficina e serviços,Campinas,SP,Metropolitana de Campinas,2021-12-12,3,1,Pequeno,30898.9200,34764.7700,28,Ativo
973,Empresa Automotiva 0973 Ltda,Auto Negócios 0973,99000000000973,Centro Automotivo,Oficina e serviços,Campinas,SP,Metropolitana de Campinas,2022-09-29,4,1,Micro,7416.1500,9475.4900,45,Ativo
974,Empresa Automotiva 0974 Ltda,Auto Negócios 0974,99000000000974,Varejo,Oficina e serviços,São José do Rio Preto,SP,Noroeste Paulista,2024-04-15,16,4,Pequeno,21443.0900,45232.3900,14,Ativo
975,Empresa Automotiva 0975 Ltda,Auto Negócios 0975,99000000000975,Frotista,Oficina e serviços,Campinas,SP,Metropolitana de Campinas,2023-02-07,3,1,Pequeno,15036.9200,28386.3400,14,Ativo
976,Empresa Automotiva 0976 Ltda,Auto Negócios 0976,99000000000976,Frotista,Oficina e serviços,Campinas,SP,Metropolitana de Campinas,2023-10-08,4,1,Pequeno,12678.7500,16400.9100,45,Ativo
977,Empresa Automotiva 0977 Ltda,Auto Negócios 0977,99000000000977,Autopeças,Oficina e serviços,Campinas,SP,Metropolitana de Campinas,2021-10-15,4,1,Pequeno,14664.2600,15222.0900,45,Ativo
978,Empresa Automotiva 0978 Ltda,Auto Negócios 0978,99000000000978,Autoelétrica,Revenda,Campinas,SP,Metropolitana de Campinas,2022-05-01,4,1,Micro,7787.0600,14283.5300,45,Ativo
979,Empresa Automotiva 0979 Ltda,Auto Negócios 0979,99000000000979,Autoelétrica,Revenda,Campinas,SP,Metropolitana de Campinas,2023-12-28,3,1,Pequeno,15230.9200,19445.6700,45,Ativo
980,Empresa Automotiva 0980 Ltda,Auto Negócios 0980,99000000000980,Autoelétrica,Oficina e serviços,Ribeirão Preto,SP,Nordeste Paulista,2021-05-09,8,2,Pequeno,34561.2500,64624.1500,30,Ativo
981,Empresa Automotiva 0981 Ltda,Auto Negócios 0981,99000000000981,Autoelétrica,Oficina e serviços,Campinas,SP,Metropolitana de Campinas,2021-06-21,4,1,Micro,11060.9800,19517.4500,45,Ativo
982,Empresa Automotiva 0982 Ltda,Auto Negócios 0982,99000000000982,Frotista,Revenda,Ribeirão Preto,SP,Nordeste Paulista,2021-07-24,9,2,Médio,38043.0800,34101.3800,28,Ativo
983,Empresa Automotiva 0983 Ltda,Auto Negócios 0983,99000000000983,Varejo,Revenda,Ribeirão Preto,SP,Nordeste Paulista,2021-05-26,6,2,Pequeno,19607.7100,19655.0400,0,Ativo
984,Empresa Automotiva 0984 Ltda,Auto Negócios 0984,99000000000984,Centro Automotivo,Revenda,Campinas,SP,Metropolitana de Campinas,2022-09-08,3,1,Pequeno,25192.7000,27128.8800,28,Ativo
985,Empresa Automotiva 0985 Ltda,Auto Negócios 0985,99000000000985,Autopeças,Oficina e serviços,Sorocaba,SP,Sudoeste Paulista,2021-03-23,12,3,Pequeno,27394.9700,24902.0500,30,Inativo
986,Empresa Automotiva 0986 Ltda,Auto Negócios 0986,99000000000986,Varejo,Oficina e serviços,São José do Rio Preto,SP,Noroeste Paulista,2022-04-03,19,4,Pequeno,16969.3100,35196.5600,14,Ativo
987,Empresa Automotiva 0987 Ltda,Auto Negócios 0987,99000000000987,Centro Automotivo,Oficina e serviços,Campinas,SP,Metropolitana de Campinas,2024-08-05,4,1,Pequeno,32048.3400,28931.3900,30,Ativo
988,Empresa Automotiva 0988 Ltda,Auto Negócios 0988,99000000000988,Revendedor,Oficina e serviços,São José do Rio Preto,SP,Noroeste Paulista,2022-02-21,20,4,Micro,7612.9700,9346.6600,45,Ativo
989,Empresa Automotiva 0989 Ltda,Auto Negócios 0989,99000000000989,Centro Automotivo,Oficina e serviços,Ribeirão Preto,SP,Nordeste Paulista,2025-02-18,8,2,Micro,5012.5300,10642.6900,28,Ativo
990,Empresa Automotiva 0990 Ltda,Auto Negócios 0990,99000000000990,Varejo,Revenda,Ribeirão Preto,SP,Nordeste Paulista,2022-09-13,8,2,Médio,52136.3400,48476.7100,21,Ativo
991,Empresa Automotiva 0991 Ltda,Auto Negócios 0991,99000000000991,Varejo,Frota e corporativo,Campinas,SP,Metropolitana de Campinas,2022-08-27,1,1,Pequeno,34396.8500,74185.2700,0,Ativo
992,Empresa Automotiva 0992 Ltda,Auto Negócios 0992,99000000000992,Oficina Mecânica,Revenda,Ribeirão Preto,SP,Nordeste Paulista,2024-08-25,10,2,Pequeno,24029.7100,28416.5000,60,Ativo
993,Empresa Automotiva 0993 Ltda,Auto Negócios 0993,99000000000993,Autopeças,Revenda,Campinas,SP,Metropolitana de Campinas,2023-04-10,1,1,Micro,10611.2400,11585.9500,21,Ativo
994,Empresa Automotiva 0994 Ltda,Auto Negócios 0994,99000000000994,Autopeças,Revenda,Ribeirão Preto,SP,Nordeste Paulista,2021-11-09,10,2,Micro,6093.4000,9852.7600,28,Ativo
995,Empresa Automotiva 0995 Ltda,Auto Negócios 0995,99000000000995,Revendedor,Oficina e serviços,Sorocaba,SP,Sudoeste Paulista,2023-03-10,13,3,Pequeno,33438.4900,61392.0200,30,Ativo
996,Empresa Automotiva 0996 Ltda,Auto Negócios 0996,99000000000996,Autoelétrica,Revenda,Campinas,SP,Metropolitana de Campinas,2023-10-09,4,1,Pequeno,15381.4400,18375.3500,21,Ativo
997,Empresa Automotiva 0997 Ltda,Auto Negócios 0997,99000000000997,Revendedor,Revenda,Sorocaba,SP,Sudoeste Paulista,2022-06-21,11,3,Pequeno,20386.5000,20299.0900,30,Ativo
998,Empresa Automotiva 0998 Ltda,Auto Negócios 0998,99000000000998,Oficina Mecânica,Oficina e serviços,Sorocaba,SP,Sudoeste Paulista,2021-10-05,12,3,Pequeno,18104.6100,34235.2500,14,Ativo
999,Empresa Automotiva 0999 Ltda,Auto Negócios 0999,99000000000999,Autopeças,Oficina e serviços,Campinas,SP,Metropolitana de Campinas,2024-08-27,5,1,Pequeno,23449.7500,30092.9700,0,Ativo
1000,Empresa Automotiva 1000 Ltda,Auto Negócios 1000,99000000001000,Autopeças,Revenda,Campinas,SP,Metropolitana de Campinas,2023-11-08,1,1,Pequeno,12175.1900,19745.0500,30,Ativo
1001,Empresa Automotiva 1001 Ltda,Auto Negócios 1001,99000000001001,Frotista,Oficina e serviços,Campinas,SP,Metropolitana de Campinas,2023-09-24,1,1,Micro,6654.0400,12403.0500,14,Ativo
1002,Empresa Automotiva 1002 Ltda,Auto Negócios 1002,99000000001002,Varejo,Oficina e serviços,São José do Rio Preto,SP,Noroeste Paulista,2022-03-16,19,4,Pequeno,18718.4500,25761.5400,28,Ativo
1003,Empresa Automotiva 1003 Ltda,Auto Negócios 1003,99000000001003,Autopeças,Oficina e serviços,Ribeirão Preto,SP,Nordeste Paulista,2023-04-23,8,2,Pequeno,21860.1900,41074.2000,21,Ativo
1004,Empresa Automotiva 1004 Ltda,Auto Negócios 1004,99000000001004,Centro Automotivo,Revenda,Campinas,SP,Metropolitana de Campinas,2022-05-29,3,1,Pequeno,34829.5500,31328.0700,21,Ativo
1005,Empresa Automotiva 1005 Ltda,Auto Negócios 1005,99000000001005,Autopeças,Oficina e serviços,São José do Rio Preto,SP,Noroeste Paulista,2021-07-16,19,4,Micro,4946.2700,9109.4900,30,Ativo
1006,Empresa Automotiva 1006 Ltda,Auto Negócios 1006,99000000001006,Autoelétrica,Revenda,São José do Rio Preto,SP,Noroeste Paulista,2021-05-25,19,4,Pequeno,13149.7900,21541.9300,60,Ativo
1007,Empresa Automotiva 1007 Ltda,Auto Negócios 1007,99000000001007,Centro Automotivo,Oficina e serviços,Campinas,SP,Metropolitana de Campinas,2023-07-03,4,1,Pequeno,14032.0100,24360.4800,30,Ativo
1008,Empresa Automotiva 1008 Ltda,Auto Negócios 1008,99000000001008,Oficina Mecânica,Oficina e serviços,São José do Rio Preto,SP,Noroeste Paulista,2022-02-03,20,4,Pequeno,33252.1400,61556.4500,21,Ativo
1009,Empresa Automotiva 1009 Ltda,Auto Negócios 1009,99000000001009,Autoelétrica,Oficina e serviços,São José do Rio Preto,SP,Noroeste Paulista,2023-12-14,18,4,Pequeno,17598.4400,18488.1900,30,Ativo
1010,Empresa Automotiva 1010 Ltda,Auto Negócios 1010,99000000001010,Autoelétrica,Revenda,Ribeirão Preto,SP,Nordeste Paulista,2022-06-05,9,2,Micro,11513.3300,24988.2500,30,Ativo
1011,Empresa Automotiva 1011 Ltda,Auto Negócios 1011,99000000001011,Oficina Mecânica,Revenda,São José do Rio Preto,SP,Noroeste Paulista,2021-02-03,17,4,Micro,4809.6500,5825.6300,45,Ativo
1012,Empresa Automotiva 1012 Ltda,Auto Negócios 1012,99000000001012,Oficina Mecânica,Frota e corporativo,Campinas,SP,Metropolitana de Campinas,2021-02-21,5,1,Micro,8022.1300,8769.2400,45,Ativo
1013,Empresa Automotiva 1013 Ltda,Auto Negócios 1013,99000000001013,Centro Automotivo,Oficina e serviços,Ribeirão Preto,SP,Nordeste Paulista,2023-10-25,10,2,Médio,37581.2400,33928.9500,28,Ativo
1014,Empresa Automotiva 1014 Ltda,Auto Negócios 1014,99000000001014,Varejo,Oficina e serviços,Ribeirão Preto,SP,Nordeste Paulista,2024-09-19,9,2,Micro,9271.1000,10890.0800,28,Ativo
1015,Empresa Automotiva 1015 Ltda,Auto Negócios 1015,99000000001015,Centro Automotivo,Oficina e serviços,Ribeirão Preto,SP,Nordeste Paulista,2022-03-01,8,2,Pequeno,26192.7000,25359.4200,30,Ativo
1016,Empresa Automotiva 1016 Ltda,Auto Negócios 1016,99000000001016,Centro Automotivo,Oficina e serviços,Sorocaba,SP,Sudoeste Paulista,2023-02-22,14,3,Micro,6326.1000,5482.7100,28,Ativo
1017,Empresa Automotiva 1017 Ltda,Auto Negócios 1017,99000000001017,Varejo,Oficina e serviços,São José do Rio Preto,SP,Noroeste Paulista,2025-01-19,17,4,Médio,64826.7200,116552.3800,30,Ativo
1018,Empresa Automotiva 1018 Ltda,Auto Negócios 1018,99000000001018,Frotista,Revenda,Sorocaba,SP,Sudoeste Paulista,2024-10-14,13,3,Pequeno,21982.9400,42570.6000,28,Inativo
1019,Empresa Automotiva 1019 Ltda,Auto Negócios 1019,99000000001019,Centro Automotivo,Oficina e serviços,Campinas,SP,Metropolitana de Campinas,2023-10-11,5,1,Pequeno,26646.0300,21705.1900,21,Ativo
1020,Empresa Automotiva 1020 Ltda,Auto Negócios 1020,99000000001020,Frotista,Revenda,Sorocaba,SP,Sudoeste Paulista,2025-02-13,11,3,Médio,40706.5200,50965.1300,21,Ativo
1021,Empresa Automotiva 1021 Ltda,Auto Negócios 1021,99000000001021,Varejo,Revenda,Campinas,SP,Metropolitana de Campinas,2022-02-15,5,1,Pequeno,33187.9700,61744.5800,21,Ativo
1022,Empresa Automotiva 1022 Ltda,Auto Negócios 1022,99000000001022,Centro Automotivo,Revenda,Sorocaba,SP,Sudoeste Paulista,2023-01-24,12,3,Pequeno,17038.7300,17820.7200,45,Ativo
1023,Empresa Automotiva 1023 Ltda,Auto Negócios 1023,99000000001023,Autopeças,Frota e corporativo,Sorocaba,SP,Sudoeste Paulista,2025-02-19,15,3,Pequeno,13423.9000,21867.5600,30,Ativo
1024,Empresa Automotiva 1024 Ltda,Auto Negócios 1024,99000000001024,Frotista,Oficina e serviços,São José do Rio Preto,SP,Noroeste Paulista,2021-06-24,16,4,Pequeno,20236.0000,38393.5000,30,Ativo
1025,Empresa Automotiva 1025 Ltda,Auto Negócios 1025,99000000001025,Autoelétrica,Revenda,Ribeirão Preto,SP,Nordeste Paulista,2023-07-04,7,2,Micro,3500.0000,5974.7600,21,Ativo
1026,Empresa Automotiva 1026 Ltda,Auto Negócios 1026,99000000001026,Autopeças,Oficina e serviços,Campinas,SP,Metropolitana de Campinas,2021-12-18,2,1,Grande,122503.6300,264626.0000,0,Ativo
1027,Empresa Automotiva 1027 Ltda,Auto Negócios 1027,99000000001027,Revendedor,Oficina e serviços,São José do Rio Preto,SP,Noroeste Paulista,2024-11-16,17,4,Pequeno,19694.9100,42937.7300,28,Ativo
1028,Empresa Automotiva 1028 Ltda,Auto Negócios 1028,99000000001028,Frotista,Frota e corporativo,Campinas,SP,Metropolitana de Campinas,2023-09-12,1,1,Pequeno,18651.9200,24570.9400,30,Inativo
1029,Empresa Automotiva 1029 Ltda,Auto Negócios 1029,99000000001029,Centro Automotivo,Revenda,São José do Rio Preto,SP,Noroeste Paulista,2024-04-28,19,4,Médio,42736.5000,48150.1800,30,Ativo
1030,Empresa Automotiva 1030 Ltda,Auto Negócios 1030,99000000001030,Autoelétrica,Frota e corporativo,Ribeirão Preto,SP,Nordeste Paulista,2021-02-02,8,2,Médio,35652.7100,46230.4300,30,Ativo
1031,Empresa Automotiva 1031 Ltda,Auto Negócios 1031,99000000001031,Autoelétrica,Oficina e serviços,São José do Rio Preto,SP,Noroeste Paulista,2024-03-10,20,4,Micro,11586.1800,24536.8700,30,Ativo
1032,Empresa Automotiva 1032 Ltda,Auto Negócios 1032,99000000001032,Centro Automotivo,Oficina e serviços,Campinas,SP,Metropolitana de Campinas,2024-05-04,4,1,Pequeno,18587.9100,20944.5700,21,Ativo
1033,Empresa Automotiva 1033 Ltda,Auto Negócios 1033,99000000001033,Autopeças,Oficina e serviços,Campinas,SP,Metropolitana de Campinas,2021-12-07,4,1,Micro,6206.0600,8813.6000,28,Ativo
1034,Empresa Automotiva 1034 Ltda,Auto Negócios 1034,99000000001034,Revendedor,Oficina e serviços,Ribeirão Preto,SP,Nordeste Paulista,2024-10-24,9,2,Pequeno,19930.2400,30589.3700,30,Ativo
1035,Empresa Automotiva 1035 Ltda,Auto Negócios 1035,99000000001035,Varejo,Oficina e serviços,Campinas,SP,Metropolitana de Campinas,2025-07-28,4,1,Pequeno,23857.7100,22018.4300,30,Ativo
1036,Empresa Automotiva 1036 Ltda,Auto Negócios 1036,99000000001036,Oficina Mecânica,Revenda,Ribeirão Preto,SP,Nordeste Paulista,2024-10-31,6,2,Pequeno,19918.1500,23590.8500,30,Ativo
1037,Empresa Automotiva 1037 Ltda,Auto Negócios 1037,99000000001037,Revendedor,Revenda,Ribeirão Preto,SP,Nordeste Paulista,2024-06-05,10,2,Micro,7218.3700,13754.4900,0,Ativo
1038,Empresa Automotiva 1038 Ltda,Auto Negócios 1038,99000000001038,Varejo,Oficina e serviços,Ribeirão Preto,SP,Nordeste Paulista,2022-07-18,7,2,Pequeno,14476.8700,13492.3200,30,Ativo
1039,Empresa Automotiva 1039 Ltda,Auto Negócios 1039,99000000001039,Autopeças,Revenda,Sorocaba,SP,Sudoeste Paulista,2023-10-13,11,3,Pequeno,22364.4800,27211.2800,45,Ativo
1040,Empresa Automotiva 1040 Ltda,Auto Negócios 1040,99000000001040,Frotista,Revenda,Sorocaba,SP,Sudoeste Paulista,2024-03-15,14,3,Pequeno,21857.7800,33450.5900,28,Ativo
1041,Empresa Automotiva 1041 Ltda,Auto Negócios 1041,99000000001041,Centro Automotivo,Revenda,São José do Rio Preto,SP,Noroeste Paulista,2025-05-16,18,4,Pequeno,15112.1100,24220.3100,30,Ativo
1042,Empresa Automotiva 1042 Ltda,Auto Negócios 1042,99000000001042,Autopeças,Oficina e serviços,Ribeirão Preto,SP,Nordeste Paulista,2021-04-25,7,2,Médio,78222.2000,123552.0800,28,Ativo
1043,Empresa Automotiva 1043 Ltda,Auto Negócios 1043,99000000001043,Oficina Mecânica,Revenda,Campinas,SP,Metropolitana de Campinas,2023-03-21,5,1,Micro,5388.9200,6357.1700,30,Ativo
1044,Empresa Automotiva 1044 Ltda,Auto Negócios 1044,99000000001044,Centro Automotivo,Revenda,Campinas,SP,Metropolitana de Campinas,2025-06-09,4,1,Pequeno,13400.5900,12880.3500,30,Ativo
1045,Empresa Automotiva 1045 Ltda,Auto Negócios 1045,99000000001045,Revendedor,Frota e corporativo,Campinas,SP,Metropolitana de Campinas,2023-01-21,3,1,Médio,60137.2000,115477.5900,30,Ativo
1046,Empresa Automotiva 1046 Ltda,Auto Negócios 1046,99000000001046,Frotista,Revenda,Campinas,SP,Metropolitana de Campinas,2022-08-14,5,1,Micro,3913.5100,7711.8800,21,Ativo
1047,Empresa Automotiva 1047 Ltda,Auto Negócios 1047,99000000001047,Varejo,Revenda,Ribeirão Preto,SP,Nordeste Paulista,2023-09-15,9,2,Pequeno,26750.7700,35647.4400,30,Ativo
1048,Empresa Automotiva 1048 Ltda,Auto Negócios 1048,99000000001048,Revendedor,Oficina e serviços,São José do Rio Preto,SP,Noroeste Paulista,2021-07-05,20,4,Pequeno,23108.9700,29755.4700,45,Ativo
1049,Empresa Automotiva 1049 Ltda,Auto Negócios 1049,99000000001049,Varejo,Oficina e serviços,São José do Rio Preto,SP,Noroeste Paulista,2023-07-17,16,4,Pequeno,29803.8600,61358.4700,21,Ativo
1050,Empresa Automotiva 1050 Ltda,Auto Negócios 1050,99000000001050,Centro Automotivo,Revenda,Sorocaba,SP,Sudoeste Paulista,2022-08-26,15,3,Micro,5436.9200,10731.5900,14,Ativo
1051,Empresa Automotiva 1051 Ltda,Auto Negócios 1051,99000000001051,Autoelétrica,Frota e corporativo,Campinas,SP,Metropolitana de Campinas,2021-07-19,5,1,Micro,3500.0000,4497.2800,60,Ativo
1052,Empresa Automotiva 1052 Ltda,Auto Negócios 1052,99000000001052,Centro Automotivo,Oficina e serviços,Sorocaba,SP,Sudoeste Paulista,2024-11-11,15,3,Médio,46635.1400,55672.5400,45,Ativo
1053,Empresa Automotiva 1053 Ltda,Auto Negócios 1053,99000000001053,Frotista,Oficina e serviços,São José do Rio Preto,SP,Noroeste Paulista,2025-09-14,18,4,Pequeno,15644.7700,12748.0800,45,Ativo
1054,Empresa Automotiva 1054 Ltda,Auto Negócios 1054,99000000001054,Varejo,Oficina e serviços,Ribeirão Preto,SP,Nordeste Paulista,2024-12-04,8,2,Pequeno,28993.2900,61777.6500,30,Ativo
1055,Empresa Automotiva 1055 Ltda,Auto Negócios 1055,99000000001055,Varejo,Revenda,Ribeirão Preto,SP,Nordeste Paulista,2025-11-30,9,2,Pequeno,21487.3300,45986.9800,30,Ativo
1056,Empresa Automotiva 1056 Ltda,Auto Negócios 1056,99000000001056,Revendedor,Revenda,Campinas,SP,Metropolitana de Campinas,2023-03-10,4,1,Pequeno,16636.6100,26909.8800,30,Ativo
1057,Empresa Automotiva 1057 Ltda,Auto Negócios 1057,99000000001057,Revendedor,Revenda,Sorocaba,SP,Sudoeste Paulista,2024-08-05,13,3,Pequeno,29433.2700,57581.1800,21,Ativo
1058,Empresa Automotiva 1058 Ltda,Auto Negócios 1058,99000000001058,Frotista,Oficina e serviços,Campinas,SP,Metropolitana de Campinas,2023-05-11,3,1,Pequeno,14651.5600,31782.3800,30,Ativo
1059,Empresa Automotiva 1059 Ltda,Auto Negócios 1059,99000000001059,Autoelétrica,Revenda,Campinas,SP,Metropolitana de Campinas,2023-05-27,5,1,Micro,6313.5700,13733.8800,21,Ativo
1060,Empresa Automotiva 1060 Ltda,Auto Negócios 1060,99000000001060,Autopeças,Frota e corporativo,Campinas,SP,Metropolitana de Campinas,2022-05-19,1,1,Pequeno,14418.5300,26219.8200,28,Ativo
1061,Empresa Automotiva 1061 Ltda,Auto Negócios 1061,99000000001061,Centro Automotivo,Revenda,São José do Rio Preto,SP,Noroeste Paulista,2022-01-31,17,4,Micro,5064.1000,5344.3900,0,Ativo
1062,Empresa Automotiva 1062 Ltda,Auto Negócios 1062,99000000001062,Revendedor,Frota e corporativo,Campinas,SP,Metropolitana de Campinas,2022-02-09,5,1,Pequeno,15897.0500,19913.3200,21,Ativo
1063,Empresa Automotiva 1063 Ltda,Auto Negócios 1063,99000000001063,Frotista,Oficina e serviços,Ribeirão Preto,SP,Nordeste Paulista,2022-08-06,6,2,Micro,6777.4300,8628.2900,60,Inativo
1064,Empresa Automotiva 1064 Ltda,Auto Negócios 1064,99000000001064,Revendedor,Oficina e serviços,Campinas,SP,Metropolitana de Campinas,2022-04-17,4,1,Médio,66634.5400,125200.4300,45,Ativo
1065,Empresa Automotiva 1065 Ltda,Auto Negócios 1065,99000000001065,Oficina Mecânica,Oficina e serviços,Sorocaba,SP,Sudoeste Paulista,2025-01-14,13,3,Micro,9512.0700,10746.2700,21,Inativo
1066,Empresa Automotiva 1066 Ltda,Auto Negócios 1066,99000000001066,Varejo,Oficina e serviços,Ribeirão Preto,SP,Nordeste Paulista,2022-08-09,6,2,Pequeno,33209.8300,70368.2200,30,Ativo
1067,Empresa Automotiva 1067 Ltda,Auto Negócios 1067,99000000001067,Revendedor,Oficina e serviços,Sorocaba,SP,Sudoeste Paulista,2023-01-06,14,3,Pequeno,24513.1500,22047.4900,45,Ativo
1068,Empresa Automotiva 1068 Ltda,Auto Negócios 1068,99000000001068,Autopeças,Revenda,Sorocaba,SP,Sudoeste Paulista,2022-12-08,13,3,Médio,45572.7700,98595.2000,21,Ativo
1069,Empresa Automotiva 1069 Ltda,Auto Negócios 1069,99000000001069,Varejo,Frota e corporativo,Ribeirão Preto,SP,Nordeste Paulista,2025-05-19,9,2,Micro,8665.8100,9200.6300,30,Ativo
1070,Empresa Automotiva 1070 Ltda,Auto Negócios 1070,99000000001070,Frotista,Revenda,São José do Rio Preto,SP,Noroeste Paulista,2025-10-13,17,4,Micro,4059.1800,6291.2700,45,Ativo
1071,Empresa Automotiva 1071 Ltda,Auto Negócios 1071,99000000001071,Autoelétrica,Oficina e serviços,São José do Rio Preto,SP,Noroeste Paulista,2023-10-29,20,4,Pequeno,24001.7800,46787.2100,30,Ativo
1072,Empresa Automotiva 1072 Ltda,Auto Negócios 1072,99000000001072,Autopeças,Revenda,Ribeirão Preto,SP,Nordeste Paulista,2024-09-24,10,2,Pequeno,25123.7700,49530.3200,14,Ativo
1073,Empresa Automotiva 1073 Ltda,Auto Negócios 1073,99000000001073,Revendedor,Oficina e serviços,São José do Rio Preto,SP,Noroeste Paulista,2021-11-29,17,4,Micro,9293.4600,7650.9800,14,Ativo
1074,Empresa Automotiva 1074 Ltda,Auto Negócios 1074,99000000001074,Frotista,Oficina e serviços,Sorocaba,SP,Sudoeste Paulista,2025-01-18,15,3,Pequeno,15815.9700,23642.7700,45,Ativo
1075,Empresa Automotiva 1075 Ltda,Auto Negócios 1075,99000000001075,Autoelétrica,Revenda,Sorocaba,SP,Sudoeste Paulista,2021-02-15,11,3,Pequeno,12349.0900,17022.5600,30,Ativo
1076,Empresa Automotiva 1076 Ltda,Auto Negócios 1076,99000000001076,Revendedor,Revenda,Ribeirão Preto,SP,Nordeste Paulista,2024-04-03,9,2,Micro,5096.7200,5324.1100,28,Ativo
1077,Empresa Automotiva 1077 Ltda,Auto Negócios 1077,99000000001077,Frotista,Oficina e serviços,Sorocaba,SP,Sudoeste Paulista,2025-08-21,11,3,Pequeno,24523.3000,28034.6100,28,Ativo
1078,Empresa Automotiva 1078 Ltda,Auto Negócios 1078,99000000001078,Oficina Mecânica,Revenda,Ribeirão Preto,SP,Nordeste Paulista,2025-07-02,6,2,Médio,38014.4800,83532.0300,21,Ativo
1079,Empresa Automotiva 1079 Ltda,Auto Negócios 1079,99000000001079,Revendedor,Oficina e serviços,Ribeirão Preto,SP,Nordeste Paulista,2025-10-26,7,2,Micro,6236.7800,13458.3400,28,Ativo
1080,Empresa Automotiva 1080 Ltda,Auto Negócios 1080,99000000001080,Autopeças,Oficina e serviços,Ribeirão Preto,SP,Nordeste Paulista,2023-12-01,9,2,Pequeno,15024.8400,20524.4100,30,Ativo
1081,Empresa Automotiva 1081 Ltda,Auto Negócios 1081,99000000001081,Frotista,Revenda,Campinas,SP,Metropolitana de Campinas,2024-04-22,5,1,Pequeno,21649.5600,27999.4600,28,Inativo
1082,Empresa Automotiva 1082 Ltda,Auto Negócios 1082,99000000001082,Autopeças,Oficina e serviços,Campinas,SP,Metropolitana de Campinas,2021-06-01,3,1,Micro,3500.0000,3552.3700,30,Ativo
1083,Empresa Automotiva 1083 Ltda,Auto Negócios 1083,99000000001083,Varejo,Oficina e serviços,Sorocaba,SP,Sudoeste Paulista,2025-04-16,11,3,Pequeno,21474.4300,25171.3600,60,Ativo
1084,Empresa Automotiva 1084 Ltda,Auto Negócios 1084,99000000001084,Autopeças,Oficina e serviços,São José do Rio Preto,SP,Noroeste Paulista,2021-03-12,17,4,Pequeno,34568.7100,75698.3300,28,Ativo
1085,Empresa Automotiva 1085 Ltda,Auto Negócios 1085,99000000001085,Autoelétrica,Oficina e serviços,São José do Rio Preto,SP,Noroeste Paulista,2023-06-06,19,4,Pequeno,27372.4800,48121.4800,30,Inativo
1086,Empresa Automotiva 1086 Ltda,Auto Negócios 1086,99000000001086,Varejo,Revenda,Campinas,SP,Metropolitana de Campinas,2023-12-13,2,1,Pequeno,26712.1200,48955.4400,0,Ativo
1087,Empresa Automotiva 1087 Ltda,Auto Negócios 1087,99000000001087,Autopeças,Oficina e serviços,Campinas,SP,Metropolitana de Campinas,2022-10-14,4,1,Micro,5436.7100,5511.1900,0,Inativo
1088,Empresa Automotiva 1088 Ltda,Auto Negócios 1088,99000000001088,Frotista,Oficina e serviços,Ribeirão Preto,SP,Nordeste Paulista,2023-09-03,6,2,Pequeno,16549.4700,22120.9300,45,Ativo
1089,Empresa Automotiva 1089 Ltda,Auto Negócios 1089,99000000001089,Varejo,Oficina e serviços,Campinas,SP,Metropolitana de Campinas,2021-08-06,5,1,Médio,44874.8000,69752.4300,30,Ativo
1090,Empresa Automotiva 1090 Ltda,Auto Negócios 1090,99000000001090,Varejo,Revenda,Campinas,SP,Metropolitana de Campinas,2023-10-07,5,1,Pequeno,25251.2500,20532.6700,14,Ativo
1091,Empresa Automotiva 1091 Ltda,Auto Negócios 1091,99000000001091,Varejo,Oficina e serviços,Ribeirão Preto,SP,Nordeste Paulista,2021-04-05,9,2,Micro,3934.2200,6904.6900,28,Ativo
1092,Empresa Automotiva 1092 Ltda,Auto Negócios 1092,99000000001092,Varejo,Revenda,Sorocaba,SP,Sudoeste Paulista,2022-10-27,11,3,Micro,5320.5700,10693.9200,30,Ativo
1093,Empresa Automotiva 1093 Ltda,Auto Negócios 1093,99000000001093,Frotista,Revenda,Campinas,SP,Metropolitana de Campinas,2021-10-24,5,1,Micro,3500.0000,3119.7600,28,Inativo
1094,Empresa Automotiva 1094 Ltda,Auto Negócios 1094,99000000001094,Varejo,Oficina e serviços,Ribeirão Preto,SP,Nordeste Paulista,2021-05-08,7,2,Pequeno,20938.5200,21889.0900,30,Ativo
1095,Empresa Automotiva 1095 Ltda,Auto Negócios 1095,99000000001095,Centro Automotivo,Oficina e serviços,Ribeirão Preto,SP,Nordeste Paulista,2023-01-08,8,2,Pequeno,34711.0400,38165.9800,28,Ativo
1096,Empresa Automotiva 1096 Ltda,Auto Negócios 1096,99000000001096,Autopeças,Revenda,Ribeirão Preto,SP,Nordeste Paulista,2021-05-23,7,2,Micro,9823.3800,13472.2700,30,Ativo
1097,Empresa Automotiva 1097 Ltda,Auto Negócios 1097,99000000001097,Varejo,Oficina e serviços,Campinas,SP,Metropolitana de Campinas,2024-05-04,4,1,Pequeno,23836.8500,42071.8100,30,Ativo
1098,Empresa Automotiva 1098 Ltda,Auto Negócios 1098,99000000001098,Centro Automotivo,Frota e corporativo,Campinas,SP,Metropolitana de Campinas,2022-03-31,5,1,Pequeno,17843.2400,18987.9400,30,Ativo
1099,Empresa Automotiva 1099 Ltda,Auto Negócios 1099,99000000001099,Revendedor,Oficina e serviços,Campinas,SP,Metropolitana de Campinas,2025-11-24,4,1,Médio,55027.1700,63926.7000,14,Ativo
1100,Empresa Automotiva 1100 Ltda,Auto Negócios 1100,99000000001100,Centro Automotivo,Oficina e serviços,Campinas,SP,Metropolitana de Campinas,2025-05-20,1,1,Pequeno,20199.0600,41400.9200,30,Inativo
1101,Empresa Automotiva 1101 Ltda,Auto Negócios 1101,99000000001101,Centro Automotivo,Revenda,Sorocaba,SP,Sudoeste Paulista,2025-01-12,14,3,Micro,5859.4500,5156.7300,45,Ativo
1102,Empresa Automotiva 1102 Ltda,Auto Negócios 1102,99000000001102,Revendedor,Oficina e serviços,Ribeirão Preto,SP,Nordeste Paulista,2023-03-07,8,2,Micro,7900.9000,11776.0200,14,Ativo
1103,Empresa Automotiva 1103 Ltda,Auto Negócios 1103,99000000001103,Frotista,Revenda,Ribeirão Preto,SP,Nordeste Paulista,2025-09-15,9,2,Micro,3500.0000,6648.3500,21,Ativo
1104,Empresa Automotiva 1104 Ltda,Auto Negócios 1104,99000000001104,Revendedor,Frota e corporativo,Campinas,SP,Metropolitana de Campinas,2025-09-21,3,1,Micro,7909.3800,6480.2500,45,Ativo
1105,Empresa Automotiva 1105 Ltda,Auto Negócios 1105,99000000001105,Autopeças,Revenda,Campinas,SP,Metropolitana de Campinas,2024-05-15,4,1,Médio,36114.3300,66838.9200,0,Ativo
1106,Empresa Automotiva 1106 Ltda,Auto Negócios 1106,99000000001106,Revendedor,Oficina e serviços,Campinas,SP,Metropolitana de Campinas,2025-07-05,5,1,Pequeno,24104.4100,31248.2800,45,Ativo
1107,Empresa Automotiva 1107 Ltda,Auto Negócios 1107,99000000001107,Centro Automotivo,Oficina e serviços,São José do Rio Preto,SP,Noroeste Paulista,2024-10-07,19,4,Pequeno,29889.8900,45809.4500,21,Ativo
1108,Empresa Automotiva 1108 Ltda,Auto Negócios 1108,99000000001108,Autopeças,Oficina e serviços,Sorocaba,SP,Sudoeste Paulista,2024-09-10,14,3,Micro,6966.5400,8309.7200,28,Ativo
1109,Empresa Automotiva 1109 Ltda,Auto Negócios 1109,99000000001109,Autoelétrica,Oficina e serviços,São José do Rio Preto,SP,Noroeste Paulista,2024-05-11,18,4,Micro,10125.6600,17722.1800,21,Ativo
1110,Empresa Automotiva 1110 Ltda,Auto Negócios 1110,99000000001110,Oficina Mecânica,Revenda,Ribeirão Preto,SP,Nordeste Paulista,2021-12-26,6,2,Pequeno,29998.1000,57782.4100,0,Ativo
1111,Empresa Automotiva 1111 Ltda,Auto Negócios 1111,99000000001111,Autopeças,Frota e corporativo,São José do Rio Preto,SP,Noroeste Paulista,2021-01-19,17,4,Micro,8220.5000,6820.5200,28,Ativo
1112,Empresa Automotiva 1112 Ltda,Auto Negócios 1112,99000000001112,Frotista,Revenda,Campinas,SP,Metropolitana de Campinas,2022-05-28,4,1,Micro,4869.3400,5052.1000,21,Ativo
1113,Empresa Automotiva 1113 Ltda,Auto Negócios 1113,99000000001113,Revendedor,Frota e corporativo,Campinas,SP,Metropolitana de Campinas,2024-05-09,3,1,Micro,5543.3500,10629.2400,45,Ativo
1114,Empresa Automotiva 1114 Ltda,Auto Negócios 1114,99000000001114,Revendedor,Revenda,Ribeirão Preto,SP,Nordeste Paulista,2025-04-10,10,2,Micro,9834.4100,20254.8600,30,Ativo
1115,Empresa Automotiva 1115 Ltda,Auto Negócios 1115,99000000001115,Autopeças,Oficina e serviços,Campinas,SP,Metropolitana de Campinas,2024-01-08,1,1,Pequeno,24105.6900,46804.4500,60,Ativo
1116,Empresa Automotiva 1116 Ltda,Auto Negócios 1116,99000000001116,Autopeças,Oficina e serviços,Campinas,SP,Metropolitana de Campinas,2024-06-03,3,1,Pequeno,28028.8600,26227.5800,21,Ativo
1117,Empresa Automotiva 1117 Ltda,Auto Negócios 1117,99000000001117,Revendedor,Oficina e serviços,Campinas,SP,Metropolitana de Campinas,2022-08-14,2,1,Médio,35610.1600,54399.6900,60,Ativo
1118,Empresa Automotiva 1118 Ltda,Auto Negócios 1118,99000000001118,Centro Automotivo,Revenda,Campinas,SP,Metropolitana de Campinas,2022-06-23,4,1,Médio,53832.6900,68522.6500,30,Ativo
1119,Empresa Automotiva 1119 Ltda,Auto Negócios 1119,99000000001119,Autoelétrica,Oficina e serviços,Ribeirão Preto,SP,Nordeste Paulista,2022-02-04,10,2,Pequeno,32656.3500,48059.5100,28,Ativo
1120,Empresa Automotiva 1120 Ltda,Auto Negócios 1120,99000000001120,Centro Automotivo,Oficina e serviços,Ribeirão Preto,SP,Nordeste Paulista,2023-01-01,6,2,Médio,61882.7900,113188.2300,30,Ativo
1121,Empresa Automotiva 1121 Ltda,Auto Negócios 1121,99000000001121,Autopeças,Oficina e serviços,São José do Rio Preto,SP,Noroeste Paulista,2024-07-14,20,4,Pequeno,23133.3000,25601.6100,45,Ativo
1122,Empresa Automotiva 1122 Ltda,Auto Negócios 1122,99000000001122,Autoelétrica,Revenda,Campinas,SP,Metropolitana de Campinas,2024-05-31,2,1,Pequeno,21570.6200,29881.4600,0,Ativo
1123,Empresa Automotiva 1123 Ltda,Auto Negócios 1123,99000000001123,Centro Automotivo,Oficina e serviços,Sorocaba,SP,Sudoeste Paulista,2023-07-31,11,3,Pequeno,16049.2700,23889.0500,14,Ativo
1124,Empresa Automotiva 1124 Ltda,Auto Negócios 1124,99000000001124,Revendedor,Revenda,São José do Rio Preto,SP,Noroeste Paulista,2021-07-22,19,4,Micro,10708.9800,13406.6400,14,Ativo
1125,Empresa Automotiva 1125 Ltda,Auto Negócios 1125,99000000001125,Centro Automotivo,Revenda,Ribeirão Preto,SP,Nordeste Paulista,2023-04-02,10,2,Micro,9298.1900,11902.2900,28,Ativo
1126,Empresa Automotiva 1126 Ltda,Auto Negócios 1126,99000000001126,Centro Automotivo,Oficina e serviços,Sorocaba,SP,Sudoeste Paulista,2023-12-21,14,3,Pequeno,30792.7200,26611.9900,30,Ativo
1127,Empresa Automotiva 1127 Ltda,Auto Negócios 1127,99000000001127,Varejo,Frota e corporativo,Sorocaba,SP,Sudoeste Paulista,2021-08-04,13,3,Médio,45810.5400,76014.6300,28,Ativo
1128,Empresa Automotiva 1128 Ltda,Auto Negócios 1128,99000000001128,Frotista,Oficina e serviços,São José do Rio Preto,SP,Noroeste Paulista,2022-05-28,16,4,Micro,6817.3900,14367.4300,28,Ativo
1129,Empresa Automotiva 1129 Ltda,Auto Negócios 1129,99000000001129,Autopeças,Oficina e serviços,Sorocaba,SP,Sudoeste Paulista,2023-06-27,12,3,Micro,6227.4400,9083.3200,14,Ativo
1130,Empresa Automotiva 1130 Ltda,Auto Negócios 1130,99000000001130,Autopeças,Oficina e serviços,Ribeirão Preto,SP,Nordeste Paulista,2025-06-11,9,2,Pequeno,22169.9500,28279.7900,21,Ativo
1131,Empresa Automotiva 1131 Ltda,Auto Negócios 1131,99000000001131,Autoelétrica,Revenda,Campinas,SP,Metropolitana de Campinas,2024-04-27,2,1,Micro,6843.7900,8101.1900,30,Inativo
1132,Empresa Automotiva 1132 Ltda,Auto Negócios 1132,99000000001132,Revendedor,Oficina e serviços,Sorocaba,SP,Sudoeste Paulista,2023-10-07,13,3,Micro,3500.0000,6832.0600,14,Ativo
1133,Empresa Automotiva 1133 Ltda,Auto Negócios 1133,99000000001133,Oficina Mecânica,Oficina e serviços,Campinas,SP,Metropolitana de Campinas,2025-08-22,5,1,Pequeno,12782.2200,11695.3600,30,Inativo
1134,Empresa Automotiva 1134 Ltda,Auto Negócios 1134,99000000001134,Centro Automotivo,Oficina e serviços,Ribeirão Preto,SP,Nordeste Paulista,2022-08-17,6,2,Pequeno,20044.2600,27610.9400,0,Ativo
1135,Empresa Automotiva 1135 Ltda,Auto Negócios 1135,99000000001135,Frotista,Revenda,Campinas,SP,Metropolitana de Campinas,2022-08-23,1,1,Micro,10846.1800,22222.8300,30,Ativo
1136,Empresa Automotiva 1136 Ltda,Auto Negócios 1136,99000000001136,Autopeças,Frota e corporativo,Campinas,SP,Metropolitana de Campinas,2024-04-30,4,1,Micro,8106.1000,16239.7600,28,Ativo
1137,Empresa Automotiva 1137 Ltda,Auto Negócios 1137,99000000001137,Autopeças,Frota e corporativo,Sorocaba,SP,Sudoeste Paulista,2024-08-08,11,3,Pequeno,13227.8500,26208.9400,21,Inativo
1138,Empresa Automotiva 1138 Ltda,Auto Negócios 1138,99000000001138,Varejo,Oficina e serviços,Ribeirão Preto,SP,Nordeste Paulista,2024-03-02,9,2,Micro,3500.0000,4634.4600,30,Ativo
1139,Empresa Automotiva 1139 Ltda,Auto Negócios 1139,99000000001139,Autopeças,Oficina e serviços,Sorocaba,SP,Sudoeste Paulista,2024-04-07,12,3,Pequeno,27736.7500,55100.5900,14,Ativo
1140,Empresa Automotiva 1140 Ltda,Auto Negócios 1140,99000000001140,Varejo,Oficina e serviços,Sorocaba,SP,Sudoeste Paulista,2022-08-28,12,3,Pequeno,20456.6000,20685.6600,45,Ativo
1141,Empresa Automotiva 1141 Ltda,Auto Negócios 1141,99000000001141,Oficina Mecânica,Revenda,Campinas,SP,Metropolitana de Campinas,2022-01-22,4,1,Médio,57542.6700,68806.5700,45,Ativo
1142,Empresa Automotiva 1142 Ltda,Auto Negócios 1142,99000000001142,Autoelétrica,Oficina e serviços,Campinas,SP,Metropolitana de Campinas,2025-05-28,4,1,Médio,50285.2700,55080.1400,30,Ativo
1143,Empresa Automotiva 1143 Ltda,Auto Negócios 1143,99000000001143,Oficina Mecânica,Oficina e serviços,Campinas,SP,Metropolitana de Campinas,2025-10-26,3,1,Pequeno,19098.5700,21904.9600,30,Ativo
1144,Empresa Automotiva 1144 Ltda,Auto Negócios 1144,99000000001144,Autopeças,Oficina e serviços,São José do Rio Preto,SP,Noroeste Paulista,2024-03-23,17,4,Micro,3500.0000,5682.3800,28,Ativo
1145,Empresa Automotiva 1145 Ltda,Auto Negócios 1145,99000000001145,Oficina Mecânica,Frota e corporativo,Campinas,SP,Metropolitana de Campinas,2025-07-05,2,1,Pequeno,18804.9300,22896.0800,21,Ativo
1146,Empresa Automotiva 1146 Ltda,Auto Negócios 1146,99000000001146,Centro Automotivo,Revenda,Campinas,SP,Metropolitana de Campinas,2023-09-19,2,1,Pequeno,17083.8800,31358.5800,21,Ativo
1147,Empresa Automotiva 1147 Ltda,Auto Negócios 1147,99000000001147,Frotista,Revenda,São José do Rio Preto,SP,Noroeste Paulista,2025-07-20,18,4,Pequeno,17272.3400,24141.6600,45,Ativo
1148,Empresa Automotiva 1148 Ltda,Auto Negócios 1148,99000000001148,Revendedor,Revenda,Campinas,SP,Metropolitana de Campinas,2023-04-30,5,1,Micro,3500.0000,4091.7400,30,Ativo
1149,Empresa Automotiva 1149 Ltda,Auto Negócios 1149,99000000001149,Autoelétrica,Revenda,São José do Rio Preto,SP,Noroeste Paulista,2021-11-23,20,4,Pequeno,22631.0000,34619.1900,45,Inativo
1150,Empresa Automotiva 1150 Ltda,Auto Negócios 1150,99000000001150,Autoelétrica,Frota e corporativo,Sorocaba,SP,Sudoeste Paulista,2025-09-07,15,3,Micro,8587.8100,15097.0000,30,Ativo
1151,Empresa Automotiva 1151 Ltda,Auto Negócios 1151,99000000001151,Autoelétrica,Revenda,Ribeirão Preto,SP,Nordeste Paulista,2024-04-03,6,2,Micro,10209.6100,19769.0600,14,Ativo
1152,Empresa Automotiva 1152 Ltda,Auto Negócios 1152,99000000001152,Frotista,Oficina e serviços,Sorocaba,SP,Sudoeste Paulista,2023-02-20,15,3,Pequeno,22575.9900,39162.4200,30,Ativo
1153,Empresa Automotiva 1153 Ltda,Auto Negócios 1153,99000000001153,Oficina Mecânica,Revenda,Ribeirão Preto,SP,Nordeste Paulista,2022-01-07,6,2,Micro,11704.9900,12520.1100,45,Ativo
1154,Empresa Automotiva 1154 Ltda,Auto Negócios 1154,99000000001154,Autopeças,Oficina e serviços,Campinas,SP,Metropolitana de Campinas,2024-05-29,3,1,Micro,4849.8000,3899.4500,30,Ativo
1155,Empresa Automotiva 1155 Ltda,Auto Negócios 1155,99000000001155,Centro Automotivo,Frota e corporativo,Sorocaba,SP,Sudoeste Paulista,2021-05-16,14,3,Pequeno,19284.4400,30168.4800,28,Ativo
1156,Empresa Automotiva 1156 Ltda,Auto Negócios 1156,99000000001156,Frotista,Frota e corporativo,São José do Rio Preto,SP,Noroeste Paulista,2023-06-02,16,4,Pequeno,28011.5200,27968.9800,28,Ativo
1157,Empresa Automotiva 1157 Ltda,Auto Negócios 1157,99000000001157,Frotista,Oficina e serviços,Campinas,SP,Metropolitana de Campinas,2024-02-05,2,1,Micro,9202.6700,15501.5600,28,Ativo
1158,Empresa Automotiva 1158 Ltda,Auto Negócios 1158,99000000001158,Oficina Mecânica,Revenda,São José do Rio Preto,SP,Noroeste Paulista,2024-06-02,19,4,Pequeno,24466.5700,31345.3300,28,Ativo
1159,Empresa Automotiva 1159 Ltda,Auto Negócios 1159,99000000001159,Autopeças,Oficina e serviços,Sorocaba,SP,Sudoeste Paulista,2025-12-01,14,3,Pequeno,23315.9200,24387.4500,45,Ativo
1160,Empresa Automotiva 1160 Ltda,Auto Negócios 1160,99000000001160,Frotista,Revenda,Campinas,SP,Metropolitana de Campinas,2023-10-07,1,1,Pequeno,16404.0200,18063.6100,30,Ativo
1161,Empresa Automotiva 1161 Ltda,Auto Negócios 1161,99000000001161,Varejo,Oficina e serviços,São José do Rio Preto,SP,Noroeste Paulista,2025-08-03,19,4,Micro,4575.2800,8072.8500,28,Ativo
1162,Empresa Automotiva 1162 Ltda,Auto Negócios 1162,99000000001162,Varejo,Revenda,São José do Rio Preto,SP,Noroeste Paulista,2025-01-06,18,4,Micro,3500.0000,2902.3400,21,Ativo
1163,Empresa Automotiva 1163 Ltda,Auto Negócios 1163,99000000001163,Autopeças,Oficina e serviços,Ribeirão Preto,SP,Nordeste Paulista,2023-07-29,6,2,Pequeno,14133.0900,16870.7000,30,Ativo
1164,Empresa Automotiva 1164 Ltda,Auto Negócios 1164,99000000001164,Varejo,Frota e corporativo,Ribeirão Preto,SP,Nordeste Paulista,2025-10-14,6,2,Micro,5450.3200,6089.8000,28,Ativo
1165,Empresa Automotiva 1165 Ltda,Auto Negócios 1165,99000000001165,Varejo,Oficina e serviços,Sorocaba,SP,Sudoeste Paulista,2022-03-12,11,3,Micro,5613.8700,9581.6700,30,Ativo
1166,Empresa Automotiva 1166 Ltda,Auto Negócios 1166,99000000001166,Revendedor,Oficina e serviços,Ribeirão Preto,SP,Nordeste Paulista,2023-09-06,10,2,Pequeno,23903.0700,19890.4700,30,Ativo
1167,Empresa Automotiva 1167 Ltda,Auto Negócios 1167,99000000001167,Varejo,Revenda,Campinas,SP,Metropolitana de Campinas,2025-03-10,2,1,Micro,11132.2800,16355.5100,28,Ativo
1168,Empresa Automotiva 1168 Ltda,Auto Negócios 1168,99000000001168,Revendedor,Revenda,Sorocaba,SP,Sudoeste Paulista,2023-01-06,12,3,Pequeno,33857.3100,48663.9800,45,Inativo
1169,Empresa Automotiva 1169 Ltda,Auto Negócios 1169,99000000001169,Oficina Mecânica,Revenda,Campinas,SP,Metropolitana de Campinas,2023-07-07,1,1,Pequeno,23321.4300,49979.6900,21,Ativo
1170,Empresa Automotiva 1170 Ltda,Auto Negócios 1170,99000000001170,Varejo,Oficina e serviços,Campinas,SP,Metropolitana de Campinas,2021-12-01,1,1,Micro,10706.3000,15766.1100,30,Ativo
1171,Empresa Automotiva 1171 Ltda,Auto Negócios 1171,99000000001171,Autoelétrica,Revenda,Campinas,SP,Metropolitana de Campinas,2025-07-15,5,1,Micro,11405.1400,19492.7900,28,Ativo
1172,Empresa Automotiva 1172 Ltda,Auto Negócios 1172,99000000001172,Frotista,Frota e corporativo,Campinas,SP,Metropolitana de Campinas,2021-08-22,3,1,Micro,8067.3300,8627.3400,30,Inativo
1173,Empresa Automotiva 1173 Ltda,Auto Negócios 1173,99000000001173,Frotista,Oficina e serviços,Ribeirão Preto,SP,Nordeste Paulista,2024-03-24,7,2,Pequeno,24004.3900,51697.7400,30,Ativo
1174,Empresa Automotiva 1174 Ltda,Auto Negócios 1174,99000000001174,Autopeças,Oficina e serviços,Campinas,SP,Metropolitana de Campinas,2024-03-16,4,1,Pequeno,20549.7200,35955.4300,60,Ativo
1175,Empresa Automotiva 1175 Ltda,Auto Negócios 1175,99000000001175,Centro Automotivo,Oficina e serviços,Campinas,SP,Metropolitana de Campinas,2024-06-04,3,1,Pequeno,25969.2700,27290.3600,21,Ativo
1176,Empresa Automotiva 1176 Ltda,Auto Negócios 1176,99000000001176,Varejo,Revenda,Ribeirão Preto,SP,Nordeste Paulista,2024-09-29,9,2,Pequeno,29326.0600,50808.1900,30,Ativo
1177,Empresa Automotiva 1177 Ltda,Auto Negócios 1177,99000000001177,Autopeças,Revenda,Campinas,SP,Metropolitana de Campinas,2025-10-12,2,1,Pequeno,17022.5300,29045.2200,28,Ativo
1178,Empresa Automotiva 1178 Ltda,Auto Negócios 1178,99000000001178,Centro Automotivo,Oficina e serviços,Ribeirão Preto,SP,Nordeste Paulista,2021-06-11,7,2,Micro,8329.8800,8834.1400,14,Ativo
1179,Empresa Automotiva 1179 Ltda,Auto Negócios 1179,99000000001179,Centro Automotivo,Oficina e serviços,Sorocaba,SP,Sudoeste Paulista,2025-09-16,15,3,Pequeno,20474.2600,36581.5000,45,Ativo
1180,Empresa Automotiva 1180 Ltda,Auto Negócios 1180,99000000001180,Revendedor,Frota e corporativo,Campinas,SP,Metropolitana de Campinas,2022-01-30,4,1,Micro,3500.0000,6173.5100,30,Ativo
1181,Empresa Automotiva 1181 Ltda,Auto Negócios 1181,99000000001181,Oficina Mecânica,Oficina e serviços,Campinas,SP,Metropolitana de Campinas,2021-12-22,1,1,Pequeno,17176.5400,16826.3800,30,Ativo
1182,Empresa Automotiva 1182 Ltda,Auto Negócios 1182,99000000001182,Oficina Mecânica,Revenda,Ribeirão Preto,SP,Nordeste Paulista,2022-02-02,7,2,Micro,6693.9600,11470.2400,28,Ativo
1183,Empresa Automotiva 1183 Ltda,Auto Negócios 1183,99000000001183,Autoelétrica,Revenda,São José do Rio Preto,SP,Noroeste Paulista,2025-03-18,20,4,Pequeno,17098.1400,21066.4500,45,Ativo
1184,Empresa Automotiva 1184 Ltda,Auto Negócios 1184,99000000001184,Varejo,Oficina e serviços,Ribeirão Preto,SP,Nordeste Paulista,2023-10-19,8,2,Médio,35979.8600,61443.3200,21,Ativo
1185,Empresa Automotiva 1185 Ltda,Auto Negócios 1185,99000000001185,Centro Automotivo,Oficina e serviços,Ribeirão Preto,SP,Nordeste Paulista,2023-09-26,6,2,Médio,43929.5400,85883.6500,30,Ativo
1186,Empresa Automotiva 1186 Ltda,Auto Negócios 1186,99000000001186,Autopeças,Frota e corporativo,Sorocaba,SP,Sudoeste Paulista,2023-06-12,13,3,Pequeno,16012.6300,20722.0400,30,Ativo
1187,Empresa Automotiva 1187 Ltda,Auto Negócios 1187,99000000001187,Autoelétrica,Oficina e serviços,Ribeirão Preto,SP,Nordeste Paulista,2023-05-11,9,2,Micro,8367.9500,12762.3000,30,Inativo
1188,Empresa Automotiva 1188 Ltda,Auto Negócios 1188,99000000001188,Autopeças,Frota e corporativo,Ribeirão Preto,SP,Nordeste Paulista,2022-03-24,9,2,Micro,3532.1300,6467.0700,28,Inativo
1189,Empresa Automotiva 1189 Ltda,Auto Negócios 1189,99000000001189,Autopeças,Oficina e serviços,Ribeirão Preto,SP,Nordeste Paulista,2024-11-16,6,2,Micro,7046.9800,7770.9000,14,Ativo
1190,Empresa Automotiva 1190 Ltda,Auto Negócios 1190,99000000001190,Autopeças,Oficina e serviços,Campinas,SP,Metropolitana de Campinas,2021-09-23,1,1,Micro,5333.0000,4990.7100,30,Ativo
1191,Empresa Automotiva 1191 Ltda,Auto Negócios 1191,99000000001191,Frotista,Oficina e serviços,Ribeirão Preto,SP,Nordeste Paulista,2025-03-01,9,2,Micro,3500.0000,5021.8000,30,Ativo
1192,Empresa Automotiva 1192 Ltda,Auto Negócios 1192,99000000001192,Oficina Mecânica,Revenda,Campinas,SP,Metropolitana de Campinas,2023-07-16,3,1,Pequeno,26864.2100,56700.7100,21,Ativo
1193,Empresa Automotiva 1193 Ltda,Auto Negócios 1193,99000000001193,Frotista,Oficina e serviços,Campinas,SP,Metropolitana de Campinas,2022-12-02,2,1,Pequeno,14216.7100,22770.0900,28,Ativo
1194,Empresa Automotiva 1194 Ltda,Auto Negócios 1194,99000000001194,Varejo,Revenda,Sorocaba,SP,Sudoeste Paulista,2023-02-06,12,3,Micro,5723.2700,8741.1700,28,Ativo
1195,Empresa Automotiva 1195 Ltda,Auto Negócios 1195,99000000001195,Autoelétrica,Oficina e serviços,Ribeirão Preto,SP,Nordeste Paulista,2023-03-19,9,2,Micro,9333.7100,14505.0800,60,Ativo
1196,Empresa Automotiva 1196 Ltda,Auto Negócios 1196,99000000001196,Centro Automotivo,Frota e corporativo,Sorocaba,SP,Sudoeste Paulista,2021-12-21,13,3,Pequeno,21621.8200,37251.7200,21,Ativo
1197,Empresa Automotiva 1197 Ltda,Auto Negócios 1197,99000000001197,Autopeças,Oficina e serviços,Campinas,SP,Metropolitana de Campinas,2021-09-01,3,1,Micro,9116.9200,13906.4000,0,Ativo
1198,Empresa Automotiva 1198 Ltda,Auto Negócios 1198,99000000001198,Centro Automotivo,Oficina e serviços,São José do Rio Preto,SP,Noroeste Paulista,2021-07-10,18,4,Médio,60660.7100,59895.6400,21,Ativo
1199,Empresa Automotiva 1199 Ltda,Auto Negócios 1199,99000000001199,Autopeças,Revenda,São José do Rio Preto,SP,Noroeste Paulista,2023-08-03,16,4,Micro,7129.0800,12312.0400,30,Ativo
1200,Empresa Automotiva 1200 Ltda,Auto Negócios 1200,99000000001200,Centro Automotivo,Frota e corporativo,Ribeirão Preto,SP,Nordeste Paulista,2022-12-09,10,2,Médio,69413.9200,82730.0400,14,Ativo
1201,Empresa Automotiva 1201 Ltda,Auto Negócios 1201,99000000001201,Revendedor,Revenda,Ribeirão Preto,SP,Nordeste Paulista,2025-08-28,9,2,Pequeno,22472.1100,21679.5100,21,Ativo
1202,Empresa Automotiva 1202 Ltda,Auto Negócios 1202,99000000001202,Oficina Mecânica,Revenda,Ribeirão Preto,SP,Nordeste Paulista,2025-10-21,8,2,Médio,37749.3500,54774.2800,30,Ativo
1203,Empresa Automotiva 1203 Ltda,Auto Negócios 1203,99000000001203,Varejo,Revenda,Sorocaba,SP,Sudoeste Paulista,2022-09-16,12,3,Médio,49838.7700,83291.2100,30,Ativo
1204,Empresa Automotiva 1204 Ltda,Auto Negócios 1204,99000000001204,Revendedor,Revenda,São José do Rio Preto,SP,Noroeste Paulista,2025-08-10,19,4,Médio,41624.8300,75066.5900,21,Ativo
1205,Empresa Automotiva 1205 Ltda,Auto Negócios 1205,99000000001205,Revendedor,Revenda,Ribeirão Preto,SP,Nordeste Paulista,2025-07-10,8,2,Micro,7303.3500,15283.4200,45,Ativo
1206,Empresa Automotiva 1206 Ltda,Auto Negócios 1206,99000000001206,Autopeças,Revenda,Campinas,SP,Metropolitana de Campinas,2025-06-06,4,1,Pequeno,18813.5600,26874.1800,28,Ativo
1207,Empresa Automotiva 1207 Ltda,Auto Negócios 1207,99000000001207,Revendedor,Revenda,São José do Rio Preto,SP,Noroeste Paulista,2024-09-30,18,4,Micro,3500.0000,6008.0600,30,Ativo
1208,Empresa Automotiva 1208 Ltda,Auto Negócios 1208,99000000001208,Autoelétrica,Revenda,Sorocaba,SP,Sudoeste Paulista,2023-05-10,15,3,Micro,10353.9300,20660.8900,45,Ativo
1209,Empresa Automotiva 1209 Ltda,Auto Negócios 1209,99000000001209,Centro Automotivo,Revenda,Campinas,SP,Metropolitana de Campinas,2022-02-07,1,1,Micro,11521.2700,14255.2700,30,Ativo
1210,Empresa Automotiva 1210 Ltda,Auto Negócios 1210,99000000001210,Centro Automotivo,Oficina e serviços,Ribeirão Preto,SP,Nordeste Paulista,2023-06-29,8,2,Médio,37354.2300,53126.3200,30,Ativo
1211,Empresa Automotiva 1211 Ltda,Auto Negócios 1211,99000000001211,Revendedor,Revenda,São José do Rio Preto,SP,Noroeste Paulista,2024-09-28,17,4,Pequeno,25028.1400,52988.0900,21,Ativo
1212,Empresa Automotiva 1212 Ltda,Auto Negócios 1212,99000000001212,Autoelétrica,Oficina e serviços,São José do Rio Preto,SP,Noroeste Paulista,2025-05-01,19,4,Micro,9019.0700,19396.5000,28,Ativo
1213,Empresa Automotiva 1213 Ltda,Auto Negócios 1213,99000000001213,Varejo,Oficina e serviços,Campinas,SP,Metropolitana de Campinas,2023-12-28,1,1,Micro,10741.9300,10398.7700,21,Ativo
1214,Empresa Automotiva 1214 Ltda,Auto Negócios 1214,99000000001214,Oficina Mecânica,Oficina e serviços,Ribeirão Preto,SP,Nordeste Paulista,2022-10-03,7,2,Pequeno,17501.4200,31070.5500,21,Ativo
1215,Empresa Automotiva 1215 Ltda,Auto Negócios 1215,99000000001215,Frotista,Revenda,Campinas,SP,Metropolitana de Campinas,2025-05-21,1,1,Pequeno,12074.5500,24488.2700,21,Ativo
1216,Empresa Automotiva 1216 Ltda,Auto Negócios 1216,99000000001216,Varejo,Revenda,Campinas,SP,Metropolitana de Campinas,2023-01-25,1,1,Pequeno,13429.1900,19087.5900,28,Ativo
1217,Empresa Automotiva 1217 Ltda,Auto Negócios 1217,99000000001217,Oficina Mecânica,Revenda,São José do Rio Preto,SP,Noroeste Paulista,2024-01-08,19,4,Micro,7486.4600,8438.6100,30,Ativo
1218,Empresa Automotiva 1218 Ltda,Auto Negócios 1218,99000000001218,Revendedor,Frota e corporativo,Campinas,SP,Metropolitana de Campinas,2025-08-23,3,1,Pequeno,19490.2500,31035.2600,14,Ativo
1219,Empresa Automotiva 1219 Ltda,Auto Negócios 1219,99000000001219,Autoelétrica,Revenda,Sorocaba,SP,Sudoeste Paulista,2025-01-19,13,3,Médio,45484.6300,61855.3000,60,Ativo
1220,Empresa Automotiva 1220 Ltda,Auto Negócios 1220,99000000001220,Autopeças,Oficina e serviços,São José do Rio Preto,SP,Noroeste Paulista,2021-12-27,19,4,Médio,66618.9500,106939.4300,28,Ativo
1221,Empresa Automotiva 1221 Ltda,Auto Negócios 1221,99000000001221,Revendedor,Revenda,São José do Rio Preto,SP,Noroeste Paulista,2022-09-12,16,4,Micro,4120.6600,5652.3800,45,Ativo
1222,Empresa Automotiva 1222 Ltda,Auto Negócios 1222,99000000001222,Varejo,Oficina e serviços,Campinas,SP,Metropolitana de Campinas,2024-12-06,1,1,Pequeno,15331.8800,17954.4300,30,Ativo
1223,Empresa Automotiva 1223 Ltda,Auto Negócios 1223,99000000001223,Oficina Mecânica,Oficina e serviços,Ribeirão Preto,SP,Nordeste Paulista,2022-12-11,9,2,Micro,10695.2500,16181.9000,30,Ativo
1224,Empresa Automotiva 1224 Ltda,Auto Negócios 1224,99000000001224,Centro Automotivo,Revenda,Ribeirão Preto,SP,Nordeste Paulista,2023-10-22,10,2,Micro,8599.5300,8573.1600,30,Ativo
1225,Empresa Automotiva 1225 Ltda,Auto Negócios 1225,99000000001225,Autoelétrica,Oficina e serviços,Ribeirão Preto,SP,Nordeste Paulista,2021-10-09,7,2,Pequeno,15715.4500,13065.0400,30,Ativo
1226,Empresa Automotiva 1226 Ltda,Auto Negócios 1226,99000000001226,Revendedor,Oficina e serviços,São José do Rio Preto,SP,Noroeste Paulista,2021-12-27,20,4,Micro,11565.8200,11242.8500,28,Ativo
1227,Empresa Automotiva 1227 Ltda,Auto Negócios 1227,99000000001227,Frotista,Oficina e serviços,Sorocaba,SP,Sudoeste Paulista,2022-02-03,15,3,Pequeno,28442.8600,28717.7200,45,Ativo
1228,Empresa Automotiva 1228 Ltda,Auto Negócios 1228,99000000001228,Autopeças,Revenda,Campinas,SP,Metropolitana de Campinas,2023-05-31,4,1,Médio,54707.6200,74531.7500,30,Ativo
1229,Empresa Automotiva 1229 Ltda,Auto Negócios 1229,99000000001229,Autopeças,Oficina e serviços,Campinas,SP,Metropolitana de Campinas,2025-09-07,3,1,Micro,8103.1900,15394.0600,21,Ativo
1230,Empresa Automotiva 1230 Ltda,Auto Negócios 1230,99000000001230,Frotista,Revenda,Ribeirão Preto,SP,Nordeste Paulista,2025-05-08,6,2,Médio,36056.0100,60377.8900,14,Ativo
1231,Empresa Automotiva 1231 Ltda,Auto Negócios 1231,99000000001231,Oficina Mecânica,Oficina e serviços,Campinas,SP,Metropolitana de Campinas,2021-08-01,4,1,Pequeno,31466.9800,49139.2600,28,Ativo
1232,Empresa Automotiva 1232 Ltda,Auto Negócios 1232,99000000001232,Centro Automotivo,Revenda,Campinas,SP,Metropolitana de Campinas,2023-04-09,3,1,Micro,3500.0000,4743.2200,30,Ativo
1233,Empresa Automotiva 1233 Ltda,Auto Negócios 1233,99000000001233,Autoelétrica,Revenda,Sorocaba,SP,Sudoeste Paulista,2021-12-23,13,3,Micro,10285.9800,8587.3100,30,Ativo
1234,Empresa Automotiva 1234 Ltda,Auto Negócios 1234,99000000001234,Varejo,Revenda,Ribeirão Preto,SP,Nordeste Paulista,2023-06-13,10,2,Médio,47580.2100,83891.9800,30,Ativo
1235,Empresa Automotiva 1235 Ltda,Auto Negócios 1235,99000000001235,Autoelétrica,Frota e corporativo,Campinas,SP,Metropolitana de Campinas,2021-05-31,5,1,Pequeno,14868.7400,15533.0300,30,Ativo
1236,Empresa Automotiva 1236 Ltda,Auto Negócios 1236,99000000001236,Revendedor,Revenda,Campinas,SP,Metropolitana de Campinas,2024-01-13,4,1,Micro,3500.0000,6458.6300,30,Ativo
1237,Empresa Automotiva 1237 Ltda,Auto Negócios 1237,99000000001237,Autoelétrica,Revenda,São José do Rio Preto,SP,Noroeste Paulista,2023-11-23,18,4,Micro,10969.3200,21022.3300,30,Ativo
1238,Empresa Automotiva 1238 Ltda,Auto Negócios 1238,99000000001238,Varejo,Oficina e serviços,São José do Rio Preto,SP,Noroeste Paulista,2021-06-24,16,4,Pequeno,27432.6000,57801.9200,30,Ativo
1239,Empresa Automotiva 1239 Ltda,Auto Negócios 1239,99000000001239,Centro Automotivo,Revenda,Campinas,SP,Metropolitana de Campinas,2023-12-30,1,1,Micro,4708.5100,4894.7300,21,Ativo
1240,Empresa Automotiva 1240 Ltda,Auto Negócios 1240,99000000001240,Frotista,Oficina e serviços,Sorocaba,SP,Sudoeste Paulista,2025-09-19,12,3,Pequeno,16416.4100,35849.2400,21,Ativo
1241,Empresa Automotiva 1241 Ltda,Auto Negócios 1241,99000000001241,Oficina Mecânica,Oficina e serviços,Ribeirão Preto,SP,Nordeste Paulista,2022-11-17,9,2,Médio,68275.4800,146065.9300,45,Inativo
1242,Empresa Automotiva 1242 Ltda,Auto Negócios 1242,99000000001242,Revendedor,Frota e corporativo,São José do Rio Preto,SP,Noroeste Paulista,2023-12-12,19,4,Micro,7906.2100,7036.7200,30,Ativo
1243,Empresa Automotiva 1243 Ltda,Auto Negócios 1243,99000000001243,Centro Automotivo,Oficina e serviços,Campinas,SP,Metropolitana de Campinas,2021-09-14,3,1,Médio,53559.3700,64894.8600,30,Inativo
1244,Empresa Automotiva 1244 Ltda,Auto Negócios 1244,99000000001244,Oficina Mecânica,Oficina e serviços,Campinas,SP,Metropolitana de Campinas,2022-03-23,2,1,Micro,4024.3400,7742.6500,45,Ativo
1245,Empresa Automotiva 1245 Ltda,Auto Negócios 1245,99000000001245,Autopeças,Revenda,Campinas,SP,Metropolitana de Campinas,2025-09-02,1,1,Médio,80462.2900,99971.6300,21,Ativo
1246,Empresa Automotiva 1246 Ltda,Auto Negócios 1246,99000000001246,Revendedor,Frota e corporativo,Sorocaba,SP,Sudoeste Paulista,2022-11-05,13,3,Micro,4732.7400,6175.8700,30,Ativo
1247,Empresa Automotiva 1247 Ltda,Auto Negócios 1247,99000000001247,Frotista,Revenda,Campinas,SP,Metropolitana de Campinas,2022-03-01,5,1,Micro,6503.5600,7266.5700,30,Ativo
1248,Empresa Automotiva 1248 Ltda,Auto Negócios 1248,99000000001248,Revendedor,Revenda,Sorocaba,SP,Sudoeste Paulista,2024-08-22,15,3,Micro,8137.0200,11792.6300,0,Ativo
1249,Empresa Automotiva 1249 Ltda,Auto Negócios 1249,99000000001249,Autoelétrica,Revenda,Sorocaba,SP,Sudoeste Paulista,2021-08-18,11,3,Pequeno,19508.1100,28770.7800,30,Ativo
1250,Empresa Automotiva 1250 Ltda,Auto Negócios 1250,99000000001250,Autoelétrica,Oficina e serviços,Campinas,SP,Metropolitana de Campinas,2024-11-25,5,1,Pequeno,15108.3400,14579.2100,21,Inativo
1251,Empresa Automotiva 1251 Ltda,Auto Negócios 1251,99000000001251,Oficina Mecânica,Revenda,Campinas,SP,Metropolitana de Campinas,2021-10-09,3,1,Pequeno,13949.6600,12503.2900,28,Ativo
1252,Empresa Automotiva 1252 Ltda,Auto Negócios 1252,99000000001252,Autopeças,Revenda,Campinas,SP,Metropolitana de Campinas,2024-02-04,5,1,Micro,11476.3600,14015.2400,30,Inativo
1253,Empresa Automotiva 1253 Ltda,Auto Negócios 1253,99000000001253,Centro Automotivo,Oficina e serviços,Sorocaba,SP,Sudoeste Paulista,2023-12-12,13,3,Médio,66340.5700,130352.5000,21,Inativo
1254,Empresa Automotiva 1254 Ltda,Auto Negócios 1254,99000000001254,Centro Automotivo,Oficina e serviços,Ribeirão Preto,SP,Nordeste Paulista,2021-01-28,9,2,Micro,7657.3800,11948.8900,28,Ativo
1255,Empresa Automotiva 1255 Ltda,Auto Negócios 1255,99000000001255,Autopeças,Revenda,Campinas,SP,Metropolitana de Campinas,2025-02-25,3,1,Micro,3604.7700,5609.6500,30,Ativo
1256,Empresa Automotiva 1256 Ltda,Auto Negócios 1256,99000000001256,Autoelétrica,Oficina e serviços,Ribeirão Preto,SP,Nordeste Paulista,2022-12-18,7,2,Pequeno,24211.1200,30001.3800,21,Ativo
1257,Empresa Automotiva 1257 Ltda,Auto Negócios 1257,99000000001257,Oficina Mecânica,Revenda,Campinas,SP,Metropolitana de Campinas,2025-08-16,4,1,Médio,75361.1900,117552.0300,30,Ativo
1258,Empresa Automotiva 1258 Ltda,Auto Negócios 1258,99000000001258,Frotista,Revenda,Sorocaba,SP,Sudoeste Paulista,2021-10-23,15,3,Micro,8153.4700,16874.5200,30,Ativo
1259,Empresa Automotiva 1259 Ltda,Auto Negócios 1259,99000000001259,Frotista,Oficina e serviços,Campinas,SP,Metropolitana de Campinas,2024-08-01,4,1,Micro,6926.8900,12699.7300,14,Ativo
1260,Empresa Automotiva 1260 Ltda,Auto Negócios 1260,99000000001260,Revendedor,Revenda,Campinas,SP,Metropolitana de Campinas,2024-09-23,2,1,Médio,39550.9200,46427.8000,14,Inativo
1261,Empresa Automotiva 1261 Ltda,Auto Negócios 1261,99000000001261,Oficina Mecânica,Revenda,Campinas,SP,Metropolitana de Campinas,2023-05-06,2,1,Micro,11340.0000,14777.3700,28,Ativo
1262,Empresa Automotiva 1262 Ltda,Auto Negócios 1262,99000000001262,Frotista,Revenda,São José do Rio Preto,SP,Noroeste Paulista,2023-12-07,17,4,Micro,5391.5500,6402.3400,30,Ativo
1263,Empresa Automotiva 1263 Ltda,Auto Negócios 1263,99000000001263,Frotista,Oficina e serviços,Campinas,SP,Metropolitana de Campinas,2025-05-13,5,1,Micro,8428.8600,17985.3600,0,Ativo
1264,Empresa Automotiva 1264 Ltda,Auto Negócios 1264,99000000001264,Frotista,Revenda,Campinas,SP,Metropolitana de Campinas,2024-12-12,1,1,Pequeno,14978.2700,19013.6700,21,Ativo
1265,Empresa Automotiva 1265 Ltda,Auto Negócios 1265,99000000001265,Autoelétrica,Revenda,Campinas,SP,Metropolitana de Campinas,2023-04-04,1,1,Pequeno,15633.6200,20744.6300,30,Ativo
1266,Empresa Automotiva 1266 Ltda,Auto Negócios 1266,99000000001266,Varejo,Revenda,Sorocaba,SP,Sudoeste Paulista,2024-01-04,14,3,Micro,10696.9200,11068.2000,30,Ativo
1267,Empresa Automotiva 1267 Ltda,Auto Negócios 1267,99000000001267,Centro Automotivo,Oficina e serviços,Ribeirão Preto,SP,Nordeste Paulista,2022-09-15,8,2,Pequeno,17542.2400,36943.5600,45,Ativo
1268,Empresa Automotiva 1268 Ltda,Auto Negócios 1268,99000000001268,Oficina Mecânica,Oficina e serviços,Sorocaba,SP,Sudoeste Paulista,2022-11-17,14,3,Micro,8804.0500,12215.4900,45,Ativo
1269,Empresa Automotiva 1269 Ltda,Auto Negócios 1269,99000000001269,Centro Automotivo,Revenda,São José do Rio Preto,SP,Noroeste Paulista,2025-07-27,17,4,Micro,5701.4200,6393.9200,30,Ativo
1270,Empresa Automotiva 1270 Ltda,Auto Negócios 1270,99000000001270,Autoelétrica,Oficina e serviços,Campinas,SP,Metropolitana de Campinas,2024-02-29,1,1,Micro,7162.8100,6106.7300,28,Ativo
1271,Empresa Automotiva 1271 Ltda,Auto Negócios 1271,99000000001271,Oficina Mecânica,Oficina e serviços,Campinas,SP,Metropolitana de Campinas,2024-05-14,1,1,Pequeno,25369.6900,43861.0500,30,Ativo
1272,Empresa Automotiva 1272 Ltda,Auto Negócios 1272,99000000001272,Centro Automotivo,Revenda,Campinas,SP,Metropolitana de Campinas,2022-11-13,1,1,Micro,9692.4000,10699.3200,30,Inativo
1273,Empresa Automotiva 1273 Ltda,Auto Negócios 1273,99000000001273,Autopeças,Oficina e serviços,Ribeirão Preto,SP,Nordeste Paulista,2023-04-04,10,2,Pequeno,24496.0700,39251.6200,21,Ativo
1274,Empresa Automotiva 1274 Ltda,Auto Negócios 1274,99000000001274,Frotista,Revenda,Ribeirão Preto,SP,Nordeste Paulista,2023-07-31,10,2,Micro,4842.5800,10577.5300,21,Inativo
1275,Empresa Automotiva 1275 Ltda,Auto Negócios 1275,99000000001275,Autoelétrica,Oficina e serviços,São José do Rio Preto,SP,Noroeste Paulista,2021-07-15,16,4,Pequeno,16419.8900,35420.2300,30,Ativo
1276,Empresa Automotiva 1276 Ltda,Auto Negócios 1276,99000000001276,Frotista,Revenda,São José do Rio Preto,SP,Noroeste Paulista,2024-02-02,19,4,Médio,84499.5400,126833.7000,28,Inativo
1277,Empresa Automotiva 1277 Ltda,Auto Negócios 1277,99000000001277,Frotista,Oficina e serviços,Sorocaba,SP,Sudoeste Paulista,2024-07-09,14,3,Pequeno,17150.7900,18553.9700,45,Ativo
1278,Empresa Automotiva 1278 Ltda,Auto Negócios 1278,99000000001278,Revendedor,Frota e corporativo,Sorocaba,SP,Sudoeste Paulista,2021-07-17,14,3,Pequeno,22377.7300,24444.0800,0,Ativo
1279,Empresa Automotiva 1279 Ltda,Auto Negócios 1279,99000000001279,Autopeças,Revenda,Campinas,SP,Metropolitana de Campinas,2024-04-25,4,1,Médio,64871.5800,54938.8500,30,Inativo
1280,Empresa Automotiva 1280 Ltda,Auto Negócios 1280,99000000001280,Centro Automotivo,Oficina e serviços,Campinas,SP,Metropolitana de Campinas,2022-06-10,2,1,Pequeno,19452.2300,41868.1400,45,Ativo
1281,Empresa Automotiva 1281 Ltda,Auto Negócios 1281,99000000001281,Varejo,Oficina e serviços,Campinas,SP,Metropolitana de Campinas,2024-01-12,2,1,Pequeno,30686.7900,47354.9900,30,Ativo
1282,Empresa Automotiva 1282 Ltda,Auto Negócios 1282,99000000001282,Varejo,Revenda,São José do Rio Preto,SP,Noroeste Paulista,2023-08-09,18,4,Pequeno,14069.2600,28595.2500,28,Ativo
1283,Empresa Automotiva 1283 Ltda,Auto Negócios 1283,99000000001283,Autopeças,Revenda,Campinas,SP,Metropolitana de Campinas,2021-02-19,3,1,Pequeno,16510.4500,24104.1900,30,Ativo
1284,Empresa Automotiva 1284 Ltda,Auto Negócios 1284,99000000001284,Autoelétrica,Frota e corporativo,São José do Rio Preto,SP,Noroeste Paulista,2022-12-19,16,4,Pequeno,16998.0600,23859.4900,60,Ativo
1285,Empresa Automotiva 1285 Ltda,Auto Negócios 1285,99000000001285,Oficina Mecânica,Revenda,Campinas,SP,Metropolitana de Campinas,2022-08-25,4,1,Pequeno,23084.3800,38546.4700,21,Ativo
1286,Empresa Automotiva 1286 Ltda,Auto Negócios 1286,99000000001286,Frotista,Oficina e serviços,Ribeirão Preto,SP,Nordeste Paulista,2024-08-26,8,2,Pequeno,22718.0700,33264.9800,45,Ativo
1287,Empresa Automotiva 1287 Ltda,Auto Negócios 1287,99000000001287,Centro Automotivo,Oficina e serviços,Campinas,SP,Metropolitana de Campinas,2023-01-21,2,1,Micro,7609.6900,9047.5300,28,Ativo
1288,Empresa Automotiva 1288 Ltda,Auto Negócios 1288,99000000001288,Frotista,Frota e corporativo,Sorocaba,SP,Sudoeste Paulista,2023-06-01,12,3,Micro,11102.3100,10800.8700,60,Ativo
1289,Empresa Automotiva 1289 Ltda,Auto Negócios 1289,99000000001289,Autoelétrica,Revenda,Ribeirão Preto,SP,Nordeste Paulista,2023-09-18,10,2,Pequeno,15193.2400,33253.5600,30,Ativo
1290,Empresa Automotiva 1290 Ltda,Auto Negócios 1290,99000000001290,Autopeças,Revenda,São José do Rio Preto,SP,Noroeste Paulista,2024-09-21,20,4,Médio,58706.4800,67115.8600,30,Ativo
1291,Empresa Automotiva 1291 Ltda,Auto Negócios 1291,99000000001291,Varejo,Oficina e serviços,Ribeirão Preto,SP,Nordeste Paulista,2021-06-21,6,2,Micro,4844.7100,8501.0000,21,Ativo
1292,Empresa Automotiva 1292 Ltda,Auto Negócios 1292,99000000001292,Revendedor,Oficina e serviços,Sorocaba,SP,Sudoeste Paulista,2022-12-03,12,3,Micro,4670.7700,5119.3100,30,Ativo
1293,Empresa Automotiva 1293 Ltda,Auto Negócios 1293,99000000001293,Revendedor,Oficina e serviços,Ribeirão Preto,SP,Nordeste Paulista,2023-07-16,10,2,Micro,10408.5200,16659.9000,28,Ativo
1294,Empresa Automotiva 1294 Ltda,Auto Negócios 1294,99000000001294,Varejo,Revenda,Campinas,SP,Metropolitana de Campinas,2024-08-17,3,1,Micro,8880.7400,11690.6200,30,Ativo
1295,Empresa Automotiva 1295 Ltda,Auto Negócios 1295,99000000001295,Centro Automotivo,Oficina e serviços,São José do Rio Preto,SP,Noroeste Paulista,2025-02-04,20,4,Pequeno,13953.0000,18439.4500,30,Ativo
1296,Empresa Automotiva 1296 Ltda,Auto Negócios 1296,99000000001296,Varejo,Oficina e serviços,Campinas,SP,Metropolitana de Campinas,2025-01-20,1,1,Pequeno,30030.2300,56512.9100,30,Ativo
1297,Empresa Automotiva 1297 Ltda,Auto Negócios 1297,99000000001297,Varejo,Revenda,São José do Rio Preto,SP,Noroeste Paulista,2024-02-27,20,4,Micro,11819.0700,13505.2600,30,Ativo
1298,Empresa Automotiva 1298 Ltda,Auto Negócios 1298,99000000001298,Autoelétrica,Revenda,Sorocaba,SP,Sudoeste Paulista,2024-02-27,12,3,Micro,6712.9700,14763.1200,30,Ativo
1299,Empresa Automotiva 1299 Ltda,Auto Negócios 1299,99000000001299,Revendedor,Oficina e serviços,Sorocaba,SP,Sudoeste Paulista,2022-09-24,15,3,Micro,6783.4400,6804.9100,14,Ativo
1300,Empresa Automotiva 1300 Ltda,Auto Negócios 1300,99000000001300,Varejo,Oficina e serviços,Sorocaba,SP,Sudoeste Paulista,2025-01-08,12,3,Micro,11005.9800,20518.9100,0,Ativo
1301,Empresa Automotiva 1301 Ltda,Auto Negócios 1301,99000000001301,Varejo,Frota e corporativo,Ribeirão Preto,SP,Nordeste Paulista,2022-12-13,6,2,Micro,3500.0000,6663.4300,21,Ativo
1302,Empresa Automotiva 1302 Ltda,Auto Negócios 1302,99000000001302,Frotista,Oficina e serviços,São José do Rio Preto,SP,Noroeste Paulista,2025-09-26,16,4,Micro,11703.6400,9480.1700,21,Ativo
1303,Empresa Automotiva 1303 Ltda,Auto Negócios 1303,99000000001303,Oficina Mecânica,Frota e corporativo,Campinas,SP,Metropolitana de Campinas,2023-04-25,3,1,Pequeno,18978.9000,21772.7000,21,Ativo
1304,Empresa Automotiva 1304 Ltda,Auto Negócios 1304,99000000001304,Revendedor,Revenda,Campinas,SP,Metropolitana de Campinas,2021-02-17,3,1,Médio,42758.6800,37312.1800,28,Ativo
1305,Empresa Automotiva 1305 Ltda,Auto Negócios 1305,99000000001305,Autopeças,Oficina e serviços,Sorocaba,SP,Sudoeste Paulista,2021-01-04,14,3,Pequeno,18801.1800,40095.5800,0,Ativo
1306,Empresa Automotiva 1306 Ltda,Auto Negócios 1306,99000000001306,Varejo,Oficina e serviços,Ribeirão Preto,SP,Nordeste Paulista,2022-04-09,8,2,Pequeno,34645.6800,39837.7300,21,Ativo
1307,Empresa Automotiva 1307 Ltda,Auto Negócios 1307,99000000001307,Autopeças,Revenda,São José do Rio Preto,SP,Noroeste Paulista,2024-05-04,18,4,Pequeno,16830.4400,33866.1200,60,Ativo
1308,Empresa Automotiva 1308 Ltda,Auto Negócios 1308,99000000001308,Revendedor,Oficina e serviços,Campinas,SP,Metropolitana de Campinas,2023-05-17,3,1,Médio,80414.1700,96044.5600,30,Inativo
1309,Empresa Automotiva 1309 Ltda,Auto Negócios 1309,99000000001309,Autopeças,Oficina e serviços,Campinas,SP,Metropolitana de Campinas,2025-04-11,4,1,Pequeno,24581.5400,30585.2100,14,Ativo
1310,Empresa Automotiva 1310 Ltda,Auto Negócios 1310,99000000001310,Centro Automotivo,Revenda,Ribeirão Preto,SP,Nordeste Paulista,2023-11-01,10,2,Micro,3500.0000,4924.3100,45,Ativo
1311,Empresa Automotiva 1311 Ltda,Auto Negócios 1311,99000000001311,Oficina Mecânica,Revenda,Campinas,SP,Metropolitana de Campinas,2023-05-01,2,1,Micro,7343.3400,14816.6600,30,Ativo
1312,Empresa Automotiva 1312 Ltda,Auto Negócios 1312,99000000001312,Centro Automotivo,Oficina e serviços,Campinas,SP,Metropolitana de Campinas,2022-10-25,1,1,Micro,4104.9400,7295.5400,21,Ativo
1313,Empresa Automotiva 1313 Ltda,Auto Negócios 1313,99000000001313,Autoelétrica,Revenda,Ribeirão Preto,SP,Nordeste Paulista,2023-02-15,10,2,Pequeno,29589.2500,38473.1800,28,Ativo
1314,Empresa Automotiva 1314 Ltda,Auto Negócios 1314,99000000001314,Revendedor,Oficina e serviços,Ribeirão Preto,SP,Nordeste Paulista,2021-07-23,9,2,Pequeno,13453.5900,22483.0000,45,Ativo
1315,Empresa Automotiva 1315 Ltda,Auto Negócios 1315,99000000001315,Autopeças,Revenda,Ribeirão Preto,SP,Nordeste Paulista,2024-01-28,7,2,Pequeno,32132.1800,43711.5000,28,Ativo
1316,Empresa Automotiva 1316 Ltda,Auto Negócios 1316,99000000001316,Revendedor,Revenda,Campinas,SP,Metropolitana de Campinas,2022-10-12,5,1,Micro,3500.0000,5982.4100,45,Inativo
1317,Empresa Automotiva 1317 Ltda,Auto Negócios 1317,99000000001317,Varejo,Revenda,Campinas,SP,Metropolitana de Campinas,2024-08-18,3,1,Médio,58892.0500,80551.4700,30,Ativo
1318,Empresa Automotiva 1318 Ltda,Auto Negócios 1318,99000000001318,Frotista,Revenda,Ribeirão Preto,SP,Nordeste Paulista,2025-09-01,10,2,Micro,8945.9100,17361.4300,0,Inativo
1319,Empresa Automotiva 1319 Ltda,Auto Negócios 1319,99000000001319,Revendedor,Oficina e serviços,Ribeirão Preto,SP,Nordeste Paulista,2021-05-21,10,2,Médio,44428.4100,95543.3100,21,Ativo
1320,Empresa Automotiva 1320 Ltda,Auto Negócios 1320,99000000001320,Centro Automotivo,Oficina e serviços,Ribeirão Preto,SP,Nordeste Paulista,2022-02-14,9,2,Pequeno,18515.3900,36868.3900,28,Ativo
1321,Empresa Automotiva 1321 Ltda,Auto Negócios 1321,99000000001321,Frotista,Oficina e serviços,São José do Rio Preto,SP,Noroeste Paulista,2023-05-30,19,4,Pequeno,33103.2100,36555.6000,45,Ativo
1322,Empresa Automotiva 1322 Ltda,Auto Negócios 1322,99000000001322,Revendedor,Oficina e serviços,Campinas,SP,Metropolitana de Campinas,2021-02-28,2,1,Pequeno,23031.8400,49946.0600,30,Ativo
1323,Empresa Automotiva 1323 Ltda,Auto Negócios 1323,99000000001323,Autoelétrica,Oficina e serviços,Ribeirão Preto,SP,Nordeste Paulista,2024-04-29,8,2,Pequeno,29042.5900,52991.9200,28,Ativo
1324,Empresa Automotiva 1324 Ltda,Auto Negócios 1324,99000000001324,Revendedor,Revenda,Sorocaba,SP,Sudoeste Paulista,2023-07-01,12,3,Micro,7737.3600,9837.2600,45,Inativo
1325,Empresa Automotiva 1325 Ltda,Auto Negócios 1325,99000000001325,Oficina Mecânica,Revenda,Campinas,SP,Metropolitana de Campinas,2023-03-25,5,1,Pequeno,12086.9400,16741.6300,14,Ativo
1326,Empresa Automotiva 1326 Ltda,Auto Negócios 1326,99000000001326,Autoelétrica,Revenda,Campinas,SP,Metropolitana de Campinas,2024-07-22,2,1,Pequeno,22762.8300,19321.0500,45,Ativo
1327,Empresa Automotiva 1327 Ltda,Auto Negócios 1327,99000000001327,Varejo,Frota e corporativo,Campinas,SP,Metropolitana de Campinas,2021-12-17,3,1,Pequeno,26483.5000,29912.3700,28,Ativo
1328,Empresa Automotiva 1328 Ltda,Auto Negócios 1328,99000000001328,Autopeças,Revenda,Campinas,SP,Metropolitana de Campinas,2022-08-01,2,1,Pequeno,23095.6100,32576.6400,14,Inativo
1329,Empresa Automotiva 1329 Ltda,Auto Negócios 1329,99000000001329,Autopeças,Oficina e serviços,Sorocaba,SP,Sudoeste Paulista,2024-08-21,12,3,Micro,7746.9100,14422.0000,45,Ativo
1330,Empresa Automotiva 1330 Ltda,Auto Negócios 1330,99000000001330,Varejo,Frota e corporativo,Ribeirão Preto,SP,Nordeste Paulista,2021-03-11,9,2,Pequeno,33418.6700,64815.4500,30,Ativo
1331,Empresa Automotiva 1331 Ltda,Auto Negócios 1331,99000000001331,Revendedor,Oficina e serviços,Ribeirão Preto,SP,Nordeste Paulista,2021-11-04,10,2,Médio,73216.9300,146257.2100,60,Ativo
1332,Empresa Automotiva 1332 Ltda,Auto Negócios 1332,99000000001332,Autopeças,Oficina e serviços,Ribeirão Preto,SP,Nordeste Paulista,2021-04-20,8,2,Pequeno,15678.2600,30826.2400,45,Ativo
1333,Empresa Automotiva 1333 Ltda,Auto Negócios 1333,99000000001333,Revendedor,Revenda,Campinas,SP,Metropolitana de Campinas,2022-05-15,1,1,Micro,11958.6800,18954.9000,28,Ativo
1334,Empresa Automotiva 1334 Ltda,Auto Negócios 1334,99000000001334,Frotista,Oficina e serviços,Ribeirão Preto,SP,Nordeste Paulista,2022-02-17,8,2,Micro,3500.0000,3412.2700,30,Ativo
1335,Empresa Automotiva 1335 Ltda,Auto Negócios 1335,99000000001335,Varejo,Oficina e serviços,Sorocaba,SP,Sudoeste Paulista,2022-01-31,11,3,Médio,49716.2400,107595.8900,0,Ativo
1336,Empresa Automotiva 1336 Ltda,Auto Negócios 1336,99000000001336,Frotista,Revenda,Ribeirão Preto,SP,Nordeste Paulista,2023-11-05,6,2,Médio,36347.9700,54295.7900,30,Ativo
1337,Empresa Automotiva 1337 Ltda,Auto Negócios 1337,99000000001337,Frotista,Oficina e serviços,Campinas,SP,Metropolitana de Campinas,2021-12-21,5,1,Micro,9255.5100,8616.0600,30,Ativo
1338,Empresa Automotiva 1338 Ltda,Auto Negócios 1338,99000000001338,Autoelétrica,Oficina e serviços,São José do Rio Preto,SP,Noroeste Paulista,2024-04-18,20,4,Micro,8147.9600,17612.9700,0,Ativo
1339,Empresa Automotiva 1339 Ltda,Auto Negócios 1339,99000000001339,Oficina Mecânica,Oficina e serviços,Ribeirão Preto,SP,Nordeste Paulista,2023-10-14,7,2,Pequeno,24290.7300,42723.7600,30,Inativo
1340,Empresa Automotiva 1340 Ltda,Auto Negócios 1340,99000000001340,Centro Automotivo,Oficina e serviços,São José do Rio Preto,SP,Noroeste Paulista,2024-07-28,19,4,Micro,10672.7300,19295.0600,30,Ativo
1341,Empresa Automotiva 1341 Ltda,Auto Negócios 1341,99000000001341,Oficina Mecânica,Revenda,São José do Rio Preto,SP,Noroeste Paulista,2023-06-13,16,4,Micro,11272.5500,11637.9500,14,Ativo
1342,Empresa Automotiva 1342 Ltda,Auto Negócios 1342,99000000001342,Autoelétrica,Frota e corporativo,São José do Rio Preto,SP,Noroeste Paulista,2023-04-03,19,4,Micro,4162.8900,6634.2300,60,Ativo
1343,Empresa Automotiva 1343 Ltda,Auto Negócios 1343,99000000001343,Centro Automotivo,Revenda,Ribeirão Preto,SP,Nordeste Paulista,2025-01-24,8,2,Micro,10052.1100,13855.2400,30,Ativo
1344,Empresa Automotiva 1344 Ltda,Auto Negócios 1344,99000000001344,Oficina Mecânica,Oficina e serviços,Campinas,SP,Metropolitana de Campinas,2025-11-04,1,1,Micro,10527.8600,19876.4800,45,Ativo
1345,Empresa Automotiva 1345 Ltda,Auto Negócios 1345,99000000001345,Revendedor,Frota e corporativo,Campinas,SP,Metropolitana de Campinas,2024-06-17,1,1,Pequeno,17513.5800,25252.5700,30,Ativo
1346,Empresa Automotiva 1346 Ltda,Auto Negócios 1346,99000000001346,Frotista,Revenda,Sorocaba,SP,Sudoeste Paulista,2023-04-02,14,3,Micro,11297.6600,14281.3400,30,Ativo
1347,Empresa Automotiva 1347 Ltda,Auto Negócios 1347,99000000001347,Varejo,Oficina e serviços,São José do Rio Preto,SP,Noroeste Paulista,2024-01-13,16,4,Micro,7876.9900,17196.7700,21,Ativo
1348,Empresa Automotiva 1348 Ltda,Auto Negócios 1348,99000000001348,Frotista,Oficina e serviços,Ribeirão Preto,SP,Nordeste Paulista,2024-05-04,6,2,Micro,7138.1400,7902.0500,21,Ativo
1349,Empresa Automotiva 1349 Ltda,Auto Negócios 1349,99000000001349,Autopeças,Frota e corporativo,Campinas,SP,Metropolitana de Campinas,2025-03-28,3,1,Micro,4360.7400,5156.1100,21,Ativo
1350,Empresa Automotiva 1350 Ltda,Auto Negócios 1350,99000000001350,Oficina Mecânica,Frota e corporativo,Sorocaba,SP,Sudoeste Paulista,2024-02-13,11,3,Micro,7849.0300,13811.5300,30,Ativo
1351,Empresa Automotiva 1351 Ltda,Auto Negócios 1351,99000000001351,Autopeças,Revenda,São José do Rio Preto,SP,Noroeste Paulista,2021-09-14,19,4,Médio,36021.3000,36491.0000,30,Ativo
1352,Empresa Automotiva 1352 Ltda,Auto Negócios 1352,99000000001352,Revendedor,Frota e corporativo,Sorocaba,SP,Sudoeste Paulista,2024-01-03,11,3,Pequeno,13551.2900,25840.2200,21,Ativo
1353,Empresa Automotiva 1353 Ltda,Auto Negócios 1353,99000000001353,Oficina Mecânica,Oficina e serviços,São José do Rio Preto,SP,Noroeste Paulista,2024-11-29,18,4,Pequeno,31615.3500,47613.5300,0,Ativo
1354,Empresa Automotiva 1354 Ltda,Auto Negócios 1354,99000000001354,Autoelétrica,Revenda,Campinas,SP,Metropolitana de Campinas,2024-06-13,5,1,Pequeno,16867.4300,25333.4900,14,Ativo
1355,Empresa Automotiva 1355 Ltda,Auto Negócios 1355,99000000001355,Varejo,Revenda,Campinas,SP,Metropolitana de Campinas,2021-04-18,1,1,Pequeno,22354.4100,44815.2900,45,Ativo
1356,Empresa Automotiva 1356 Ltda,Auto Negócios 1356,99000000001356,Autoelétrica,Revenda,Sorocaba,SP,Sudoeste Paulista,2025-06-13,15,3,Médio,35917.2700,33244.2600,30,Ativo
1357,Empresa Automotiva 1357 Ltda,Auto Negócios 1357,99000000001357,Frotista,Oficina e serviços,São José do Rio Preto,SP,Noroeste Paulista,2023-02-07,20,4,Pequeno,32981.4500,39595.1400,0,Ativo
1358,Empresa Automotiva 1358 Ltda,Auto Negócios 1358,99000000001358,Autoelétrica,Oficina e serviços,Sorocaba,SP,Sudoeste Paulista,2024-11-13,13,3,Pequeno,22963.2700,48432.5200,21,Ativo
1359,Empresa Automotiva 1359 Ltda,Auto Negócios 1359,99000000001359,Oficina Mecânica,Oficina e serviços,Campinas,SP,Metropolitana de Campinas,2021-12-02,1,1,Micro,3839.2900,7304.0000,45,Ativo
1360,Empresa Automotiva 1360 Ltda,Auto Negócios 1360,99000000001360,Revendedor,Oficina e serviços,Campinas,SP,Metropolitana de Campinas,2023-02-10,5,1,Pequeno,22997.7600,23280.2200,21,Ativo
1361,Empresa Automotiva 1361 Ltda,Auto Negócios 1361,99000000001361,Oficina Mecânica,Oficina e serviços,São José do Rio Preto,SP,Noroeste Paulista,2021-07-20,16,4,Médio,55275.5300,83501.7900,21,Ativo
1362,Empresa Automotiva 1362 Ltda,Auto Negócios 1362,99000000001362,Autoelétrica,Revenda,Ribeirão Preto,SP,Nordeste Paulista,2021-03-24,7,2,Pequeno,16448.1500,26882.0700,30,Ativo
1363,Empresa Automotiva 1363 Ltda,Auto Negócios 1363,99000000001363,Autopeças,Revenda,Campinas,SP,Metropolitana de Campinas,2025-03-31,1,1,Pequeno,30101.6500,42494.8200,30,Ativo
1364,Empresa Automotiva 1364 Ltda,Auto Negócios 1364,99000000001364,Frotista,Frota e corporativo,Ribeirão Preto,SP,Nordeste Paulista,2021-07-07,7,2,Médio,78465.3400,113902.6900,30,Ativo
1365,Empresa Automotiva 1365 Ltda,Auto Negócios 1365,99000000001365,Revendedor,Oficina e serviços,Campinas,SP,Metropolitana de Campinas,2024-05-27,2,1,Micro,7586.0900,10356.8200,30,Ativo
1366,Empresa Automotiva 1366 Ltda,Auto Negócios 1366,99000000001366,Varejo,Revenda,Campinas,SP,Metropolitana de Campinas,2025-03-19,2,1,Micro,7690.7400,15102.8300,45,Inativo
1367,Empresa Automotiva 1367 Ltda,Auto Negócios 1367,99000000001367,Frotista,Revenda,Campinas,SP,Metropolitana de Campinas,2022-01-26,1,1,Pequeno,32757.9300,42724.8400,60,Ativo
1368,Empresa Automotiva 1368 Ltda,Auto Negócios 1368,99000000001368,Revendedor,Frota e corporativo,Campinas,SP,Metropolitana de Campinas,2023-07-14,2,1,Pequeno,15885.8600,26299.3200,0,Ativo
1369,Empresa Automotiva 1369 Ltda,Auto Negócios 1369,99000000001369,Varejo,Revenda,São José do Rio Preto,SP,Noroeste Paulista,2022-06-07,19,4,Pequeno,20115.7100,35394.2100,28,Ativo
1370,Empresa Automotiva 1370 Ltda,Auto Negócios 1370,99000000001370,Oficina Mecânica,Oficina e serviços,Campinas,SP,Metropolitana de Campinas,2025-03-01,4,1,Micro,9347.5500,12203.5800,14,Ativo
1371,Empresa Automotiva 1371 Ltda,Auto Negócios 1371,99000000001371,Centro Automotivo,Oficina e serviços,Campinas,SP,Metropolitana de Campinas,2024-03-09,2,1,Micro,6300.4700,11655.7800,30,Ativo
1372,Empresa Automotiva 1372 Ltda,Auto Negócios 1372,99000000001372,Frotista,Oficina e serviços,Campinas,SP,Metropolitana de Campinas,2022-07-22,1,1,Micro,8704.7600,13025.8900,21,Ativo
1373,Empresa Automotiva 1373 Ltda,Auto Negócios 1373,99000000001373,Revendedor,Oficina e serviços,Sorocaba,SP,Sudoeste Paulista,2023-09-08,12,3,Pequeno,12202.2700,16549.2200,21,Ativo
1374,Empresa Automotiva 1374 Ltda,Auto Negócios 1374,99000000001374,Autopeças,Revenda,Sorocaba,SP,Sudoeste Paulista,2022-09-05,13,3,Pequeno,12658.7100,21314.1700,30,Ativo
1375,Empresa Automotiva 1375 Ltda,Auto Negócios 1375,99000000001375,Oficina Mecânica,Revenda,Ribeirão Preto,SP,Nordeste Paulista,2024-11-09,10,2,Micro,9201.5500,8093.2600,14,Ativo
1376,Empresa Automotiva 1376 Ltda,Auto Negócios 1376,99000000001376,Frotista,Revenda,Sorocaba,SP,Sudoeste Paulista,2024-09-06,13,3,Pequeno,25076.3300,49612.8400,14,Ativo
1377,Empresa Automotiva 1377 Ltda,Auto Negócios 1377,99000000001377,Varejo,Frota e corporativo,Sorocaba,SP,Sudoeste Paulista,2021-08-05,11,3,Pequeno,26681.3300,57819.9700,30,Ativo
1378,Empresa Automotiva 1378 Ltda,Auto Negócios 1378,99000000001378,Revendedor,Revenda,Campinas,SP,Metropolitana de Campinas,2022-10-23,2,1,Médio,39072.0000,81506.0000,60,Ativo
1379,Empresa Automotiva 1379 Ltda,Auto Negócios 1379,99000000001379,Autopeças,Revenda,Campinas,SP,Metropolitana de Campinas,2022-05-06,2,1,Micro,4212.3300,3950.9600,21,Ativo
1380,Empresa Automotiva 1380 Ltda,Auto Negócios 1380,99000000001380,Revendedor,Oficina e serviços,Ribeirão Preto,SP,Nordeste Paulista,2021-11-06,9,2,Micro,10538.8100,11248.8100,21,Ativo
1381,Empresa Automotiva 1381 Ltda,Auto Negócios 1381,99000000001381,Revendedor,Revenda,Sorocaba,SP,Sudoeste Paulista,2023-08-20,13,3,Micro,3951.8800,4598.8600,28,Ativo
1382,Empresa Automotiva 1382 Ltda,Auto Negócios 1382,99000000001382,Autoelétrica,Oficina e serviços,Ribeirão Preto,SP,Nordeste Paulista,2025-06-20,10,2,Pequeno,21650.7800,34923.6200,14,Ativo
1383,Empresa Automotiva 1383 Ltda,Auto Negócios 1383,99000000001383,Varejo,Oficina e serviços,Campinas,SP,Metropolitana de Campinas,2022-09-15,4,1,Pequeno,29611.0200,35498.6000,21,Ativo
1384,Empresa Automotiva 1384 Ltda,Auto Negócios 1384,99000000001384,Autopeças,Oficina e serviços,Campinas,SP,Metropolitana de Campinas,2022-11-26,2,1,Médio,55660.0900,120862.0200,30,Ativo
1385,Empresa Automotiva 1385 Ltda,Auto Negócios 1385,99000000001385,Autoelétrica,Oficina e serviços,São José do Rio Preto,SP,Noroeste Paulista,2021-08-10,17,4,Médio,63288.5900,78839.2100,30,Ativo
1386,Empresa Automotiva 1386 Ltda,Auto Negócios 1386,99000000001386,Oficina Mecânica,Revenda,Sorocaba,SP,Sudoeste Paulista,2022-09-18,14,3,Micro,9867.0300,19620.2700,45,Ativo
1387,Empresa Automotiva 1387 Ltda,Auto Negócios 1387,99000000001387,Oficina Mecânica,Revenda,Campinas,SP,Metropolitana de Campinas,2021-05-18,1,1,Médio,64759.3100,68773.7800,30,Ativo
1388,Empresa Automotiva 1388 Ltda,Auto Negócios 1388,99000000001388,Autopeças,Oficina e serviços,Campinas,SP,Metropolitana de Campinas,2021-06-24,5,1,Pequeno,32995.5700,53526.8600,14,Ativo
1389,Empresa Automotiva 1389 Ltda,Auto Negócios 1389,99000000001389,Revendedor,Revenda,São José do Rio Preto,SP,Noroeste Paulista,2025-11-19,17,4,Pequeno,24924.2300,31927.4100,45,Ativo
1390,Empresa Automotiva 1390 Ltda,Auto Negócios 1390,99000000001390,Oficina Mecânica,Oficina e serviços,São José do Rio Preto,SP,Noroeste Paulista,2023-05-10,17,4,Micro,5292.8200,5262.3000,21,Ativo
1391,Empresa Automotiva 1391 Ltda,Auto Negócios 1391,99000000001391,Centro Automotivo,Oficina e serviços,Ribeirão Preto,SP,Nordeste Paulista,2022-04-21,7,2,Micro,7553.4500,15853.8300,0,Ativo
1392,Empresa Automotiva 1392 Ltda,Auto Negócios 1392,99000000001392,Varejo,Frota e corporativo,Ribeirão Preto,SP,Nordeste Paulista,2022-09-19,8,2,Micro,3500.0000,5400.0000,30,Ativo
1393,Empresa Automotiva 1393 Ltda,Auto Negócios 1393,99000000001393,Centro Automotivo,Revenda,São José do Rio Preto,SP,Noroeste Paulista,2024-01-13,19,4,Micro,6820.5600,11177.8200,30,Ativo
1394,Empresa Automotiva 1394 Ltda,Auto Negócios 1394,99000000001394,Centro Automotivo,Oficina e serviços,Sorocaba,SP,Sudoeste Paulista,2022-12-15,13,3,Pequeno,20192.6800,26347.8200,45,Ativo
1395,Empresa Automotiva 1395 Ltda,Auto Negócios 1395,99000000001395,Frotista,Oficina e serviços,Campinas,SP,Metropolitana de Campinas,2021-02-21,5,1,Micro,10619.6700,14257.8900,14,Ativo
1396,Empresa Automotiva 1396 Ltda,Auto Negócios 1396,99000000001396,Autopeças,Oficina e serviços,Ribeirão Preto,SP,Nordeste Paulista,2021-04-26,10,2,Pequeno,30724.7000,49241.2000,14,Ativo
1397,Empresa Automotiva 1397 Ltda,Auto Negócios 1397,99000000001397,Centro Automotivo,Oficina e serviços,Sorocaba,SP,Sudoeste Paulista,2025-04-23,14,3,Pequeno,22943.3500,35669.4700,28,Ativo
1398,Empresa Automotiva 1398 Ltda,Auto Negócios 1398,99000000001398,Revendedor,Oficina e serviços,Sorocaba,SP,Sudoeste Paulista,2022-04-02,11,3,Micro,8886.7200,14835.4900,28,Ativo
1399,Empresa Automotiva 1399 Ltda,Auto Negócios 1399,99000000001399,Frotista,Revenda,Ribeirão Preto,SP,Nordeste Paulista,2022-01-13,7,2,Micro,11214.4100,14220.9100,45,Ativo
1400,Empresa Automotiva 1400 Ltda,Auto Negócios 1400,99000000001400,Centro Automotivo,Frota e corporativo,São José do Rio Preto,SP,Noroeste Paulista,2021-05-18,17,4,Micro,10549.9400,18519.3400,28,Ativo
1401,Empresa Automotiva 1401 Ltda,Auto Negócios 1401,99000000001401,Autoelétrica,Revenda,Ribeirão Preto,SP,Nordeste Paulista,2024-03-26,9,2,Micro,6393.0500,7212.6600,28,Ativo
1402,Empresa Automotiva 1402 Ltda,Auto Negócios 1402,99000000001402,Autoelétrica,Oficina e serviços,Campinas,SP,Metropolitana de Campinas,2021-03-19,3,1,Pequeno,27271.0200,53347.5600,30,Ativo
1403,Empresa Automotiva 1403 Ltda,Auto Negócios 1403,99000000001403,Frotista,Oficina e serviços,Ribeirão Preto,SP,Nordeste Paulista,2023-06-12,10,2,Médio,48876.3600,75247.6600,28,Ativo
1404,Empresa Automotiva 1404 Ltda,Auto Negócios 1404,99000000001404,Frotista,Oficina e serviços,Campinas,SP,Metropolitana de Campinas,2022-07-27,3,1,Micro,4349.2900,5570.1200,21,Ativo
1405,Empresa Automotiva 1405 Ltda,Auto Negócios 1405,99000000001405,Oficina Mecânica,Oficina e serviços,Sorocaba,SP,Sudoeste Paulista,2024-01-17,13,3,Micro,10262.7600,8741.1000,30,Ativo
1406,Empresa Automotiva 1406 Ltda,Auto Negócios 1406,99000000001406,Oficina Mecânica,Revenda,Sorocaba,SP,Sudoeste Paulista,2025-11-30,15,3,Pequeno,25853.3900,32437.2500,21,Ativo
1407,Empresa Automotiva 1407 Ltda,Auto Negócios 1407,99000000001407,Revendedor,Revenda,Campinas,SP,Metropolitana de Campinas,2025-04-09,2,1,Grande,120521.5800,240618.3400,45,Ativo
1408,Empresa Automotiva 1408 Ltda,Auto Negócios 1408,99000000001408,Frotista,Oficina e serviços,Sorocaba,SP,Sudoeste Paulista,2021-12-18,13,3,Pequeno,14185.2300,17559.8700,0,Ativo
1409,Empresa Automotiva 1409 Ltda,Auto Negócios 1409,99000000001409,Autopeças,Frota e corporativo,Campinas,SP,Metropolitana de Campinas,2021-10-25,3,1,Micro,6215.0200,8044.0800,14,Ativo
1410,Empresa Automotiva 1410 Ltda,Auto Negócios 1410,99000000001410,Varejo,Revenda,Sorocaba,SP,Sudoeste Paulista,2024-02-12,13,3,Pequeno,16650.6900,15942.1400,21,Ativo
1411,Empresa Automotiva 1411 Ltda,Auto Negócios 1411,99000000001411,Autoelétrica,Frota e corporativo,Campinas,SP,Metropolitana de Campinas,2023-01-06,4,1,Micro,7151.3800,15678.4700,0,Ativo
1412,Empresa Automotiva 1412 Ltda,Auto Negócios 1412,99000000001412,Centro Automotivo,Revenda,Sorocaba,SP,Sudoeste Paulista,2024-06-01,12,3,Pequeno,17930.6200,31844.2600,21,Ativo
1413,Empresa Automotiva 1413 Ltda,Auto Negócios 1413,99000000001413,Autopeças,Oficina e serviços,Campinas,SP,Metropolitana de Campinas,2025-01-27,1,1,Pequeno,14407.8200,31625.6400,14,Ativo
1414,Empresa Automotiva 1414 Ltda,Auto Negócios 1414,99000000001414,Autoelétrica,Oficina e serviços,Sorocaba,SP,Sudoeste Paulista,2023-08-14,13,3,Micro,6185.0400,8514.7100,0,Ativo
1415,Empresa Automotiva 1415 Ltda,Auto Negócios 1415,99000000001415,Autoelétrica,Oficina e serviços,Ribeirão Preto,SP,Nordeste Paulista,2024-02-29,7,2,Micro,5666.6400,8275.1400,28,Ativo
1416,Empresa Automotiva 1416 Ltda,Auto Negócios 1416,99000000001416,Varejo,Oficina e serviços,Ribeirão Preto,SP,Nordeste Paulista,2021-01-14,6,2,Médio,38942.3500,81590.8300,0,Ativo
1417,Empresa Automotiva 1417 Ltda,Auto Negócios 1417,99000000001417,Frotista,Oficina e serviços,Campinas,SP,Metropolitana de Campinas,2025-07-14,4,1,Pequeno,12633.7900,24206.0100,30,Ativo
1418,Empresa Automotiva 1418 Ltda,Auto Negócios 1418,99000000001418,Autopeças,Oficina e serviços,Campinas,SP,Metropolitana de Campinas,2024-05-02,4,1,Médio,44201.4000,42988.9700,30,Ativo
1419,Empresa Automotiva 1419 Ltda,Auto Negócios 1419,99000000001419,Frotista,Oficina e serviços,Campinas,SP,Metropolitana de Campinas,2022-04-19,5,1,Pequeno,25882.9200,50086.3300,21,Ativo
1420,Empresa Automotiva 1420 Ltda,Auto Negócios 1420,99000000001420,Oficina Mecânica,Revenda,Sorocaba,SP,Sudoeste Paulista,2025-08-31,12,3,Médio,70807.8500,96622.4300,30,Ativo
1421,Empresa Automotiva 1421 Ltda,Auto Negócios 1421,99000000001421,Revendedor,Oficina e serviços,Campinas,SP,Metropolitana de Campinas,2025-08-18,5,1,Médio,68748.3000,110371.2200,21,Ativo
1422,Empresa Automotiva 1422 Ltda,Auto Negócios 1422,99000000001422,Oficina Mecânica,Frota e corporativo,Campinas,SP,Metropolitana de Campinas,2024-07-21,3,1,Pequeno,18309.7400,16050.9100,14,Ativo
1423,Empresa Automotiva 1423 Ltda,Auto Negócios 1423,99000000001423,Revendedor,Revenda,Sorocaba,SP,Sudoeste Paulista,2024-05-31,12,3,Pequeno,31268.7700,47476.4300,30,Ativo
1424,Empresa Automotiva 1424 Ltda,Auto Negócios 1424,99000000001424,Frotista,Oficina e serviços,Ribeirão Preto,SP,Nordeste Paulista,2021-03-26,10,2,Pequeno,13203.4600,13319.0100,21,Ativo
1425,Empresa Automotiva 1425 Ltda,Auto Negócios 1425,99000000001425,Autoelétrica,Frota e corporativo,Campinas,SP,Metropolitana de Campinas,2024-04-11,3,1,Micro,8741.4600,17434.3400,30,Ativo
1426,Empresa Automotiva 1426 Ltda,Auto Negócios 1426,99000000001426,Varejo,Oficina e serviços,São José do Rio Preto,SP,Noroeste Paulista,2025-07-01,19,4,Pequeno,12120.6100,25272.4100,14,Ativo
1427,Empresa Automotiva 1427 Ltda,Auto Negócios 1427,99000000001427,Autopeças,Frota e corporativo,Ribeirão Preto,SP,Nordeste Paulista,2023-04-13,6,2,Micro,3500.0000,6202.5700,21,Ativo
1428,Empresa Automotiva 1428 Ltda,Auto Negócios 1428,99000000001428,Varejo,Revenda,Campinas,SP,Metropolitana de Campinas,2024-11-26,4,1,Pequeno,31145.6300,28346.0800,21,Ativo
1429,Empresa Automotiva 1429 Ltda,Auto Negócios 1429,99000000001429,Revendedor,Oficina e serviços,Campinas,SP,Metropolitana de Campinas,2022-04-24,1,1,Micro,4806.1800,5537.3500,30,Ativo
1430,Empresa Automotiva 1430 Ltda,Auto Negócios 1430,99000000001430,Autopeças,Oficina e serviços,Ribeirão Preto,SP,Nordeste Paulista,2024-04-29,8,2,Pequeno,33392.4900,64980.9000,14,Ativo
1431,Empresa Automotiva 1431 Ltda,Auto Negócios 1431,99000000001431,Autoelétrica,Oficina e serviços,São José do Rio Preto,SP,Noroeste Paulista,2025-01-14,20,4,Micro,3709.3800,4371.5800,28,Ativo
1432,Empresa Automotiva 1432 Ltda,Auto Negócios 1432,99000000001432,Revendedor,Revenda,São José do Rio Preto,SP,Noroeste Paulista,2023-04-21,18,4,Micro,7827.5400,9114.1000,30,Ativo
1433,Empresa Automotiva 1433 Ltda,Auto Negócios 1433,99000000001433,Frotista,Oficina e serviços,Campinas,SP,Metropolitana de Campinas,2022-02-19,2,1,Pequeno,18724.1600,28076.7000,28,Ativo
1434,Empresa Automotiva 1434 Ltda,Auto Negócios 1434,99000000001434,Oficina Mecânica,Revenda,Campinas,SP,Metropolitana de Campinas,2024-10-28,3,1,Pequeno,19977.4900,21204.4100,21,Ativo
1435,Empresa Automotiva 1435 Ltda,Auto Negócios 1435,99000000001435,Autoelétrica,Revenda,Sorocaba,SP,Sudoeste Paulista,2022-02-06,12,3,Micro,10616.6400,19987.3100,28,Ativo
1436,Empresa Automotiva 1436 Ltda,Auto Negócios 1436,99000000001436,Autopeças,Oficina e serviços,Campinas,SP,Metropolitana de Campinas,2021-04-29,2,1,Pequeno,27818.8100,57838.9200,21,Inativo
1437,Empresa Automotiva 1437 Ltda,Auto Negócios 1437,99000000001437,Autopeças,Revenda,Campinas,SP,Metropolitana de Campinas,2024-06-02,5,1,Grande,179634.3600,182335.8400,14,Ativo
1438,Empresa Automotiva 1438 Ltda,Auto Negócios 1438,99000000001438,Oficina Mecânica,Revenda,Campinas,SP,Metropolitana de Campinas,2021-06-12,4,1,Micro,4938.0500,6941.9900,30,Ativo
1439,Empresa Automotiva 1439 Ltda,Auto Negócios 1439,99000000001439,Autopeças,Frota e corporativo,Sorocaba,SP,Sudoeste Paulista,2022-07-06,14,3,Pequeno,12036.4900,14653.3300,21,Ativo
1440,Empresa Automotiva 1440 Ltda,Auto Negócios 1440,99000000001440,Varejo,Revenda,Ribeirão Preto,SP,Nordeste Paulista,2022-09-24,6,2,Micro,9217.9000,15559.6300,21,Ativo
1441,Empresa Automotiva 1441 Ltda,Auto Negócios 1441,99000000001441,Autoelétrica,Revenda,Campinas,SP,Metropolitana de Campinas,2021-12-29,3,1,Micro,11338.6900,18511.5800,14,Ativo
1442,Empresa Automotiva 1442 Ltda,Auto Negócios 1442,99000000001442,Revendedor,Revenda,São José do Rio Preto,SP,Noroeste Paulista,2024-07-13,17,4,Micro,9240.3800,8623.6800,60,Ativo
1443,Empresa Automotiva 1443 Ltda,Auto Negócios 1443,99000000001443,Frotista,Frota e corporativo,Campinas,SP,Metropolitana de Campinas,2021-09-14,4,1,Micro,4806.0300,10543.1000,30,Ativo
1444,Empresa Automotiva 1444 Ltda,Auto Negócios 1444,99000000001444,Autopeças,Revenda,Campinas,SP,Metropolitana de Campinas,2024-11-21,2,1,Micro,9514.9600,9265.2100,14,Ativo
1445,Empresa Automotiva 1445 Ltda,Auto Negócios 1445,99000000001445,Frotista,Revenda,Campinas,SP,Metropolitana de Campinas,2024-05-14,5,1,Grande,190000.0000,261362.0800,21,Ativo
1446,Empresa Automotiva 1446 Ltda,Auto Negócios 1446,99000000001446,Autoelétrica,Frota e corporativo,Campinas,SP,Metropolitana de Campinas,2021-11-14,1,1,Micro,6202.0000,7239.6800,45,Inativo
1447,Empresa Automotiva 1447 Ltda,Auto Negócios 1447,99000000001447,Centro Automotivo,Oficina e serviços,Campinas,SP,Metropolitana de Campinas,2025-06-30,2,1,Pequeno,34072.3500,51574.0200,30,Ativo
1448,Empresa Automotiva 1448 Ltda,Auto Negócios 1448,99000000001448,Revendedor,Oficina e serviços,São José do Rio Preto,SP,Noroeste Paulista,2025-09-03,19,4,Pequeno,26185.2600,49018.3000,28,Ativo
1449,Empresa Automotiva 1449 Ltda,Auto Negócios 1449,99000000001449,Centro Automotivo,Oficina e serviços,Sorocaba,SP,Sudoeste Paulista,2022-02-26,11,3,Micro,9542.3800,10992.6300,45,Ativo
1450,Empresa Automotiva 1450 Ltda,Auto Negócios 1450,99000000001450,Frotista,Oficina e serviços,Campinas,SP,Metropolitana de Campinas,2023-09-22,4,1,Pequeno,13657.5800,21968.3200,30,Ativo
1451,Empresa Automotiva 1451 Ltda,Auto Negócios 1451,99000000001451,Centro Automotivo,Oficina e serviços,Campinas,SP,Metropolitana de Campinas,2022-12-20,1,1,Micro,7942.1300,13066.5300,21,Ativo
1452,Empresa Automotiva 1452 Ltda,Auto Negócios 1452,99000000001452,Varejo,Revenda,São José do Rio Preto,SP,Noroeste Paulista,2025-02-21,16,4,Micro,10394.3800,15173.0400,45,Inativo
1453,Empresa Automotiva 1453 Ltda,Auto Negócios 1453,99000000001453,Varejo,Oficina e serviços,São José do Rio Preto,SP,Noroeste Paulista,2024-12-14,16,4,Micro,5614.6500,8765.3600,14,Ativo
1454,Empresa Automotiva 1454 Ltda,Auto Negócios 1454,99000000001454,Centro Automotivo,Revenda,Ribeirão Preto,SP,Nordeste Paulista,2023-06-04,6,2,Micro,7472.9000,13847.6500,30,Ativo
1455,Empresa Automotiva 1455 Ltda,Auto Negócios 1455,99000000001455,Oficina Mecânica,Oficina e serviços,São José do Rio Preto,SP,Noroeste Paulista,2021-07-19,20,4,Micro,7538.7300,8244.1100,30,Ativo
1456,Empresa Automotiva 1456 Ltda,Auto Negócios 1456,99000000001456,Autoelétrica,Revenda,São José do Rio Preto,SP,Noroeste Paulista,2025-01-03,16,4,Micro,4995.6100,10604.2400,30,Ativo
1457,Empresa Automotiva 1457 Ltda,Auto Negócios 1457,99000000001457,Autoelétrica,Oficina e serviços,Ribeirão Preto,SP,Nordeste Paulista,2024-12-17,6,2,Micro,10117.6500,21921.1000,30,Ativo
1458,Empresa Automotiva 1458 Ltda,Auto Negócios 1458,99000000001458,Autoelétrica,Frota e corporativo,São José do Rio Preto,SP,Noroeste Paulista,2023-02-18,20,4,Pequeno,15779.5600,33901.2300,0,Ativo
1459,Empresa Automotiva 1459 Ltda,Auto Negócios 1459,99000000001459,Centro Automotivo,Frota e corporativo,Campinas,SP,Metropolitana de Campinas,2023-04-16,1,1,Micro,11092.6000,14289.4700,30,Ativo
1460,Empresa Automotiva 1460 Ltda,Auto Negócios 1460,99000000001460,Oficina Mecânica,Oficina e serviços,Sorocaba,SP,Sudoeste Paulista,2024-02-28,14,3,Micro,7651.2300,14473.5700,30,Ativo
1461,Empresa Automotiva 1461 Ltda,Auto Negócios 1461,99000000001461,Autopeças,Revenda,Campinas,SP,Metropolitana de Campinas,2025-08-26,3,1,Médio,57423.4800,125927.8700,30,Ativo
1462,Empresa Automotiva 1462 Ltda,Auto Negócios 1462,99000000001462,Revendedor,Oficina e serviços,Sorocaba,SP,Sudoeste Paulista,2021-06-14,13,3,Pequeno,23809.1500,43930.2100,60,Ativo
1463,Empresa Automotiva 1463 Ltda,Auto Negócios 1463,99000000001463,Oficina Mecânica,Oficina e serviços,Ribeirão Preto,SP,Nordeste Paulista,2025-01-03,6,2,Micro,3500.0000,5065.5000,30,Ativo
1464,Empresa Automotiva 1464 Ltda,Auto Negócios 1464,99000000001464,Revendedor,Revenda,Ribeirão Preto,SP,Nordeste Paulista,2022-06-21,9,2,Pequeno,12934.4600,20739.1700,30,Ativo
1465,Empresa Automotiva 1465 Ltda,Auto Negócios 1465,99000000001465,Frotista,Oficina e serviços,Campinas,SP,Metropolitana de Campinas,2023-11-07,3,1,Pequeno,13901.1200,23864.7400,30,Ativo
1466,Empresa Automotiva 1466 Ltda,Auto Negócios 1466,99000000001466,Autopeças,Revenda,Sorocaba,SP,Sudoeste Paulista,2021-06-18,13,3,Grande,137851.8300,158221.8800,21,Ativo
1467,Empresa Automotiva 1467 Ltda,Auto Negócios 1467,99000000001467,Autoelétrica,Frota e corporativo,Ribeirão Preto,SP,Nordeste Paulista,2021-05-28,6,2,Micro,3500.0000,4942.0000,30,Ativo
1468,Empresa Automotiva 1468 Ltda,Auto Negócios 1468,99000000001468,Centro Automotivo,Oficina e serviços,Sorocaba,SP,Sudoeste Paulista,2024-04-08,13,3,Médio,48103.5900,100500.2100,60,Ativo
1469,Empresa Automotiva 1469 Ltda,Auto Negócios 1469,99000000001469,Autopeças,Frota e corporativo,Ribeirão Preto,SP,Nordeste Paulista,2022-11-18,9,2,Micro,4868.1200,4160.7800,28,Ativo
1470,Empresa Automotiva 1470 Ltda,Auto Negócios 1470,99000000001470,Oficina Mecânica,Oficina e serviços,São José do Rio Preto,SP,Noroeste Paulista,2022-05-16,16,4,Pequeno,16320.7300,15041.4900,45,Ativo
1471,Empresa Automotiva 1471 Ltda,Auto Negócios 1471,99000000001471,Oficina Mecânica,Oficina e serviços,Ribeirão Preto,SP,Nordeste Paulista,2022-01-12,10,2,Pequeno,23576.5900,25825.9900,45,Ativo
1472,Empresa Automotiva 1472 Ltda,Auto Negócios 1472,99000000001472,Centro Automotivo,Revenda,Ribeirão Preto,SP,Nordeste Paulista,2025-09-15,8,2,Médio,37542.0200,47717.5000,30,Ativo
1473,Empresa Automotiva 1473 Ltda,Auto Negócios 1473,99000000001473,Oficina Mecânica,Oficina e serviços,Sorocaba,SP,Sudoeste Paulista,2022-06-29,15,3,Pequeno,18509.6500,20001.4700,21,Ativo
1474,Empresa Automotiva 1474 Ltda,Auto Negócios 1474,99000000001474,Autopeças,Frota e corporativo,São José do Rio Preto,SP,Noroeste Paulista,2024-12-26,19,4,Micro,7017.2200,13579.0000,21,Ativo
1475,Empresa Automotiva 1475 Ltda,Auto Negócios 1475,99000000001475,Varejo,Revenda,Sorocaba,SP,Sudoeste Paulista,2022-08-05,14,3,Micro,8492.2300,13622.7100,28,Ativo
1476,Empresa Automotiva 1476 Ltda,Auto Negócios 1476,99000000001476,Frotista,Frota e corporativo,Campinas,SP,Metropolitana de Campinas,2025-09-16,3,1,Micro,6750.0200,10134.0400,45,Ativo
1477,Empresa Automotiva 1477 Ltda,Auto Negócios 1477,99000000001477,Frotista,Oficina e serviços,São José do Rio Preto,SP,Noroeste Paulista,2021-04-05,16,4,Micro,9441.2000,18459.8700,0,Ativo
1478,Empresa Automotiva 1478 Ltda,Auto Negócios 1478,99000000001478,Autopeças,Oficina e serviços,Sorocaba,SP,Sudoeste Paulista,2021-02-19,14,3,Pequeno,23007.2100,29014.7000,30,Ativo
1479,Empresa Automotiva 1479 Ltda,Auto Negócios 1479,99000000001479,Autoelétrica,Revenda,Sorocaba,SP,Sudoeste Paulista,2023-12-10,12,3,Médio,85353.6300,111645.3900,14,Ativo
1480,Empresa Automotiva 1480 Ltda,Auto Negócios 1480,99000000001480,Revendedor,Revenda,Campinas,SP,Metropolitana de Campinas,2023-12-22,4,1,Médio,56805.0600,89681.8300,60,Ativo
1481,Empresa Automotiva 1481 Ltda,Auto Negócios 1481,99000000001481,Oficina Mecânica,Oficina e serviços,Campinas,SP,Metropolitana de Campinas,2021-08-19,4,1,Micro,7184.5800,9238.5100,21,Ativo
1482,Empresa Automotiva 1482 Ltda,Auto Negócios 1482,99000000001482,Autopeças,Frota e corporativo,Campinas,SP,Metropolitana de Campinas,2022-08-04,4,1,Pequeno,17463.0400,32111.6200,21,Ativo
1483,Empresa Automotiva 1483 Ltda,Auto Negócios 1483,99000000001483,Varejo,Frota e corporativo,Ribeirão Preto,SP,Nordeste Paulista,2021-10-10,10,2,Pequeno,21942.6400,36319.9800,14,Ativo
1484,Empresa Automotiva 1484 Ltda,Auto Negócios 1484,99000000001484,Frotista,Frota e corporativo,Campinas,SP,Metropolitana de Campinas,2023-06-05,2,1,Micro,7982.1100,13176.5300,28,Ativo
1485,Empresa Automotiva 1485 Ltda,Auto Negócios 1485,99000000001485,Autopeças,Oficina e serviços,Sorocaba,SP,Sudoeste Paulista,2021-10-19,15,3,Pequeno,21989.3800,46733.5000,30,Ativo
1486,Empresa Automotiva 1486 Ltda,Auto Negócios 1486,99000000001486,Revendedor,Revenda,Campinas,SP,Metropolitana de Campinas,2022-03-28,2,1,Pequeno,12101.5300,12478.4600,28,Ativo
1487,Empresa Automotiva 1487 Ltda,Auto Negócios 1487,99000000001487,Autoelétrica,Oficina e serviços,Ribeirão Preto,SP,Nordeste Paulista,2024-11-30,10,2,Micro,6467.5200,9527.3100,45,Ativo
1488,Empresa Automotiva 1488 Ltda,Auto Negócios 1488,99000000001488,Oficina Mecânica,Oficina e serviços,Ribeirão Preto,SP,Nordeste Paulista,2022-09-11,9,2,Pequeno,12408.2500,23066.4300,30,Ativo
1489,Empresa Automotiva 1489 Ltda,Auto Negócios 1489,99000000001489,Varejo,Revenda,Sorocaba,SP,Sudoeste Paulista,2023-08-22,14,3,Médio,66218.3800,91674.4700,28,Ativo
1490,Empresa Automotiva 1490 Ltda,Auto Negócios 1490,99000000001490,Centro Automotivo,Revenda,Campinas,SP,Metropolitana de Campinas,2022-02-13,5,1,Pequeno,17259.3900,33082.0100,28,Ativo
1491,Empresa Automotiva 1491 Ltda,Auto Negócios 1491,99000000001491,Frotista,Oficina e serviços,Campinas,SP,Metropolitana de Campinas,2023-03-10,5,1,Pequeno,20901.3000,43983.9900,30,Ativo
1492,Empresa Automotiva 1492 Ltda,Auto Negócios 1492,99000000001492,Revendedor,Oficina e serviços,Campinas,SP,Metropolitana de Campinas,2022-06-15,3,1,Pequeno,24527.6100,24909.1700,14,Ativo
1493,Empresa Automotiva 1493 Ltda,Auto Negócios 1493,99000000001493,Frotista,Revenda,Ribeirão Preto,SP,Nordeste Paulista,2023-02-13,10,2,Pequeno,23305.6600,38084.9600,28,Ativo
1494,Empresa Automotiva 1494 Ltda,Auto Negócios 1494,99000000001494,Varejo,Oficina e serviços,Campinas,SP,Metropolitana de Campinas,2021-10-03,1,1,Micro,7443.2500,12834.8900,21,Ativo
1495,Empresa Automotiva 1495 Ltda,Auto Negócios 1495,99000000001495,Varejo,Frota e corporativo,Campinas,SP,Metropolitana de Campinas,2024-12-06,4,1,Médio,59368.6100,118844.8100,28,Ativo
1496,Empresa Automotiva 1496 Ltda,Auto Negócios 1496,99000000001496,Frotista,Oficina e serviços,Campinas,SP,Metropolitana de Campinas,2023-06-10,3,1,Micro,10631.6800,15698.4500,45,Ativo
1497,Empresa Automotiva 1497 Ltda,Auto Negócios 1497,99000000001497,Varejo,Oficina e serviços,Sorocaba,SP,Sudoeste Paulista,2021-09-23,12,3,Micro,3500.0000,5463.5600,45,Ativo
1498,Empresa Automotiva 1498 Ltda,Auto Negócios 1498,99000000001498,Varejo,Revenda,São José do Rio Preto,SP,Noroeste Paulista,2025-03-10,17,4,Micro,7434.6900,14281.5200,30,Ativo
1499,Empresa Automotiva 1499 Ltda,Auto Negócios 1499,99000000001499,Autopeças,Revenda,Campinas,SP,Metropolitana de Campinas,2022-05-26,2,1,Médio,40491.8700,70725.9800,28,Ativo
1500,Empresa Automotiva 1500 Ltda,Auto Negócios 1500,99000000001500,Revendedor,Oficina e serviços,Ribeirão Preto,SP,Nordeste Paulista,2021-09-30,6,2,Pequeno,17066.6900,15123.4100,45,Ativo
1501,Empresa Automotiva 1501 Ltda,Auto Negócios 1501,99000000001501,Autopeças,Revenda,Sorocaba,SP,Sudoeste Paulista,2021-07-26,14,3,Médio,56127.6600,103428.5700,28,Ativo
1502,Empresa Automotiva 1502 Ltda,Auto Negócios 1502,99000000001502,Frotista,Oficina e serviços,Ribeirão Preto,SP,Nordeste Paulista,2021-05-29,6,2,Pequeno,23273.9800,31181.4000,28,Ativo
1503,Empresa Automotiva 1503 Ltda,Auto Negócios 1503,99000000001503,Centro Automotivo,Oficina e serviços,Sorocaba,SP,Sudoeste Paulista,2025-05-16,11,3,Médio,35312.5300,66993.6200,45,Ativo
1504,Empresa Automotiva 1504 Ltda,Auto Negócios 1504,99000000001504,Varejo,Revenda,Ribeirão Preto,SP,Nordeste Paulista,2023-10-05,10,2,Pequeno,20785.3600,32412.9900,45,Ativo
1505,Empresa Automotiva 1505 Ltda,Auto Negócios 1505,99000000001505,Varejo,Revenda,Ribeirão Preto,SP,Nordeste Paulista,2024-06-07,9,2,Pequeno,30466.8400,57740.8100,28,Ativo
1506,Empresa Automotiva 1506 Ltda,Auto Negócios 1506,99000000001506,Oficina Mecânica,Oficina e serviços,Campinas,SP,Metropolitana de Campinas,2023-09-22,5,1,Micro,4783.1300,9038.7700,45,Inativo
1507,Empresa Automotiva 1507 Ltda,Auto Negócios 1507,99000000001507,Centro Automotivo,Revenda,Sorocaba,SP,Sudoeste Paulista,2023-11-27,14,3,Micro,10158.9900,18589.6800,30,Ativo
1508,Empresa Automotiva 1508 Ltda,Auto Negócios 1508,99000000001508,Oficina Mecânica,Revenda,São José do Rio Preto,SP,Noroeste Paulista,2022-05-23,17,4,Pequeno,31059.7600,24853.0300,30,Ativo
1509,Empresa Automotiva 1509 Ltda,Auto Negócios 1509,99000000001509,Autopeças,Revenda,São José do Rio Preto,SP,Noroeste Paulista,2022-08-29,18,4,Micro,3500.0000,6818.7400,30,Ativo
1510,Empresa Automotiva 1510 Ltda,Auto Negócios 1510,99000000001510,Centro Automotivo,Frota e corporativo,Ribeirão Preto,SP,Nordeste Paulista,2024-12-04,6,2,Médio,73020.9200,146581.8500,30,Ativo
1511,Empresa Automotiva 1511 Ltda,Auto Negócios 1511,99000000001511,Autopeças,Revenda,Campinas,SP,Metropolitana de Campinas,2025-07-25,5,1,Pequeno,30581.2500,49199.9400,30,Ativo
1512,Empresa Automotiva 1512 Ltda,Auto Negócios 1512,99000000001512,Autopeças,Revenda,São José do Rio Preto,SP,Noroeste Paulista,2024-06-15,19,4,Micro,4351.7700,5919.6800,30,Ativo
1513,Empresa Automotiva 1513 Ltda,Auto Negócios 1513,99000000001513,Frotista,Revenda,São José do Rio Preto,SP,Noroeste Paulista,2021-12-25,18,4,Pequeno,18719.2900,20963.8300,0,Ativo
1514,Empresa Automotiva 1514 Ltda,Auto Negócios 1514,99000000001514,Oficina Mecânica,Oficina e serviços,Ribeirão Preto,SP,Nordeste Paulista,2022-01-15,8,2,Micro,7211.1500,6769.0100,30,Ativo
1515,Empresa Automotiva 1515 Ltda,Auto Negócios 1515,99000000001515,Revendedor,Oficina e serviços,Campinas,SP,Metropolitana de Campinas,2023-10-17,1,1,Médio,38762.7600,54514.1800,30,Ativo
1516,Empresa Automotiva 1516 Ltda,Auto Negócios 1516,99000000001516,Centro Automotivo,Revenda,Ribeirão Preto,SP,Nordeste Paulista,2025-02-10,9,2,Pequeno,13946.8800,29008.7600,30,Ativo
1517,Empresa Automotiva 1517 Ltda,Auto Negócios 1517,99000000001517,Frotista,Oficina e serviços,Campinas,SP,Metropolitana de Campinas,2025-09-05,1,1,Micro,11926.0600,18618.2800,30,Ativo
1518,Empresa Automotiva 1518 Ltda,Auto Negócios 1518,99000000001518,Varejo,Frota e corporativo,Ribeirão Preto,SP,Nordeste Paulista,2025-03-12,7,2,Médio,71994.7300,92713.2600,14,Ativo
1519,Empresa Automotiva 1519 Ltda,Auto Negócios 1519,99000000001519,Oficina Mecânica,Revenda,São José do Rio Preto,SP,Noroeste Paulista,2025-08-03,20,4,Micro,6812.6600,8866.3600,28,Ativo
1520,Empresa Automotiva 1520 Ltda,Auto Negócios 1520,99000000001520,Centro Automotivo,Revenda,Campinas,SP,Metropolitana de Campinas,2025-05-24,1,1,Micro,7161.2300,12543.7200,28,Ativo
1521,Empresa Automotiva 1521 Ltda,Auto Negócios 1521,99000000001521,Varejo,Oficina e serviços,Campinas,SP,Metropolitana de Campinas,2024-05-05,3,1,Médio,45596.8100,100292.6600,21,Ativo
1522,Empresa Automotiva 1522 Ltda,Auto Negócios 1522,99000000001522,Oficina Mecânica,Oficina e serviços,Campinas,SP,Metropolitana de Campinas,2024-01-18,3,1,Pequeno,14436.8400,13379.6700,30,Ativo
1523,Empresa Automotiva 1523 Ltda,Auto Negócios 1523,99000000001523,Centro Automotivo,Revenda,Campinas,SP,Metropolitana de Campinas,2024-11-23,4,1,Micro,11458.2900,9561.5800,30,Ativo
1524,Empresa Automotiva 1524 Ltda,Auto Negócios 1524,99000000001524,Varejo,Revenda,Ribeirão Preto,SP,Nordeste Paulista,2024-08-12,6,2,Pequeno,26299.7400,32104.8100,28,Ativo
1525,Empresa Automotiva 1525 Ltda,Auto Negócios 1525,99000000001525,Varejo,Revenda,Ribeirão Preto,SP,Nordeste Paulista,2025-04-03,7,2,Micro,10440.8300,16664.0200,14,Ativo
1526,Empresa Automotiva 1526 Ltda,Auto Negócios 1526,99000000001526,Frotista,Oficina e serviços,Ribeirão Preto,SP,Nordeste Paulista,2022-02-15,8,2,Micro,5139.2200,5458.9000,45,Ativo
1527,Empresa Automotiva 1527 Ltda,Auto Negócios 1527,99000000001527,Autoelétrica,Revenda,Campinas,SP,Metropolitana de Campinas,2025-04-12,5,1,Médio,35606.0800,62890.3200,30,Ativo
1528,Empresa Automotiva 1528 Ltda,Auto Negócios 1528,99000000001528,Centro Automotivo,Revenda,Sorocaba,SP,Sudoeste Paulista,2021-04-04,11,3,Médio,50862.1500,77484.2300,28,Ativo
1529,Empresa Automotiva 1529 Ltda,Auto Negócios 1529,99000000001529,Centro Automotivo,Oficina e serviços,Campinas,SP,Metropolitana de Campinas,2023-03-01,4,1,Micro,6453.5000,10237.2300,30,Ativo
1530,Empresa Automotiva 1530 Ltda,Auto Negócios 1530,99000000001530,Revendedor,Revenda,Campinas,SP,Metropolitana de Campinas,2025-10-24,1,1,Médio,75091.3800,137610.0300,28,Inativo
1531,Empresa Automotiva 1531 Ltda,Auto Negócios 1531,99000000001531,Varejo,Oficina e serviços,Ribeirão Preto,SP,Nordeste Paulista,2021-07-31,9,2,Micro,4977.5100,9467.7900,28,Ativo
1532,Empresa Automotiva 1532 Ltda,Auto Negócios 1532,99000000001532,Autoelétrica,Oficina e serviços,São José do Rio Preto,SP,Noroeste Paulista,2021-07-04,17,4,Micro,3500.0000,5157.9700,28,Ativo
1533,Empresa Automotiva 1533 Ltda,Auto Negócios 1533,99000000001533,Autoelétrica,Revenda,Campinas,SP,Metropolitana de Campinas,2021-12-11,2,1,Pequeno,22632.8200,26060.6200,30,Ativo
1534,Empresa Automotiva 1534 Ltda,Auto Negócios 1534,99000000001534,Varejo,Revenda,Campinas,SP,Metropolitana de Campinas,2021-02-20,3,1,Micro,7703.2000,13118.1200,28,Ativo
1535,Empresa Automotiva 1535 Ltda,Auto Negócios 1535,99000000001535,Autoelétrica,Oficina e serviços,Campinas,SP,Metropolitana de Campinas,2021-05-21,4,1,Micro,8356.8600,16152.5000,30,Ativo
1536,Empresa Automotiva 1536 Ltda,Auto Negócios 1536,99000000001536,Autopeças,Oficina e serviços,São José do Rio Preto,SP,Noroeste Paulista,2023-09-28,18,4,Pequeno,22126.3200,47828.1500,30,Ativo
1537,Empresa Automotiva 1537 Ltda,Auto Negócios 1537,99000000001537,Varejo,Frota e corporativo,Sorocaba,SP,Sudoeste Paulista,2023-12-03,12,3,Médio,45395.1400,96707.2200,28,Ativo
1538,Empresa Automotiva 1538 Ltda,Auto Negócios 1538,99000000001538,Oficina Mecânica,Revenda,Ribeirão Preto,SP,Nordeste Paulista,2023-09-26,7,2,Micro,3500.0000,5335.4900,28,Ativo
1539,Empresa Automotiva 1539 Ltda,Auto Negócios 1539,99000000001539,Oficina Mecânica,Oficina e serviços,Campinas,SP,Metropolitana de Campinas,2022-10-08,1,1,Médio,96527.3300,183939.0500,0,Ativo
1540,Empresa Automotiva 1540 Ltda,Auto Negócios 1540,99000000001540,Autopeças,Revenda,Campinas,SP,Metropolitana de Campinas,2025-02-26,3,1,Micro,8197.6600,13030.5900,21,Ativo
1541,Empresa Automotiva 1541 Ltda,Auto Negócios 1541,99000000001541,Frotista,Revenda,São José do Rio Preto,SP,Noroeste Paulista,2024-07-05,17,4,Micro,7016.8700,8460.9700,30,Ativo
1542,Empresa Automotiva 1542 Ltda,Auto Negócios 1542,99000000001542,Oficina Mecânica,Revenda,Sorocaba,SP,Sudoeste Paulista,2021-07-19,14,3,Pequeno,22864.4900,32565.9300,14,Inativo
1543,Empresa Automotiva 1543 Ltda,Auto Negócios 1543,99000000001543,Frotista,Revenda,Campinas,SP,Metropolitana de Campinas,2024-07-06,3,1,Médio,40194.0800,58784.6200,30,Ativo
1544,Empresa Automotiva 1544 Ltda,Auto Negócios 1544,99000000001544,Varejo,Revenda,Ribeirão Preto,SP,Nordeste Paulista,2021-12-10,10,2,Micro,10607.3400,22763.4100,60,Ativo
1545,Empresa Automotiva 1545 Ltda,Auto Negócios 1545,99000000001545,Varejo,Oficina e serviços,Sorocaba,SP,Sudoeste Paulista,2022-06-30,12,3,Micro,7283.3300,12140.4700,21,Ativo
1546,Empresa Automotiva 1546 Ltda,Auto Negócios 1546,99000000001546,Frotista,Oficina e serviços,São José do Rio Preto,SP,Noroeste Paulista,2024-02-08,16,4,Micro,9748.0100,10559.5200,45,Ativo
1547,Empresa Automotiva 1547 Ltda,Auto Negócios 1547,99000000001547,Centro Automotivo,Oficina e serviços,Campinas,SP,Metropolitana de Campinas,2023-07-30,5,1,Pequeno,15701.8400,34205.7900,21,Ativo
1548,Empresa Automotiva 1548 Ltda,Auto Negócios 1548,99000000001548,Varejo,Oficina e serviços,Ribeirão Preto,SP,Nordeste Paulista,2021-07-21,7,2,Médio,44238.2600,52894.1400,30,Ativo
1549,Empresa Automotiva 1549 Ltda,Auto Negócios 1549,99000000001549,Frotista,Frota e corporativo,Sorocaba,SP,Sudoeste Paulista,2022-09-17,11,3,Micro,5224.3200,6947.1600,0,Ativo
1550,Empresa Automotiva 1550 Ltda,Auto Negócios 1550,99000000001550,Varejo,Revenda,São José do Rio Preto,SP,Noroeste Paulista,2024-05-14,20,4,Pequeno,25602.3100,50268.7200,21,Ativo
1551,Empresa Automotiva 1551 Ltda,Auto Negócios 1551,99000000001551,Autoelétrica,Revenda,Campinas,SP,Metropolitana de Campinas,2021-07-25,2,1,Pequeno,14566.7100,13961.5000,30,Ativo
1552,Empresa Automotiva 1552 Ltda,Auto Negócios 1552,99000000001552,Autoelétrica,Oficina e serviços,Sorocaba,SP,Sudoeste Paulista,2024-10-03,14,3,Micro,4158.9100,5941.0700,30,Ativo
1553,Empresa Automotiva 1553 Ltda,Auto Negócios 1553,99000000001553,Varejo,Revenda,Campinas,SP,Metropolitana de Campinas,2021-05-14,1,1,Pequeno,14702.0900,25492.3600,30,Ativo
1554,Empresa Automotiva 1554 Ltda,Auto Negócios 1554,99000000001554,Revendedor,Revenda,Campinas,SP,Metropolitana de Campinas,2024-03-12,1,1,Micro,7248.7600,8287.8500,45,Ativo
1555,Empresa Automotiva 1555 Ltda,Auto Negócios 1555,99000000001555,Frotista,Revenda,Sorocaba,SP,Sudoeste Paulista,2022-06-04,13,3,Pequeno,12696.1500,10966.8800,30,Ativo
1556,Empresa Automotiva 1556 Ltda,Auto Negócios 1556,99000000001556,Varejo,Revenda,Sorocaba,SP,Sudoeste Paulista,2025-10-23,12,3,Grande,159950.5600,342997.8800,28,Ativo
1557,Empresa Automotiva 1557 Ltda,Auto Negócios 1557,99000000001557,Revendedor,Revenda,Sorocaba,SP,Sudoeste Paulista,2024-08-24,11,3,Pequeno,30800.0600,54856.1500,30,Ativo
1558,Empresa Automotiva 1558 Ltda,Auto Negócios 1558,99000000001558,Autoelétrica,Revenda,São José do Rio Preto,SP,Noroeste Paulista,2024-12-11,20,4,Micro,3500.0000,7034.5500,30,Ativo
1559,Empresa Automotiva 1559 Ltda,Auto Negócios 1559,99000000001559,Autopeças,Oficina e serviços,Campinas,SP,Metropolitana de Campinas,2022-06-24,5,1,Micro,3500.0000,2859.0900,21,Ativo
1560,Empresa Automotiva 1560 Ltda,Auto Negócios 1560,99000000001560,Oficina Mecânica,Revenda,Campinas,SP,Metropolitana de Campinas,2025-02-07,3,1,Micro,4035.4600,6014.7900,28,Ativo
1561,Empresa Automotiva 1561 Ltda,Auto Negócios 1561,99000000001561,Autoelétrica,Oficina e serviços,Sorocaba,SP,Sudoeste Paulista,2022-05-27,15,3,Micro,10934.0100,12883.7800,14,Ativo
1562,Empresa Automotiva 1562 Ltda,Auto Negócios 1562,99000000001562,Varejo,Oficina e serviços,Campinas,SP,Metropolitana de Campinas,2023-12-20,5,1,Pequeno,25261.0800,28319.0900,45,Ativo
1563,Empresa Automotiva 1563 Ltda,Auto Negócios 1563,99000000001563,Varejo,Oficina e serviços,Sorocaba,SP,Sudoeste Paulista,2022-10-21,11,3,Pequeno,27566.1300,33177.5900,0,Ativo
1564,Empresa Automotiva 1564 Ltda,Auto Negócios 1564,99000000001564,Centro Automotivo,Revenda,Campinas,SP,Metropolitana de Campinas,2022-05-10,2,1,Pequeno,18673.3500,37656.6100,30,Ativo
1565,Empresa Automotiva 1565 Ltda,Auto Negócios 1565,99000000001565,Oficina Mecânica,Revenda,Ribeirão Preto,SP,Nordeste Paulista,2021-07-09,9,2,Micro,8080.6300,13616.0600,45,Ativo
1566,Empresa Automotiva 1566 Ltda,Auto Negócios 1566,99000000001566,Oficina Mecânica,Oficina e serviços,Ribeirão Preto,SP,Nordeste Paulista,2025-10-10,7,2,Pequeno,13085.1300,13817.1100,0,Ativo
1567,Empresa Automotiva 1567 Ltda,Auto Negócios 1567,99000000001567,Autopeças,Oficina e serviços,Campinas,SP,Metropolitana de Campinas,2022-05-20,5,1,Pequeno,19746.6200,35959.0800,30,Inativo
1568,Empresa Automotiva 1568 Ltda,Auto Negócios 1568,99000000001568,Autopeças,Oficina e serviços,Sorocaba,SP,Sudoeste Paulista,2023-01-30,11,3,Pequeno,12841.7600,21334.6500,30,Ativo
1569,Empresa Automotiva 1569 Ltda,Auto Negócios 1569,99000000001569,Varejo,Revenda,Sorocaba,SP,Sudoeste Paulista,2022-11-10,14,3,Micro,8155.7700,15967.1800,30,Ativo
1570,Empresa Automotiva 1570 Ltda,Auto Negócios 1570,99000000001570,Centro Automotivo,Revenda,Ribeirão Preto,SP,Nordeste Paulista,2024-01-25,6,2,Pequeno,16780.5400,27367.0200,28,Ativo
1571,Empresa Automotiva 1571 Ltda,Auto Negócios 1571,99000000001571,Oficina Mecânica,Frota e corporativo,São José do Rio Preto,SP,Noroeste Paulista,2023-09-29,16,4,Médio,38177.4400,74757.0600,21,Ativo
1572,Empresa Automotiva 1572 Ltda,Auto Negócios 1572,99000000001572,Oficina Mecânica,Revenda,Campinas,SP,Metropolitana de Campinas,2021-08-05,3,1,Micro,7789.7900,7142.3100,14,Ativo
1573,Empresa Automotiva 1573 Ltda,Auto Negócios 1573,99000000001573,Frotista,Revenda,Sorocaba,SP,Sudoeste Paulista,2024-06-10,13,3,Pequeno,18136.2400,27217.2300,28,Ativo
1574,Empresa Automotiva 1574 Ltda,Auto Negócios 1574,99000000001574,Varejo,Oficina e serviços,Sorocaba,SP,Sudoeste Paulista,2025-07-14,14,3,Micro,8151.7000,14627.4000,21,Ativo
1575,Empresa Automotiva 1575 Ltda,Auto Negócios 1575,99000000001575,Autopeças,Revenda,São José do Rio Preto,SP,Noroeste Paulista,2022-09-10,18,4,Micro,6485.8300,12891.1600,45,Ativo
1576,Empresa Automotiva 1576 Ltda,Auto Negócios 1576,99000000001576,Frotista,Oficina e serviços,Campinas,SP,Metropolitana de Campinas,2022-03-11,1,1,Médio,44311.9800,69212.3300,21,Ativo
1577,Empresa Automotiva 1577 Ltda,Auto Negócios 1577,99000000001577,Centro Automotivo,Revenda,Sorocaba,SP,Sudoeste Paulista,2024-07-23,13,3,Micro,7087.0500,10592.4400,60,Inativo
1578,Empresa Automotiva 1578 Ltda,Auto Negócios 1578,99000000001578,Oficina Mecânica,Oficina e serviços,Campinas,SP,Metropolitana de Campinas,2025-03-15,4,1,Pequeno,12413.6100,20904.3900,21,Ativo
1579,Empresa Automotiva 1579 Ltda,Auto Negócios 1579,99000000001579,Centro Automotivo,Oficina e serviços,Campinas,SP,Metropolitana de Campinas,2025-09-19,4,1,Pequeno,21598.6400,42597.9100,14,Ativo
1580,Empresa Automotiva 1580 Ltda,Auto Negócios 1580,99000000001580,Autopeças,Oficina e serviços,Sorocaba,SP,Sudoeste Paulista,2024-10-15,15,3,Micro,3543.2400,7194.0500,0,Ativo
1581,Empresa Automotiva 1581 Ltda,Auto Negócios 1581,99000000001581,Varejo,Revenda,Ribeirão Preto,SP,Nordeste Paulista,2023-04-12,8,2,Micro,3500.0000,3844.5400,28,Ativo
1582,Empresa Automotiva 1582 Ltda,Auto Negócios 1582,99000000001582,Oficina Mecânica,Revenda,Campinas,SP,Metropolitana de Campinas,2022-02-22,4,1,Micro,9042.4700,17692.9700,45,Ativo
1583,Empresa Automotiva 1583 Ltda,Auto Negócios 1583,99000000001583,Varejo,Revenda,Sorocaba,SP,Sudoeste Paulista,2021-04-28,12,3,Micro,7662.1200,9878.7600,30,Ativo
1584,Empresa Automotiva 1584 Ltda,Auto Negócios 1584,99000000001584,Frotista,Oficina e serviços,Campinas,SP,Metropolitana de Campinas,2025-03-01,4,1,Médio,39161.4300,70645.1900,21,Ativo
1585,Empresa Automotiva 1585 Ltda,Auto Negócios 1585,99000000001585,Oficina Mecânica,Oficina e serviços,Sorocaba,SP,Sudoeste Paulista,2022-07-06,14,3,Médio,57736.7600,105023.9600,30,Ativo
1586,Empresa Automotiva 1586 Ltda,Auto Negócios 1586,99000000001586,Autopeças,Oficina e serviços,Sorocaba,SP,Sudoeste Paulista,2022-01-20,15,3,Micro,6200.7600,10984.4100,30,Inativo
1587,Empresa Automotiva 1587 Ltda,Auto Negócios 1587,99000000001587,Autopeças,Revenda,Campinas,SP,Metropolitana de Campinas,2023-06-28,3,1,Micro,10617.7500,10812.2800,30,Ativo
1588,Empresa Automotiva 1588 Ltda,Auto Negócios 1588,99000000001588,Autopeças,Frota e corporativo,Ribeirão Preto,SP,Nordeste Paulista,2023-12-06,6,2,Pequeno,14306.3900,17586.4200,21,Ativo
1589,Empresa Automotiva 1589 Ltda,Auto Negócios 1589,99000000001589,Oficina Mecânica,Oficina e serviços,Campinas,SP,Metropolitana de Campinas,2024-12-15,5,1,Micro,3500.0000,6576.1000,28,Ativo
1590,Empresa Automotiva 1590 Ltda,Auto Negócios 1590,99000000001590,Varejo,Revenda,São José do Rio Preto,SP,Noroeste Paulista,2022-09-30,16,4,Micro,5244.7500,4794.5800,45,Ativo
1591,Empresa Automotiva 1591 Ltda,Auto Negócios 1591,99000000001591,Centro Automotivo,Revenda,Sorocaba,SP,Sudoeste Paulista,2021-11-18,14,3,Pequeno,21255.9900,33383.7400,30,Ativo
1592,Empresa Automotiva 1592 Ltda,Auto Negócios 1592,99000000001592,Revendedor,Oficina e serviços,São José do Rio Preto,SP,Noroeste Paulista,2024-05-06,20,4,Pequeno,12668.1500,20234.8200,14,Ativo
1593,Empresa Automotiva 1593 Ltda,Auto Negócios 1593,99000000001593,Autoelétrica,Oficina e serviços,Ribeirão Preto,SP,Nordeste Paulista,2021-09-15,6,2,Médio,43672.6400,58990.7000,21,Ativo
1594,Empresa Automotiva 1594 Ltda,Auto Negócios 1594,99000000001594,Oficina Mecânica,Revenda,São José do Rio Preto,SP,Noroeste Paulista,2024-09-10,18,4,Médio,41078.3800,76664.1200,28,Ativo
1595,Empresa Automotiva 1595 Ltda,Auto Negócios 1595,99000000001595,Varejo,Oficina e serviços,Ribeirão Preto,SP,Nordeste Paulista,2025-10-17,7,2,Pequeno,12700.2400,24901.3000,45,Ativo
1596,Empresa Automotiva 1596 Ltda,Auto Negócios 1596,99000000001596,Autoelétrica,Revenda,Ribeirão Preto,SP,Nordeste Paulista,2025-08-11,8,2,Micro,10353.3800,11791.7500,14,Ativo
1597,Empresa Automotiva 1597 Ltda,Auto Negócios 1597,99000000001597,Centro Automotivo,Oficina e serviços,Ribeirão Preto,SP,Nordeste Paulista,2022-07-20,9,2,Pequeno,22203.2100,37503.7300,60,Ativo
1598,Empresa Automotiva 1598 Ltda,Auto Negócios 1598,99000000001598,Frotista,Revenda,São José do Rio Preto,SP,Noroeste Paulista,2022-07-09,20,4,Médio,56086.4600,79819.2000,28,Ativo
1599,Empresa Automotiva 1599 Ltda,Auto Negócios 1599,99000000001599,Oficina Mecânica,Revenda,Ribeirão Preto,SP,Nordeste Paulista,2024-06-04,10,2,Pequeno,13062.5500,15781.2300,30,Ativo
1600,Empresa Automotiva 1600 Ltda,Auto Negócios 1600,99000000001600,Revendedor,Revenda,Campinas,SP,Metropolitana de Campinas,2021-06-20,1,1,Pequeno,27489.0900,57339.4300,28,Ativo
1601,Empresa Automotiva 1601 Ltda,Auto Negócios 1601,99000000001601,Autopeças,Revenda,Campinas,SP,Metropolitana de Campinas,2025-09-27,5,1,Micro,10145.0700,17063.0500,0,Ativo
1602,Empresa Automotiva 1602 Ltda,Auto Negócios 1602,99000000001602,Revendedor,Oficina e serviços,Ribeirão Preto,SP,Nordeste Paulista,2023-01-07,9,2,Pequeno,22395.7400,27266.3400,30,Ativo
1603,Empresa Automotiva 1603 Ltda,Auto Negócios 1603,99000000001603,Autopeças,Revenda,Sorocaba,SP,Sudoeste Paulista,2025-08-26,12,3,Micro,10597.0500,16587.0900,21,Ativo
1604,Empresa Automotiva 1604 Ltda,Auto Negócios 1604,99000000001604,Frotista,Oficina e serviços,Sorocaba,SP,Sudoeste Paulista,2024-01-20,14,3,Micro,8333.2800,10791.7100,28,Ativo
1605,Empresa Automotiva 1605 Ltda,Auto Negócios 1605,99000000001605,Autoelétrica,Oficina e serviços,Campinas,SP,Metropolitana de Campinas,2023-07-15,1,1,Pequeno,31070.3500,57617.2700,21,Ativo
1606,Empresa Automotiva 1606 Ltda,Auto Negócios 1606,99000000001606,Centro Automotivo,Oficina e serviços,Sorocaba,SP,Sudoeste Paulista,2021-05-06,11,3,Pequeno,15428.5600,22942.5900,0,Ativo
1607,Empresa Automotiva 1607 Ltda,Auto Negócios 1607,99000000001607,Varejo,Revenda,Ribeirão Preto,SP,Nordeste Paulista,2021-09-02,8,2,Pequeno,20103.1300,41824.1200,30,Ativo
1608,Empresa Automotiva 1608 Ltda,Auto Negócios 1608,99000000001608,Centro Automotivo,Oficina e serviços,Sorocaba,SP,Sudoeste Paulista,2021-06-25,15,3,Pequeno,33406.1200,41800.2800,28,Ativo
1609,Empresa Automotiva 1609 Ltda,Auto Negócios 1609,99000000001609,Varejo,Frota e corporativo,Campinas,SP,Metropolitana de Campinas,2023-02-08,4,1,Micro,6170.5500,12532.8300,14,Ativo
1610,Empresa Automotiva 1610 Ltda,Auto Negócios 1610,99000000001610,Revendedor,Oficina e serviços,Sorocaba,SP,Sudoeste Paulista,2022-05-22,12,3,Médio,52375.5400,114299.9100,45,Ativo
1611,Empresa Automotiva 1611 Ltda,Auto Negócios 1611,99000000001611,Autoelétrica,Oficina e serviços,Campinas,SP,Metropolitana de Campinas,2022-09-20,3,1,Pequeno,26389.7500,42826.2900,21,Ativo
1612,Empresa Automotiva 1612 Ltda,Auto Negócios 1612,99000000001612,Autopeças,Oficina e serviços,Campinas,SP,Metropolitana de Campinas,2024-01-13,2,1,Pequeno,27171.1300,28170.9500,14,Ativo
1613,Empresa Automotiva 1613 Ltda,Auto Negócios 1613,99000000001613,Varejo,Oficina e serviços,São José do Rio Preto,SP,Noroeste Paulista,2023-02-21,19,4,Pequeno,12082.2100,18486.3500,30,Inativo
1614,Empresa Automotiva 1614 Ltda,Auto Negócios 1614,99000000001614,Revendedor,Oficina e serviços,Sorocaba,SP,Sudoeste Paulista,2024-11-01,14,3,Micro,5411.8900,8416.9500,30,Ativo
1615,Empresa Automotiva 1615 Ltda,Auto Negócios 1615,99000000001615,Autopeças,Oficina e serviços,São José do Rio Preto,SP,Noroeste Paulista,2021-04-02,16,4,Pequeno,12512.0900,25630.4800,45,Ativo
1616,Empresa Automotiva 1616 Ltda,Auto Negócios 1616,99000000001616,Autopeças,Oficina e serviços,Ribeirão Preto,SP,Nordeste Paulista,2023-11-07,6,2,Médio,48644.6000,98050.1800,28,Ativo
1617,Empresa Automotiva 1617 Ltda,Auto Negócios 1617,99000000001617,Frotista,Oficina e serviços,Campinas,SP,Metropolitana de Campinas,2023-10-30,3,1,Micro,9320.6200,8130.7800,30,Ativo
1618,Empresa Automotiva 1618 Ltda,Auto Negócios 1618,99000000001618,Autopeças,Revenda,Sorocaba,SP,Sudoeste Paulista,2022-11-17,14,3,Médio,71634.2600,103313.1900,28,Ativo
1619,Empresa Automotiva 1619 Ltda,Auto Negócios 1619,99000000001619,Revendedor,Revenda,Ribeirão Preto,SP,Nordeste Paulista,2025-01-12,9,2,Micro,9415.0500,8078.6100,45,Ativo
1620,Empresa Automotiva 1620 Ltda,Auto Negócios 1620,99000000001620,Autoelétrica,Revenda,Campinas,SP,Metropolitana de Campinas,2022-03-27,3,1,Pequeno,12383.5700,13358.9300,21,Ativo
1621,Empresa Automotiva 1621 Ltda,Auto Negócios 1621,99000000001621,Revendedor,Oficina e serviços,Campinas,SP,Metropolitana de Campinas,2023-06-12,2,1,Micro,3500.0000,5252.3800,45,Ativo
1622,Empresa Automotiva 1622 Ltda,Auto Negócios 1622,99000000001622,Centro Automotivo,Oficina e serviços,Campinas,SP,Metropolitana de Campinas,2024-05-11,2,1,Pequeno,13746.3400,23949.2000,30,Ativo
1623,Empresa Automotiva 1623 Ltda,Auto Negócios 1623,99000000001623,Autoelétrica,Revenda,Sorocaba,SP,Sudoeste Paulista,2023-09-07,13,3,Pequeno,25134.7500,24941.1200,30,Ativo
1624,Empresa Automotiva 1624 Ltda,Auto Negócios 1624,99000000001624,Revendedor,Oficina e serviços,Ribeirão Preto,SP,Nordeste Paulista,2025-02-06,9,2,Pequeno,14480.6900,19229.7200,21,Ativo
1625,Empresa Automotiva 1625 Ltda,Auto Negócios 1625,99000000001625,Frotista,Revenda,Campinas,SP,Metropolitana de Campinas,2023-11-12,3,1,Micro,10254.6800,20017.6200,14,Ativo
1626,Empresa Automotiva 1626 Ltda,Auto Negócios 1626,99000000001626,Centro Automotivo,Oficina e serviços,Campinas,SP,Metropolitana de Campinas,2022-08-02,3,1,Micro,6624.7800,10989.0900,60,Ativo
1627,Empresa Automotiva 1627 Ltda,Auto Negócios 1627,99000000001627,Autoelétrica,Revenda,São José do Rio Preto,SP,Noroeste Paulista,2021-03-05,19,4,Pequeno,20939.0000,22617.5500,45,Ativo
1628,Empresa Automotiva 1628 Ltda,Auto Negócios 1628,99000000001628,Revendedor,Oficina e serviços,Ribeirão Preto,SP,Nordeste Paulista,2022-01-22,10,2,Micro,3500.0000,3540.3000,45,Ativo
1629,Empresa Automotiva 1629 Ltda,Auto Negócios 1629,99000000001629,Revendedor,Oficina e serviços,Sorocaba,SP,Sudoeste Paulista,2022-06-13,11,3,Micro,7494.9400,15965.2700,0,Ativo
1630,Empresa Automotiva 1630 Ltda,Auto Negócios 1630,99000000001630,Frotista,Oficina e serviços,Campinas,SP,Metropolitana de Campinas,2025-01-30,2,1,Micro,6033.1900,10440.6900,30,Ativo
1631,Empresa Automotiva 1631 Ltda,Auto Negócios 1631,99000000001631,Oficina Mecânica,Oficina e serviços,Campinas,SP,Metropolitana de Campinas,2023-10-07,3,1,Pequeno,16250.9400,13059.7200,60,Ativo
1632,Empresa Automotiva 1632 Ltda,Auto Negócios 1632,99000000001632,Oficina Mecânica,Oficina e serviços,Campinas,SP,Metropolitana de Campinas,2022-05-26,3,1,Micro,9609.2800,11850.2700,0,Ativo
1633,Empresa Automotiva 1633 Ltda,Auto Negócios 1633,99000000001633,Revendedor,Revenda,Sorocaba,SP,Sudoeste Paulista,2022-08-11,12,3,Pequeno,15429.8100,31717.9000,30,Ativo
1634,Empresa Automotiva 1634 Ltda,Auto Negócios 1634,99000000001634,Oficina Mecânica,Revenda,Campinas,SP,Metropolitana de Campinas,2025-06-25,1,1,Médio,36740.8600,52154.4800,28,Ativo
1635,Empresa Automotiva 1635 Ltda,Auto Negócios 1635,99000000001635,Oficina Mecânica,Revenda,Campinas,SP,Metropolitana de Campinas,2024-01-09,2,1,Micro,5795.8600,12234.4300,21,Inativo
1636,Empresa Automotiva 1636 Ltda,Auto Negócios 1636,99000000001636,Autopeças,Revenda,Campinas,SP,Metropolitana de Campinas,2022-02-15,4,1,Pequeno,14661.3700,30778.6500,28,Ativo
1637,Empresa Automotiva 1637 Ltda,Auto Negócios 1637,99000000001637,Centro Automotivo,Oficina e serviços,Ribeirão Preto,SP,Nordeste Paulista,2023-10-25,6,2,Micro,9717.8200,9935.5100,28,Ativo
1638,Empresa Automotiva 1638 Ltda,Auto Negócios 1638,99000000001638,Revendedor,Oficina e serviços,Sorocaba,SP,Sudoeste Paulista,2023-10-15,13,3,Médio,44091.8000,73214.4700,30,Ativo
1639,Empresa Automotiva 1639 Ltda,Auto Negócios 1639,99000000001639,Revendedor,Revenda,Ribeirão Preto,SP,Nordeste Paulista,2022-05-05,9,2,Médio,40095.3300,34470.3400,21,Ativo
1640,Empresa Automotiva 1640 Ltda,Auto Negócios 1640,99000000001640,Revendedor,Oficina e serviços,São José do Rio Preto,SP,Noroeste Paulista,2021-07-07,20,4,Micro,9501.9500,10790.2100,45,Ativo
1641,Empresa Automotiva 1641 Ltda,Auto Negócios 1641,99000000001641,Autoelétrica,Oficina e serviços,Ribeirão Preto,SP,Nordeste Paulista,2023-05-03,6,2,Médio,44090.7800,89724.1000,0,Ativo
1642,Empresa Automotiva 1642 Ltda,Auto Negócios 1642,99000000001642,Centro Automotivo,Oficina e serviços,Ribeirão Preto,SP,Nordeste Paulista,2024-02-10,6,2,Pequeno,31813.5300,58132.4600,28,Ativo
1643,Empresa Automotiva 1643 Ltda,Auto Negócios 1643,99000000001643,Centro Automotivo,Revenda,Campinas,SP,Metropolitana de Campinas,2024-11-23,2,1,Micro,8804.2800,9320.9000,30,Ativo
1644,Empresa Automotiva 1644 Ltda,Auto Negócios 1644,99000000001644,Revendedor,Oficina e serviços,São José do Rio Preto,SP,Noroeste Paulista,2021-01-15,18,4,Pequeno,12763.3300,23837.9800,21,Ativo
1645,Empresa Automotiva 1645 Ltda,Auto Negócios 1645,99000000001645,Oficina Mecânica,Oficina e serviços,São José do Rio Preto,SP,Noroeste Paulista,2024-10-23,16,4,Pequeno,12644.2300,16588.1700,45,Ativo
1646,Empresa Automotiva 1646 Ltda,Auto Negócios 1646,99000000001646,Revendedor,Revenda,Campinas,SP,Metropolitana de Campinas,2021-09-25,2,1,Pequeno,20794.6800,40629.1200,28,Ativo
1647,Empresa Automotiva 1647 Ltda,Auto Negócios 1647,99000000001647,Revendedor,Oficina e serviços,Ribeirão Preto,SP,Nordeste Paulista,2025-05-13,10,2,Micro,8876.6400,12308.0700,14,Ativo
1648,Empresa Automotiva 1648 Ltda,Auto Negócios 1648,99000000001648,Autopeças,Oficina e serviços,Sorocaba,SP,Sudoeste Paulista,2022-01-27,12,3,Médio,50163.4700,87251.4900,28,Inativo
1649,Empresa Automotiva 1649 Ltda,Auto Negócios 1649,99000000001649,Autopeças,Frota e corporativo,Ribeirão Preto,SP,Nordeste Paulista,2023-12-25,9,2,Pequeno,13869.3800,20858.0200,30,Ativo
1650,Empresa Automotiva 1650 Ltda,Auto Negócios 1650,99000000001650,Oficina Mecânica,Revenda,Ribeirão Preto,SP,Nordeste Paulista,2025-09-06,6,2,Pequeno,23521.5600,23521.7600,0,Ativo
1651,Empresa Automotiva 1651 Ltda,Auto Negócios 1651,99000000001651,Varejo,Oficina e serviços,Ribeirão Preto,SP,Nordeste Paulista,2023-03-09,10,2,Pequeno,32071.8800,30478.8700,0,Ativo
1652,Empresa Automotiva 1652 Ltda,Auto Negócios 1652,99000000001652,Varejo,Revenda,Campinas,SP,Metropolitana de Campinas,2024-12-28,4,1,Micro,3913.3300,7001.1000,30,Ativo
1653,Empresa Automotiva 1653 Ltda,Auto Negócios 1653,99000000001653,Varejo,Revenda,Campinas,SP,Metropolitana de Campinas,2025-02-20,1,1,Pequeno,27738.2200,60632.0400,21,Ativo
1654,Empresa Automotiva 1654 Ltda,Auto Negócios 1654,99000000001654,Oficina Mecânica,Oficina e serviços,Sorocaba,SP,Sudoeste Paulista,2022-04-02,15,3,Micro,11753.9400,12435.4800,45,Ativo
1655,Empresa Automotiva 1655 Ltda,Auto Negócios 1655,99000000001655,Autopeças,Revenda,Campinas,SP,Metropolitana de Campinas,2023-11-08,1,1,Micro,3500.0000,5382.4800,60,Ativo
1656,Empresa Automotiva 1656 Ltda,Auto Negócios 1656,99000000001656,Varejo,Oficina e serviços,Campinas,SP,Metropolitana de Campinas,2024-11-29,3,1,Micro,11002.5200,15767.0900,21,Ativo
1657,Empresa Automotiva 1657 Ltda,Auto Negócios 1657,99000000001657,Autopeças,Revenda,Campinas,SP,Metropolitana de Campinas,2023-01-15,2,1,Pequeno,21357.2600,29771.9500,21,Ativo
1658,Empresa Automotiva 1658 Ltda,Auto Negócios 1658,99000000001658,Varejo,Oficina e serviços,Campinas,SP,Metropolitana de Campinas,2025-03-10,4,1,Micro,3500.0000,7357.3800,28,Ativo
1659,Empresa Automotiva 1659 Ltda,Auto Negócios 1659,99000000001659,Autoelétrica,Oficina e serviços,São José do Rio Preto,SP,Noroeste Paulista,2021-09-21,20,4,Pequeno,12856.3700,26463.7200,21,Ativo
1660,Empresa Automotiva 1660 Ltda,Auto Negócios 1660,99000000001660,Centro Automotivo,Oficina e serviços,São José do Rio Preto,SP,Noroeste Paulista,2022-03-23,16,4,Micro,8775.5500,8048.1100,28,Ativo
1661,Empresa Automotiva 1661 Ltda,Auto Negócios 1661,99000000001661,Frotista,Revenda,Campinas,SP,Metropolitana de Campinas,2021-03-28,2,1,Médio,47151.3100,91492.0200,45,Ativo
1662,Empresa Automotiva 1662 Ltda,Auto Negócios 1662,99000000001662,Revendedor,Revenda,Ribeirão Preto,SP,Nordeste Paulista,2023-10-10,6,2,Médio,46726.0700,91581.3000,45,Ativo
1663,Empresa Automotiva 1663 Ltda,Auto Negócios 1663,99000000001663,Centro Automotivo,Revenda,Campinas,SP,Metropolitana de Campinas,2025-11-07,2,1,Pequeno,30562.9800,32090.4600,14,Ativo
1664,Empresa Automotiva 1664 Ltda,Auto Negócios 1664,99000000001664,Revendedor,Revenda,Sorocaba,SP,Sudoeste Paulista,2025-07-24,15,3,Médio,43388.2900,86206.4100,30,Ativo
1665,Empresa Automotiva 1665 Ltda,Auto Negócios 1665,99000000001665,Autopeças,Oficina e serviços,Sorocaba,SP,Sudoeste Paulista,2021-02-13,13,3,Médio,45865.8400,79512.6600,60,Ativo
1666,Empresa Automotiva 1666 Ltda,Auto Negócios 1666,99000000001666,Varejo,Frota e corporativo,Sorocaba,SP,Sudoeste Paulista,2021-10-08,12,3,Micro,11126.6800,20742.8500,60,Ativo
1667,Empresa Automotiva 1667 Ltda,Auto Negócios 1667,99000000001667,Varejo,Revenda,São José do Rio Preto,SP,Noroeste Paulista,2023-03-05,16,4,Micro,6607.2900,11809.4700,0,Ativo
1668,Empresa Automotiva 1668 Ltda,Auto Negócios 1668,99000000001668,Frotista,Oficina e serviços,São José do Rio Preto,SP,Noroeste Paulista,2024-07-10,20,4,Pequeno,14930.6800,14118.4100,28,Ativo
1669,Empresa Automotiva 1669 Ltda,Auto Negócios 1669,99000000001669,Centro Automotivo,Revenda,São José do Rio Preto,SP,Noroeste Paulista,2023-08-09,16,4,Micro,6226.2100,11213.0600,21,Ativo
1670,Empresa Automotiva 1670 Ltda,Auto Negócios 1670,99000000001670,Centro Automotivo,Oficina e serviços,Campinas,SP,Metropolitana de Campinas,2025-03-12,2,1,Micro,6548.4600,8285.1800,28,Ativo
1671,Empresa Automotiva 1671 Ltda,Auto Negócios 1671,99000000001671,Autopeças,Revenda,Campinas,SP,Metropolitana de Campinas,2021-06-15,3,1,Micro,3500.0000,4079.5400,30,Ativo
1672,Empresa Automotiva 1672 Ltda,Auto Negócios 1672,99000000001672,Revendedor,Oficina e serviços,Ribeirão Preto,SP,Nordeste Paulista,2022-01-21,10,2,Pequeno,32745.5800,34267.1900,30,Ativo
1673,Empresa Automotiva 1673 Ltda,Auto Negócios 1673,99000000001673,Varejo,Revenda,São José do Rio Preto,SP,Noroeste Paulista,2024-11-26,17,4,Pequeno,22666.4900,42511.9700,0,Ativo
1674,Empresa Automotiva 1674 Ltda,Auto Negócios 1674,99000000001674,Autopeças,Oficina e serviços,Ribeirão Preto,SP,Nordeste Paulista,2025-08-23,6,2,Pequeno,19412.0000,15906.6500,30,Ativo
1675,Empresa Automotiva 1675 Ltda,Auto Negócios 1675,99000000001675,Autopeças,Frota e corporativo,Ribeirão Preto,SP,Nordeste Paulista,2022-05-08,6,2,Pequeno,22298.1500,26890.8100,0,Ativo
1676,Empresa Automotiva 1676 Ltda,Auto Negócios 1676,99000000001676,Autopeças,Oficina e serviços,Campinas,SP,Metropolitana de Campinas,2025-09-16,3,1,Micro,7918.2200,9546.2500,21,Ativo
1677,Empresa Automotiva 1677 Ltda,Auto Negócios 1677,99000000001677,Autoelétrica,Oficina e serviços,São José do Rio Preto,SP,Noroeste Paulista,2022-08-28,16,4,Micro,5506.8900,6668.5900,21,Ativo
1678,Empresa Automotiva 1678 Ltda,Auto Negócios 1678,99000000001678,Autopeças,Oficina e serviços,São José do Rio Preto,SP,Noroeste Paulista,2022-09-09,19,4,Pequeno,27053.5400,27838.4700,28,Ativo
1679,Empresa Automotiva 1679 Ltda,Auto Negócios 1679,99000000001679,Varejo,Revenda,Sorocaba,SP,Sudoeste Paulista,2024-08-19,12,3,Micro,5361.2000,4649.5300,28,Ativo
1680,Empresa Automotiva 1680 Ltda,Auto Negócios 1680,99000000001680,Oficina Mecânica,Oficina e serviços,São José do Rio Preto,SP,Noroeste Paulista,2023-07-05,20,4,Pequeno,15244.9300,27900.5500,21,Ativo
1681,Empresa Automotiva 1681 Ltda,Auto Negócios 1681,99000000001681,Autopeças,Frota e corporativo,Campinas,SP,Metropolitana de Campinas,2022-06-29,1,1,Pequeno,13771.9700,13624.0200,28,Ativo
1682,Empresa Automotiva 1682 Ltda,Auto Negócios 1682,99000000001682,Revendedor,Oficina e serviços,Campinas,SP,Metropolitana de Campinas,2023-08-16,4,1,Médio,40616.3700,85901.2500,21,Ativo
1683,Empresa Automotiva 1683 Ltda,Auto Negócios 1683,99000000001683,Frotista,Revenda,Campinas,SP,Metropolitana de Campinas,2025-02-02,2,1,Micro,5327.4500,10586.6800,21,Ativo
1684,Empresa Automotiva 1684 Ltda,Auto Negócios 1684,99000000001684,Autopeças,Revenda,Ribeirão Preto,SP,Nordeste Paulista,2022-09-17,6,2,Pequeno,12572.2300,20200.9700,30,Ativo
1685,Empresa Automotiva 1685 Ltda,Auto Negócios 1685,99000000001685,Revendedor,Oficina e serviços,Campinas,SP,Metropolitana de Campinas,2023-01-12,2,1,Médio,40251.4100,71953.0100,0,Ativo
1686,Empresa Automotiva 1686 Ltda,Auto Negócios 1686,99000000001686,Frotista,Oficina e serviços,Sorocaba,SP,Sudoeste Paulista,2025-02-08,11,3,Pequeno,33654.0400,58326.5300,30,Ativo
1687,Empresa Automotiva 1687 Ltda,Auto Negócios 1687,99000000001687,Frotista,Oficina e serviços,Sorocaba,SP,Sudoeste Paulista,2023-07-16,11,3,Micro,3500.0000,3839.3600,45,Ativo
1688,Empresa Automotiva 1688 Ltda,Auto Negócios 1688,99000000001688,Frotista,Revenda,Sorocaba,SP,Sudoeste Paulista,2025-07-04,11,3,Micro,9431.7300,9655.8700,28,Ativo
1689,Empresa Automotiva 1689 Ltda,Auto Negócios 1689,99000000001689,Varejo,Revenda,São José do Rio Preto,SP,Noroeste Paulista,2022-01-26,16,4,Pequeno,18668.5300,16559.6200,21,Ativo
1690,Empresa Automotiva 1690 Ltda,Auto Negócios 1690,99000000001690,Autopeças,Oficina e serviços,Campinas,SP,Metropolitana de Campinas,2021-03-14,2,1,Micro,3500.0000,5810.3600,30,Ativo
1691,Empresa Automotiva 1691 Ltda,Auto Negócios 1691,99000000001691,Autoelétrica,Oficina e serviços,Campinas,SP,Metropolitana de Campinas,2022-09-15,2,1,Micro,7801.0600,16773.8300,45,Ativo
1692,Empresa Automotiva 1692 Ltda,Auto Negócios 1692,99000000001692,Varejo,Oficina e serviços,São José do Rio Preto,SP,Noroeste Paulista,2022-11-18,17,4,Pequeno,17627.6100,37671.3300,30,Ativo
1693,Empresa Automotiva 1693 Ltda,Auto Negócios 1693,99000000001693,Centro Automotivo,Oficina e serviços,Campinas,SP,Metropolitana de Campinas,2023-05-24,5,1,Micro,7448.4300,8133.6800,28,Inativo
1694,Empresa Automotiva 1694 Ltda,Auto Negócios 1694,99000000001694,Varejo,Revenda,Campinas,SP,Metropolitana de Campinas,2023-02-26,2,1,Micro,7527.2000,14178.1100,30,Ativo
1695,Empresa Automotiva 1695 Ltda,Auto Negócios 1695,99000000001695,Oficina Mecânica,Oficina e serviços,Ribeirão Preto,SP,Nordeste Paulista,2023-08-28,9,2,Pequeno,16323.2900,26374.0600,0,Ativo
1696,Empresa Automotiva 1696 Ltda,Auto Negócios 1696,99000000001696,Varejo,Revenda,São José do Rio Preto,SP,Noroeste Paulista,2024-04-30,20,4,Médio,51530.8400,88870.3400,21,Ativo
1697,Empresa Automotiva 1697 Ltda,Auto Negócios 1697,99000000001697,Varejo,Oficina e serviços,Ribeirão Preto,SP,Nordeste Paulista,2023-09-29,10,2,Micro,3500.0000,7521.6900,30,Ativo
1698,Empresa Automotiva 1698 Ltda,Auto Negócios 1698,99000000001698,Frotista,Oficina e serviços,Sorocaba,SP,Sudoeste Paulista,2022-04-01,11,3,Micro,7551.4600,6243.8500,30,Ativo
1699,Empresa Automotiva 1699 Ltda,Auto Negócios 1699,99000000001699,Autoelétrica,Oficina e serviços,São José do Rio Preto,SP,Noroeste Paulista,2022-12-07,18,4,Pequeno,13417.2000,23771.8200,21,Ativo
1700,Empresa Automotiva 1700 Ltda,Auto Negócios 1700,99000000001700,Autoelétrica,Oficina e serviços,Campinas,SP,Metropolitana de Campinas,2021-01-27,2,1,Pequeno,26903.8300,58825.3100,28,Ativo
1701,Empresa Automotiva 1701 Ltda,Auto Negócios 1701,99000000001701,Autoelétrica,Revenda,Sorocaba,SP,Sudoeste Paulista,2021-05-22,12,3,Micro,7796.4200,13194.1000,21,Ativo
1702,Empresa Automotiva 1702 Ltda,Auto Negócios 1702,99000000001702,Autoelétrica,Revenda,São José do Rio Preto,SP,Noroeste Paulista,2024-12-08,18,4,Micro,4991.5500,7978.6800,28,Ativo
1703,Empresa Automotiva 1703 Ltda,Auto Negócios 1703,99000000001703,Autoelétrica,Revenda,Ribeirão Preto,SP,Nordeste Paulista,2021-08-08,7,2,Pequeno,24248.1000,33743.9000,21,Ativo
1704,Empresa Automotiva 1704 Ltda,Auto Negócios 1704,99000000001704,Autopeças,Oficina e serviços,Sorocaba,SP,Sudoeste Paulista,2023-03-04,11,3,Micro,7858.5900,10927.5400,28,Ativo
1705,Empresa Automotiva 1705 Ltda,Auto Negócios 1705,99000000001705,Revendedor,Revenda,Sorocaba,SP,Sudoeste Paulista,2022-05-16,12,3,Micro,6618.4100,8999.5400,45,Ativo
1706,Empresa Automotiva 1706 Ltda,Auto Negócios 1706,99000000001706,Varejo,Oficina e serviços,Ribeirão Preto,SP,Nordeste Paulista,2022-11-05,9,2,Médio,46394.6500,101289.2200,14,Ativo
1707,Empresa Automotiva 1707 Ltda,Auto Negócios 1707,99000000001707,Centro Automotivo,Oficina e serviços,Ribeirão Preto,SP,Nordeste Paulista,2022-09-08,6,2,Micro,3500.0000,6635.6600,30,Ativo
1708,Empresa Automotiva 1708 Ltda,Auto Negócios 1708,99000000001708,Revendedor,Oficina e serviços,Ribeirão Preto,SP,Nordeste Paulista,2023-06-19,8,2,Micro,4922.6200,9056.2300,28,Ativo
1709,Empresa Automotiva 1709 Ltda,Auto Negócios 1709,99000000001709,Frotista,Oficina e serviços,Sorocaba,SP,Sudoeste Paulista,2021-01-17,15,3,Médio,58182.6700,75032.4000,60,Ativo
1710,Empresa Automotiva 1710 Ltda,Auto Negócios 1710,99000000001710,Revendedor,Oficina e serviços,São José do Rio Preto,SP,Noroeste Paulista,2022-02-11,17,4,Micro,10012.4600,13283.6300,0,Ativo
1711,Empresa Automotiva 1711 Ltda,Auto Negócios 1711,99000000001711,Varejo,Oficina e serviços,São José do Rio Preto,SP,Noroeste Paulista,2025-03-24,19,4,Micro,3906.6000,6689.2400,30,Ativo
1712,Empresa Automotiva 1712 Ltda,Auto Negócios 1712,99000000001712,Frotista,Revenda,Ribeirão Preto,SP,Nordeste Paulista,2022-12-11,8,2,Pequeno,18878.4300,29825.0700,0,Ativo
1713,Empresa Automotiva 1713 Ltda,Auto Negócios 1713,99000000001713,Revendedor,Oficina e serviços,Ribeirão Preto,SP,Nordeste Paulista,2022-05-12,6,2,Pequeno,25812.2200,56697.6200,21,Ativo
1714,Empresa Automotiva 1714 Ltda,Auto Negócios 1714,99000000001714,Autoelétrica,Oficina e serviços,Ribeirão Preto,SP,Nordeste Paulista,2023-08-17,8,2,Pequeno,19871.5300,31027.4600,30,Ativo
1715,Empresa Automotiva 1715 Ltda,Auto Negócios 1715,99000000001715,Varejo,Revenda,Campinas,SP,Metropolitana de Campinas,2023-11-17,5,1,Micro,9868.9000,12574.3200,30,Ativo
1716,Empresa Automotiva 1716 Ltda,Auto Negócios 1716,99000000001716,Autoelétrica,Oficina e serviços,Campinas,SP,Metropolitana de Campinas,2025-04-04,2,1,Micro,10140.6900,18977.2700,21,Inativo
1717,Empresa Automotiva 1717 Ltda,Auto Negócios 1717,99000000001717,Autopeças,Oficina e serviços,Sorocaba,SP,Sudoeste Paulista,2025-04-30,12,3,Pequeno,29311.4900,25757.0900,0,Ativo
1718,Empresa Automotiva 1718 Ltda,Auto Negócios 1718,99000000001718,Frotista,Oficina e serviços,São José do Rio Preto,SP,Noroeste Paulista,2023-11-24,16,4,Pequeno,34320.8000,43417.5000,30,Ativo
1719,Empresa Automotiva 1719 Ltda,Auto Negócios 1719,99000000001719,Autopeças,Revenda,Campinas,SP,Metropolitana de Campinas,2024-10-10,3,1,Micro,8563.3000,18665.9000,14,Ativo
1720,Empresa Automotiva 1720 Ltda,Auto Negócios 1720,99000000001720,Autoelétrica,Frota e corporativo,Sorocaba,SP,Sudoeste Paulista,2024-09-17,11,3,Grande,153936.2700,219217.3100,30,Ativo
1721,Empresa Automotiva 1721 Ltda,Auto Negócios 1721,99000000001721,Oficina Mecânica,Oficina e serviços,Ribeirão Preto,SP,Nordeste Paulista,2021-12-29,8,2,Pequeno,32792.5200,43143.0200,28,Ativo
1722,Empresa Automotiva 1722 Ltda,Auto Negócios 1722,99000000001722,Autopeças,Oficina e serviços,Sorocaba,SP,Sudoeste Paulista,2024-07-24,12,3,Micro,8974.2700,11332.4600,14,Ativo
1723,Empresa Automotiva 1723 Ltda,Auto Negócios 1723,99000000001723,Frotista,Oficina e serviços,Ribeirão Preto,SP,Nordeste Paulista,2024-08-16,10,2,Pequeno,12901.4200,25077.8900,60,Ativo
1724,Empresa Automotiva 1724 Ltda,Auto Negócios 1724,99000000001724,Autopeças,Revenda,São José do Rio Preto,SP,Noroeste Paulista,2021-04-12,19,4,Micro,9690.4000,9876.7900,28,Ativo
1725,Empresa Automotiva 1725 Ltda,Auto Negócios 1725,99000000001725,Oficina Mecânica,Revenda,Campinas,SP,Metropolitana de Campinas,2024-12-13,3,1,Micro,9304.2100,8603.5800,28,Ativo
1726,Empresa Automotiva 1726 Ltda,Auto Negócios 1726,99000000001726,Oficina Mecânica,Oficina e serviços,Ribeirão Preto,SP,Nordeste Paulista,2023-10-18,10,2,Médio,51241.9200,49888.2600,60,Ativo
1727,Empresa Automotiva 1727 Ltda,Auto Negócios 1727,99000000001727,Centro Automotivo,Oficina e serviços,Campinas,SP,Metropolitana de Campinas,2022-01-11,2,1,Micro,11035.1000,13616.7300,28,Inativo
1728,Empresa Automotiva 1728 Ltda,Auto Negócios 1728,99000000001728,Autopeças,Oficina e serviços,Campinas,SP,Metropolitana de Campinas,2022-01-17,4,1,Micro,9500.6600,9773.6800,14,Ativo
1729,Empresa Automotiva 1729 Ltda,Auto Negócios 1729,99000000001729,Varejo,Revenda,Sorocaba,SP,Sudoeste Paulista,2022-08-29,14,3,Pequeno,13996.2200,12669.1300,21,Ativo
1730,Empresa Automotiva 1730 Ltda,Auto Negócios 1730,99000000001730,Autopeças,Oficina e serviços,Campinas,SP,Metropolitana de Campinas,2025-10-08,5,1,Pequeno,17816.2600,18931.5200,0,Inativo
1731,Empresa Automotiva 1731 Ltda,Auto Negócios 1731,99000000001731,Frotista,Frota e corporativo,Campinas,SP,Metropolitana de Campinas,2022-03-20,5,1,Pequeno,12416.2400,22680.5000,30,Ativo
1732,Empresa Automotiva 1732 Ltda,Auto Negócios 1732,99000000001732,Autopeças,Revenda,Campinas,SP,Metropolitana de Campinas,2023-05-19,5,1,Micro,7285.4100,11694.2600,21,Inativo
1733,Empresa Automotiva 1733 Ltda,Auto Negócios 1733,99000000001733,Autoelétrica,Oficina e serviços,Campinas,SP,Metropolitana de Campinas,2022-01-21,3,1,Micro,9131.3700,11956.2600,45,Ativo
1734,Empresa Automotiva 1734 Ltda,Auto Negócios 1734,99000000001734,Autoelétrica,Oficina e serviços,São José do Rio Preto,SP,Noroeste Paulista,2021-08-29,19,4,Micro,6165.7100,6125.4400,45,Ativo
1735,Empresa Automotiva 1735 Ltda,Auto Negócios 1735,99000000001735,Varejo,Revenda,Ribeirão Preto,SP,Nordeste Paulista,2025-11-06,10,2,Pequeno,16134.4900,27264.5000,14,Inativo
1736,Empresa Automotiva 1736 Ltda,Auto Negócios 1736,99000000001736,Revendedor,Revenda,São José do Rio Preto,SP,Noroeste Paulista,2024-09-16,19,4,Micro,8302.7400,7007.1800,30,Inativo
1737,Empresa Automotiva 1737 Ltda,Auto Negócios 1737,99000000001737,Oficina Mecânica,Frota e corporativo,Campinas,SP,Metropolitana de Campinas,2023-06-01,2,1,Pequeno,27237.6400,36639.6700,21,Ativo
1738,Empresa Automotiva 1738 Ltda,Auto Negócios 1738,99000000001738,Oficina Mecânica,Revenda,Sorocaba,SP,Sudoeste Paulista,2024-01-25,13,3,Micro,3500.0000,3274.6200,30,Inativo
1739,Empresa Automotiva 1739 Ltda,Auto Negócios 1739,99000000001739,Autopeças,Oficina e serviços,São José do Rio Preto,SP,Noroeste Paulista,2025-06-15,16,4,Pequeno,13048.1100,14161.7100,28,Ativo
1740,Empresa Automotiva 1740 Ltda,Auto Negócios 1740,99000000001740,Revendedor,Revenda,Sorocaba,SP,Sudoeste Paulista,2024-07-25,12,3,Médio,48964.9600,57789.8700,28,Ativo
1741,Empresa Automotiva 1741 Ltda,Auto Negócios 1741,99000000001741,Centro Automotivo,Oficina e serviços,Sorocaba,SP,Sudoeste Paulista,2021-11-05,15,3,Pequeno,13855.5100,21225.0300,30,Ativo
1742,Empresa Automotiva 1742 Ltda,Auto Negócios 1742,99000000001742,Frotista,Oficina e serviços,São José do Rio Preto,SP,Noroeste Paulista,2022-12-03,17,4,Médio,49098.1100,65442.1100,21,Ativo
1743,Empresa Automotiva 1743 Ltda,Auto Negócios 1743,99000000001743,Varejo,Oficina e serviços,Campinas,SP,Metropolitana de Campinas,2022-09-20,2,1,Grande,106406.7700,109356.5000,0,Inativo
1744,Empresa Automotiva 1744 Ltda,Auto Negócios 1744,99000000001744,Frotista,Oficina e serviços,Campinas,SP,Metropolitana de Campinas,2022-10-12,3,1,Micro,7886.1900,6522.2100,45,Ativo
1745,Empresa Automotiva 1745 Ltda,Auto Negócios 1745,99000000001745,Autoelétrica,Oficina e serviços,Sorocaba,SP,Sudoeste Paulista,2025-05-28,11,3,Pequeno,13466.3100,18427.0800,60,Ativo
1746,Empresa Automotiva 1746 Ltda,Auto Negócios 1746,99000000001746,Centro Automotivo,Oficina e serviços,Campinas,SP,Metropolitana de Campinas,2025-05-04,3,1,Micro,10095.5800,15223.5700,30,Inativo
1747,Empresa Automotiva 1747 Ltda,Auto Negócios 1747,99000000001747,Autoelétrica,Revenda,Ribeirão Preto,SP,Nordeste Paulista,2025-12-03,9,2,Pequeno,33728.3700,45768.4900,30,Ativo
1748,Empresa Automotiva 1748 Ltda,Auto Negócios 1748,99000000001748,Centro Automotivo,Frota e corporativo,Campinas,SP,Metropolitana de Campinas,2022-06-10,3,1,Médio,89460.4300,84668.6800,30,Ativo
1749,Empresa Automotiva 1749 Ltda,Auto Negócios 1749,99000000001749,Oficina Mecânica,Revenda,São José do Rio Preto,SP,Noroeste Paulista,2023-06-29,18,4,Médio,36023.0600,29608.5300,21,Ativo
1750,Empresa Automotiva 1750 Ltda,Auto Negócios 1750,99000000001750,Varejo,Revenda,Campinas,SP,Metropolitana de Campinas,2021-04-06,3,1,Micro,5375.3200,6524.2800,30,Ativo
1751,Empresa Automotiva 1751 Ltda,Auto Negócios 1751,99000000001751,Revendedor,Oficina e serviços,Sorocaba,SP,Sudoeste Paulista,2022-04-26,15,3,Pequeno,33661.9700,60177.7500,21,Ativo
1752,Empresa Automotiva 1752 Ltda,Auto Negócios 1752,99000000001752,Autoelétrica,Revenda,Ribeirão Preto,SP,Nordeste Paulista,2021-08-06,6,2,Micro,5164.5500,11259.3900,30,Ativo
1753,Empresa Automotiva 1753 Ltda,Auto Negócios 1753,99000000001753,Oficina Mecânica,Oficina e serviços,Ribeirão Preto,SP,Nordeste Paulista,2021-03-24,8,2,Micro,9250.2000,13104.0800,21,Ativo
1754,Empresa Automotiva 1754 Ltda,Auto Negócios 1754,99000000001754,Centro Automotivo,Revenda,Ribeirão Preto,SP,Nordeste Paulista,2025-11-08,7,2,Médio,57778.9100,72886.2000,0,Ativo
1755,Empresa Automotiva 1755 Ltda,Auto Negócios 1755,99000000001755,Oficina Mecânica,Oficina e serviços,Sorocaba,SP,Sudoeste Paulista,2024-10-29,11,3,Micro,6898.3500,14188.1200,28,Ativo
1756,Empresa Automotiva 1756 Ltda,Auto Negócios 1756,99000000001756,Frotista,Frota e corporativo,Sorocaba,SP,Sudoeste Paulista,2022-04-28,13,3,Médio,63237.2900,70973.1200,30,Inativo
1757,Empresa Automotiva 1757 Ltda,Auto Negócios 1757,99000000001757,Revendedor,Revenda,São José do Rio Preto,SP,Noroeste Paulista,2022-12-13,20,4,Micro,9783.4700,17643.3800,30,Inativo
1758,Empresa Automotiva 1758 Ltda,Auto Negócios 1758,99000000001758,Centro Automotivo,Revenda,Ribeirão Preto,SP,Nordeste Paulista,2024-02-13,6,2,Pequeno,20580.6200,30639.1600,30,Ativo
1759,Empresa Automotiva 1759 Ltda,Auto Negócios 1759,99000000001759,Autopeças,Oficina e serviços,Campinas,SP,Metropolitana de Campinas,2023-02-17,4,1,Micro,10814.3200,11092.9600,45,Ativo
1760,Empresa Automotiva 1760 Ltda,Auto Negócios 1760,99000000001760,Revendedor,Revenda,Campinas,SP,Metropolitana de Campinas,2025-05-02,1,1,Grande,114455.4300,133517.3200,21,Ativo
1761,Empresa Automotiva 1761 Ltda,Auto Negócios 1761,99000000001761,Frotista,Revenda,São José do Rio Preto,SP,Noroeste Paulista,2025-04-23,20,4,Pequeno,14969.5700,26891.2400,14,Ativo
1762,Empresa Automotiva 1762 Ltda,Auto Negócios 1762,99000000001762,Centro Automotivo,Oficina e serviços,Ribeirão Preto,SP,Nordeste Paulista,2022-09-12,7,2,Pequeno,28221.2700,45357.2500,21,Ativo
1763,Empresa Automotiva 1763 Ltda,Auto Negócios 1763,99000000001763,Autoelétrica,Revenda,Ribeirão Preto,SP,Nordeste Paulista,2022-11-23,7,2,Médio,52014.1100,61986.2800,28,Ativo
1764,Empresa Automotiva 1764 Ltda,Auto Negócios 1764,99000000001764,Oficina Mecânica,Revenda,Sorocaba,SP,Sudoeste Paulista,2022-11-11,14,3,Pequeno,18830.4100,39145.5500,60,Ativo
1765,Empresa Automotiva 1765 Ltda,Auto Negócios 1765,99000000001765,Centro Automotivo,Oficina e serviços,Sorocaba,SP,Sudoeste Paulista,2021-11-11,15,3,Médio,60871.7100,111729.2800,30,Ativo
1766,Empresa Automotiva 1766 Ltda,Auto Negócios 1766,99000000001766,Revendedor,Oficina e serviços,Campinas,SP,Metropolitana de Campinas,2022-05-01,5,1,Pequeno,15068.4500,12891.2000,60,Ativo
1767,Empresa Automotiva 1767 Ltda,Auto Negócios 1767,99000000001767,Oficina Mecânica,Revenda,Sorocaba,SP,Sudoeste Paulista,2022-11-09,13,3,Micro,4011.2800,5043.9400,45,Ativo
1768,Empresa Automotiva 1768 Ltda,Auto Negócios 1768,99000000001768,Centro Automotivo,Oficina e serviços,Campinas,SP,Metropolitana de Campinas,2025-04-29,1,1,Micro,3515.7100,3485.3900,30,Ativo
1769,Empresa Automotiva 1769 Ltda,Auto Negócios 1769,99000000001769,Oficina Mecânica,Oficina e serviços,São José do Rio Preto,SP,Noroeste Paulista,2024-12-31,19,4,Médio,45742.2900,41251.1300,45,Inativo
1770,Empresa Automotiva 1770 Ltda,Auto Negócios 1770,99000000001770,Autopeças,Revenda,São José do Rio Preto,SP,Noroeste Paulista,2022-04-14,20,4,Médio,46514.5200,59986.4400,45,Ativo
1771,Empresa Automotiva 1771 Ltda,Auto Negócios 1771,99000000001771,Oficina Mecânica,Frota e corporativo,Campinas,SP,Metropolitana de Campinas,2024-01-30,3,1,Pequeno,19614.0500,42543.4700,30,Ativo
1772,Empresa Automotiva 1772 Ltda,Auto Negócios 1772,99000000001772,Autopeças,Revenda,Sorocaba,SP,Sudoeste Paulista,2025-02-26,15,3,Pequeno,27201.0700,27132.1700,30,Ativo
1773,Empresa Automotiva 1773 Ltda,Auto Negócios 1773,99000000001773,Autopeças,Oficina e serviços,Sorocaba,SP,Sudoeste Paulista,2022-05-01,15,3,Micro,6792.2900,14672.0800,30,Inativo
1774,Empresa Automotiva 1774 Ltda,Auto Negócios 1774,99000000001774,Autopeças,Revenda,Sorocaba,SP,Sudoeste Paulista,2022-07-30,13,3,Micro,7548.1200,15213.0700,28,Ativo
1775,Empresa Automotiva 1775 Ltda,Auto Negócios 1775,99000000001775,Autoelétrica,Revenda,Campinas,SP,Metropolitana de Campinas,2025-10-31,1,1,Micro,11936.0500,19405.6800,21,Ativo
1776,Empresa Automotiva 1776 Ltda,Auto Negócios 1776,99000000001776,Varejo,Oficina e serviços,Sorocaba,SP,Sudoeste Paulista,2023-04-12,11,3,Pequeno,13243.4400,20323.6400,0,Inativo
1777,Empresa Automotiva 1777 Ltda,Auto Negócios 1777,99000000001777,Revendedor,Revenda,Campinas,SP,Metropolitana de Campinas,2023-08-28,4,1,Pequeno,20787.4200,43063.6200,14,Ativo
1778,Empresa Automotiva 1778 Ltda,Auto Negócios 1778,99000000001778,Autopeças,Frota e corporativo,Ribeirão Preto,SP,Nordeste Paulista,2025-07-09,7,2,Pequeno,25564.9000,40312.5600,28,Ativo
1779,Empresa Automotiva 1779 Ltda,Auto Negócios 1779,99000000001779,Revendedor,Oficina e serviços,Ribeirão Preto,SP,Nordeste Paulista,2025-08-05,7,2,Médio,77822.6100,107115.1800,0,Ativo
1780,Empresa Automotiva 1780 Ltda,Auto Negócios 1780,99000000001780,Frotista,Oficina e serviços,Campinas,SP,Metropolitana de Campinas,2022-11-06,5,1,Micro,6822.6100,10496.1500,30,Ativo
1781,Empresa Automotiva 1781 Ltda,Auto Negócios 1781,99000000001781,Autoelétrica,Revenda,Campinas,SP,Metropolitana de Campinas,2024-07-04,2,1,Micro,8347.7400,11676.7500,30,Ativo
1782,Empresa Automotiva 1782 Ltda,Auto Negócios 1782,99000000001782,Varejo,Oficina e serviços,São José do Rio Preto,SP,Noroeste Paulista,2025-05-27,16,4,Micro,3500.0000,6445.3000,30,Ativo
1783,Empresa Automotiva 1783 Ltda,Auto Negócios 1783,99000000001783,Revendedor,Oficina e serviços,Campinas,SP,Metropolitana de Campinas,2023-11-05,5,1,Micro,3552.3000,6457.6000,21,Ativo
1784,Empresa Automotiva 1784 Ltda,Auto Negócios 1784,99000000001784,Autopeças,Revenda,Ribeirão Preto,SP,Nordeste Paulista,2023-10-22,7,2,Pequeno,15498.3600,20267.8400,30,Ativo
1785,Empresa Automotiva 1785 Ltda,Auto Negócios 1785,99000000001785,Revendedor,Frota e corporativo,Ribeirão Preto,SP,Nordeste Paulista,2023-01-12,9,2,Micro,11841.4400,15390.1400,30,Ativo
1786,Empresa Automotiva 1786 Ltda,Auto Negócios 1786,99000000001786,Autopeças,Revenda,Campinas,SP,Metropolitana de Campinas,2021-04-17,5,1,Micro,7844.6800,15814.0900,28,Ativo
1787,Empresa Automotiva 1787 Ltda,Auto Negócios 1787,99000000001787,Oficina Mecânica,Oficina e serviços,Ribeirão Preto,SP,Nordeste Paulista,2024-09-02,9,2,Micro,3500.0000,5882.5700,0,Ativo
1788,Empresa Automotiva 1788 Ltda,Auto Negócios 1788,99000000001788,Revendedor,Revenda,Ribeirão Preto,SP,Nordeste Paulista,2022-07-14,10,2,Pequeno,12925.4400,26208.4800,28,Ativo
1789,Empresa Automotiva 1789 Ltda,Auto Negócios 1789,99000000001789,Frotista,Oficina e serviços,São José do Rio Preto,SP,Noroeste Paulista,2023-06-13,18,4,Médio,68954.7500,80715.3600,30,Inativo
1790,Empresa Automotiva 1790 Ltda,Auto Negócios 1790,99000000001790,Varejo,Revenda,Sorocaba,SP,Sudoeste Paulista,2025-03-08,15,3,Micro,11288.7600,13220.2200,30,Ativo
1791,Empresa Automotiva 1791 Ltda,Auto Negócios 1791,99000000001791,Autopeças,Revenda,Campinas,SP,Metropolitana de Campinas,2023-12-15,2,1,Micro,8380.7700,11821.0000,45,Ativo
1792,Empresa Automotiva 1792 Ltda,Auto Negócios 1792,99000000001792,Oficina Mecânica,Oficina e serviços,São José do Rio Preto,SP,Noroeste Paulista,2023-04-16,18,4,Médio,98356.5800,114633.4900,30,Ativo
1793,Empresa Automotiva 1793 Ltda,Auto Negócios 1793,99000000001793,Autoelétrica,Oficina e serviços,Campinas,SP,Metropolitana de Campinas,2022-08-14,5,1,Micro,5836.2100,10297.7800,30,Ativo
1794,Empresa Automotiva 1794 Ltda,Auto Negócios 1794,99000000001794,Revendedor,Revenda,Ribeirão Preto,SP,Nordeste Paulista,2022-01-23,8,2,Micro,8285.9200,15424.8800,30,Ativo
1795,Empresa Automotiva 1795 Ltda,Auto Negócios 1795,99000000001795,Varejo,Oficina e serviços,Sorocaba,SP,Sudoeste Paulista,2022-02-11,15,3,Pequeno,23361.9100,33069.8000,14,Inativo
1796,Empresa Automotiva 1796 Ltda,Auto Negócios 1796,99000000001796,Varejo,Revenda,Sorocaba,SP,Sudoeste Paulista,2021-05-05,11,3,Pequeno,16788.5000,25410.4600,60,Ativo
1797,Empresa Automotiva 1797 Ltda,Auto Negócios 1797,99000000001797,Autopeças,Revenda,Sorocaba,SP,Sudoeste Paulista,2022-07-02,13,3,Pequeno,14848.5400,28997.4400,28,Ativo
1798,Empresa Automotiva 1798 Ltda,Auto Negócios 1798,99000000001798,Revendedor,Revenda,São José do Rio Preto,SP,Noroeste Paulista,2023-05-24,20,4,Médio,72373.0400,154580.7800,30,Ativo
1799,Empresa Automotiva 1799 Ltda,Auto Negócios 1799,99000000001799,Oficina Mecânica,Oficina e serviços,Sorocaba,SP,Sudoeste Paulista,2022-05-30,14,3,Pequeno,19568.5700,20313.5900,0,Ativo
1800,Empresa Automotiva 1800 Ltda,Auto Negócios 1800,99000000001800,Varejo,Revenda,Campinas,SP,Metropolitana de Campinas,2025-01-05,4,1,Médio,99203.1700,190887.7200,45,Ativo
1801,Empresa Automotiva 1801 Ltda,Auto Negócios 1801,99000000001801,Centro Automotivo,Oficina e serviços,Ribeirão Preto,SP,Nordeste Paulista,2024-04-07,6,2,Pequeno,19168.8800,17280.3700,30,Ativo
1802,Empresa Automotiva 1802 Ltda,Auto Negócios 1802,99000000001802,Centro Automotivo,Oficina e serviços,Ribeirão Preto,SP,Nordeste Paulista,2025-11-02,9,2,Pequeno,22361.5100,34636.2600,30,Ativo
1803,Empresa Automotiva 1803 Ltda,Auto Negócios 1803,99000000001803,Autopeças,Revenda,Sorocaba,SP,Sudoeste Paulista,2022-08-13,14,3,Pequeno,12988.6400,19591.4100,14,Ativo
1804,Empresa Automotiva 1804 Ltda,Auto Negócios 1804,99000000001804,Oficina Mecânica,Frota e corporativo,Campinas,SP,Metropolitana de Campinas,2021-09-21,4,1,Pequeno,12164.8300,19912.5500,30,Inativo
1805,Empresa Automotiva 1805 Ltda,Auto Negócios 1805,99000000001805,Oficina Mecânica,Revenda,Sorocaba,SP,Sudoeste Paulista,2021-02-16,13,3,Médio,42171.0700,40015.8900,45,Inativo
1806,Empresa Automotiva 1806 Ltda,Auto Negócios 1806,99000000001806,Frotista,Revenda,São José do Rio Preto,SP,Noroeste Paulista,2024-10-07,19,4,Grande,184915.1000,254551.5700,45,Ativo
1807,Empresa Automotiva 1807 Ltda,Auto Negócios 1807,99000000001807,Autoelétrica,Oficina e serviços,Sorocaba,SP,Sudoeste Paulista,2021-06-25,15,3,Médio,98569.6800,168055.0000,30,Ativo
1808,Empresa Automotiva 1808 Ltda,Auto Negócios 1808,99000000001808,Oficina Mecânica,Frota e corporativo,Sorocaba,SP,Sudoeste Paulista,2021-09-17,14,3,Micro,6624.2500,8182.7000,30,Ativo
1809,Empresa Automotiva 1809 Ltda,Auto Negócios 1809,99000000001809,Centro Automotivo,Oficina e serviços,São José do Rio Preto,SP,Noroeste Paulista,2023-11-13,18,4,Micro,11725.7900,11158.1800,28,Ativo
1810,Empresa Automotiva 1810 Ltda,Auto Negócios 1810,99000000001810,Frotista,Oficina e serviços,Sorocaba,SP,Sudoeste Paulista,2021-02-27,14,3,Médio,36539.8600,59069.6400,0,Ativo
1811,Empresa Automotiva 1811 Ltda,Auto Negócios 1811,99000000001811,Frotista,Oficina e serviços,Ribeirão Preto,SP,Nordeste Paulista,2023-04-23,7,2,Micro,6719.7900,14490.9200,28,Ativo
1812,Empresa Automotiva 1812 Ltda,Auto Negócios 1812,99000000001812,Varejo,Frota e corporativo,Sorocaba,SP,Sudoeste Paulista,2024-04-07,13,3,Micro,11715.3600,11333.4500,30,Ativo
1813,Empresa Automotiva 1813 Ltda,Auto Negócios 1813,99000000001813,Revendedor,Revenda,Campinas,SP,Metropolitana de Campinas,2023-02-13,1,1,Micro,10537.4100,20996.1100,28,Ativo
1814,Empresa Automotiva 1814 Ltda,Auto Negócios 1814,99000000001814,Autopeças,Oficina e serviços,Campinas,SP,Metropolitana de Campinas,2021-12-20,2,1,Micro,3500.0000,6119.8500,30,Ativo
1815,Empresa Automotiva 1815 Ltda,Auto Negócios 1815,99000000001815,Autopeças,Revenda,Sorocaba,SP,Sudoeste Paulista,2021-04-16,12,3,Pequeno,25360.1600,52944.7700,30,Ativo
1816,Empresa Automotiva 1816 Ltda,Auto Negócios 1816,99000000001816,Autopeças,Oficina e serviços,Campinas,SP,Metropolitana de Campinas,2022-05-01,1,1,Pequeno,24700.3900,27224.9100,30,Inativo
1817,Empresa Automotiva 1817 Ltda,Auto Negócios 1817,99000000001817,Autoelétrica,Oficina e serviços,Ribeirão Preto,SP,Nordeste Paulista,2021-03-19,7,2,Médio,56936.9500,100936.4100,30,Ativo
1818,Empresa Automotiva 1818 Ltda,Auto Negócios 1818,99000000001818,Autoelétrica,Revenda,Sorocaba,SP,Sudoeste Paulista,2025-04-09,13,3,Pequeno,12454.4800,21316.5900,30,Inativo
1819,Empresa Automotiva 1819 Ltda,Auto Negócios 1819,99000000001819,Autoelétrica,Oficina e serviços,Ribeirão Preto,SP,Nordeste Paulista,2023-07-16,8,2,Médio,43372.9400,43218.0500,14,Ativo
1820,Empresa Automotiva 1820 Ltda,Auto Negócios 1820,99000000001820,Oficina Mecânica,Oficina e serviços,Campinas,SP,Metropolitana de Campinas,2024-11-12,2,1,Pequeno,17760.7700,22671.1300,30,Inativo
1821,Empresa Automotiva 1821 Ltda,Auto Negócios 1821,99000000001821,Centro Automotivo,Revenda,Ribeirão Preto,SP,Nordeste Paulista,2022-05-25,8,2,Pequeno,24747.4500,46462.3100,14,Ativo
1822,Empresa Automotiva 1822 Ltda,Auto Negócios 1822,99000000001822,Oficina Mecânica,Revenda,Sorocaba,SP,Sudoeste Paulista,2022-05-22,12,3,Micro,9458.1900,17924.5400,30,Ativo
1823,Empresa Automotiva 1823 Ltda,Auto Negócios 1823,99000000001823,Autopeças,Revenda,Campinas,SP,Metropolitana de Campinas,2021-09-08,1,1,Pequeno,19867.2500,32155.6200,30,Ativo
1824,Empresa Automotiva 1824 Ltda,Auto Negócios 1824,99000000001824,Varejo,Oficina e serviços,Campinas,SP,Metropolitana de Campinas,2021-10-24,2,1,Micro,7369.1400,15237.6600,45,Ativo
1825,Empresa Automotiva 1825 Ltda,Auto Negócios 1825,99000000001825,Revendedor,Revenda,Sorocaba,SP,Sudoeste Paulista,2025-06-13,11,3,Médio,52520.6300,50322.5900,45,Inativo
1826,Empresa Automotiva 1826 Ltda,Auto Negócios 1826,99000000001826,Autoelétrica,Oficina e serviços,Ribeirão Preto,SP,Nordeste Paulista,2022-03-12,10,2,Médio,46531.5000,81108.3600,14,Ativo
1827,Empresa Automotiva 1827 Ltda,Auto Negócios 1827,99000000001827,Centro Automotivo,Oficina e serviços,Campinas,SP,Metropolitana de Campinas,2025-09-29,2,1,Micro,10545.8700,20716.1800,21,Ativo
1828,Empresa Automotiva 1828 Ltda,Auto Negócios 1828,99000000001828,Autoelétrica,Frota e corporativo,São José do Rio Preto,SP,Noroeste Paulista,2024-11-05,17,4,Pequeno,31908.4600,25856.6200,60,Ativo
1829,Empresa Automotiva 1829 Ltda,Auto Negócios 1829,99000000001829,Centro Automotivo,Revenda,Campinas,SP,Metropolitana de Campinas,2021-11-16,5,1,Médio,57183.2200,124669.7100,30,Ativo
1830,Empresa Automotiva 1830 Ltda,Auto Negócios 1830,99000000001830,Autoelétrica,Revenda,Ribeirão Preto,SP,Nordeste Paulista,2023-04-17,7,2,Micro,9559.8200,20523.9600,21,Ativo
1831,Empresa Automotiva 1831 Ltda,Auto Negócios 1831,99000000001831,Varejo,Frota e corporativo,São José do Rio Preto,SP,Noroeste Paulista,2021-06-01,16,4,Micro,11990.3400,9890.4900,0,Ativo
1832,Empresa Automotiva 1832 Ltda,Auto Negócios 1832,99000000001832,Centro Automotivo,Revenda,São José do Rio Preto,SP,Noroeste Paulista,2021-07-13,16,4,Pequeno,17087.3800,30784.8700,30,Ativo
1833,Empresa Automotiva 1833 Ltda,Auto Negócios 1833,99000000001833,Revendedor,Revenda,Ribeirão Preto,SP,Nordeste Paulista,2021-03-02,6,2,Micro,6593.4400,6407.7100,28,Ativo
1834,Empresa Automotiva 1834 Ltda,Auto Negócios 1834,99000000001834,Varejo,Revenda,Campinas,SP,Metropolitana de Campinas,2022-08-08,3,1,Médio,55055.0800,63100.4600,21,Ativo
1835,Empresa Automotiva 1835 Ltda,Auto Negócios 1835,99000000001835,Centro Automotivo,Oficina e serviços,Sorocaba,SP,Sudoeste Paulista,2022-08-01,13,3,Pequeno,15414.0200,19363.6900,0,Ativo
1836,Empresa Automotiva 1836 Ltda,Auto Negócios 1836,99000000001836,Centro Automotivo,Revenda,Campinas,SP,Metropolitana de Campinas,2023-04-07,5,1,Pequeno,23769.2100,25412.5200,14,Ativo
1837,Empresa Automotiva 1837 Ltda,Auto Negócios 1837,99000000001837,Oficina Mecânica,Oficina e serviços,Campinas,SP,Metropolitana de Campinas,2021-11-27,1,1,Pequeno,24516.4800,45816.5300,14,Ativo
1838,Empresa Automotiva 1838 Ltda,Auto Negócios 1838,99000000001838,Centro Automotivo,Revenda,Sorocaba,SP,Sudoeste Paulista,2022-08-30,13,3,Pequeno,19088.8500,17608.4100,21,Ativo
1839,Empresa Automotiva 1839 Ltda,Auto Negócios 1839,99000000001839,Autopeças,Revenda,São José do Rio Preto,SP,Noroeste Paulista,2025-08-19,19,4,Médio,51632.1600,45697.3500,21,Inativo
1840,Empresa Automotiva 1840 Ltda,Auto Negócios 1840,99000000001840,Autoelétrica,Oficina e serviços,Ribeirão Preto,SP,Nordeste Paulista,2024-12-25,9,2,Micro,3500.0000,7395.5800,0,Ativo
1841,Empresa Automotiva 1841 Ltda,Auto Negócios 1841,99000000001841,Autoelétrica,Oficina e serviços,Ribeirão Preto,SP,Nordeste Paulista,2021-06-13,10,2,Pequeno,19661.1600,32301.0200,30,Inativo
1842,Empresa Automotiva 1842 Ltda,Auto Negócios 1842,99000000001842,Centro Automotivo,Revenda,Campinas,SP,Metropolitana de Campinas,2024-04-08,5,1,Médio,39385.5600,71471.0100,28,Ativo
1843,Empresa Automotiva 1843 Ltda,Auto Negócios 1843,99000000001843,Autopeças,Revenda,São José do Rio Preto,SP,Noroeste Paulista,2023-12-03,18,4,Micro,8437.2400,7081.1400,45,Ativo
1844,Empresa Automotiva 1844 Ltda,Auto Negócios 1844,99000000001844,Frotista,Revenda,Sorocaba,SP,Sudoeste Paulista,2023-08-07,12,3,Pequeno,14713.0300,16784.1900,21,Ativo
1845,Empresa Automotiva 1845 Ltda,Auto Negócios 1845,99000000001845,Centro Automotivo,Oficina e serviços,Campinas,SP,Metropolitana de Campinas,2022-05-25,4,1,Micro,6944.9100,10281.5800,30,Ativo
1846,Empresa Automotiva 1846 Ltda,Auto Negócios 1846,99000000001846,Revendedor,Revenda,Campinas,SP,Metropolitana de Campinas,2021-06-17,5,1,Micro,6409.4000,13011.6900,0,Ativo
1847,Empresa Automotiva 1847 Ltda,Auto Negócios 1847,99000000001847,Revendedor,Revenda,Ribeirão Preto,SP,Nordeste Paulista,2021-02-13,9,2,Pequeno,12032.0400,13256.8100,21,Ativo
1848,Empresa Automotiva 1848 Ltda,Auto Negócios 1848,99000000001848,Varejo,Oficina e serviços,São José do Rio Preto,SP,Noroeste Paulista,2021-06-23,20,4,Micro,3500.0000,6599.3400,14,Ativo
1849,Empresa Automotiva 1849 Ltda,Auto Negócios 1849,99000000001849,Centro Automotivo,Frota e corporativo,São José do Rio Preto,SP,Noroeste Paulista,2022-10-16,18,4,Pequeno,20620.7800,27406.5100,30,Ativo
1850,Empresa Automotiva 1850 Ltda,Auto Negócios 1850,99000000001850,Varejo,Frota e corporativo,Sorocaba,SP,Sudoeste Paulista,2023-01-23,14,3,Pequeno,17145.7900,31759.6400,30,Ativo
1851,Empresa Automotiva 1851 Ltda,Auto Negócios 1851,99000000001851,Revendedor,Frota e corporativo,Sorocaba,SP,Sudoeste Paulista,2022-05-04,13,3,Pequeno,20968.8400,40531.5900,30,Ativo
1852,Empresa Automotiva 1852 Ltda,Auto Negócios 1852,99000000001852,Oficina Mecânica,Revenda,Campinas,SP,Metropolitana de Campinas,2021-01-10,3,1,Micro,8774.0000,14461.5700,30,Ativo
1853,Empresa Automotiva 1853 Ltda,Auto Negócios 1853,99000000001853,Frotista,Revenda,Campinas,SP,Metropolitana de Campinas,2022-03-18,5,1,Pequeno,13557.7400,20796.1100,30,Ativo
1854,Empresa Automotiva 1854 Ltda,Auto Negócios 1854,99000000001854,Autoelétrica,Oficina e serviços,Sorocaba,SP,Sudoeste Paulista,2023-03-17,14,3,Micro,8280.9600,7916.2700,30,Ativo
1855,Empresa Automotiva 1855 Ltda,Auto Negócios 1855,99000000001855,Autopeças,Oficina e serviços,Sorocaba,SP,Sudoeste Paulista,2021-04-16,15,3,Micro,3794.6200,3058.5300,28,Ativo
1856,Empresa Automotiva 1856 Ltda,Auto Negócios 1856,99000000001856,Oficina Mecânica,Revenda,Sorocaba,SP,Sudoeste Paulista,2022-04-25,11,3,Médio,63733.0000,114622.2800,28,Inativo
1857,Empresa Automotiva 1857 Ltda,Auto Negócios 1857,99000000001857,Revendedor,Frota e corporativo,Sorocaba,SP,Sudoeste Paulista,2022-10-14,11,3,Pequeno,26144.5200,37822.6100,30,Ativo
1858,Empresa Automotiva 1858 Ltda,Auto Negócios 1858,99000000001858,Autopeças,Oficina e serviços,São José do Rio Preto,SP,Noroeste Paulista,2021-12-07,20,4,Pequeno,19376.4800,39302.6600,0,Ativo
1859,Empresa Automotiva 1859 Ltda,Auto Negócios 1859,99000000001859,Autoelétrica,Revenda,Sorocaba,SP,Sudoeste Paulista,2024-08-15,13,3,Micro,10787.9300,16433.9900,28,Ativo
1860,Empresa Automotiva 1860 Ltda,Auto Negócios 1860,99000000001860,Autoelétrica,Oficina e serviços,São José do Rio Preto,SP,Noroeste Paulista,2021-06-05,16,4,Médio,49115.5900,99324.0700,21,Ativo
1861,Empresa Automotiva 1861 Ltda,Auto Negócios 1861,99000000001861,Autopeças,Oficina e serviços,Campinas,SP,Metropolitana de Campinas,2024-04-25,2,1,Médio,36201.6000,42528.1300,21,Ativo
1862,Empresa Automotiva 1862 Ltda,Auto Negócios 1862,99000000001862,Varejo,Revenda,Sorocaba,SP,Sudoeste Paulista,2025-03-20,15,3,Micro,6998.5900,7857.0500,30,Ativo
1863,Empresa Automotiva 1863 Ltda,Auto Negócios 1863,99000000001863,Revendedor,Oficina e serviços,São José do Rio Preto,SP,Noroeste Paulista,2022-01-10,20,4,Micro,5214.3300,4401.6100,21,Ativo
1864,Empresa Automotiva 1864 Ltda,Auto Negócios 1864,99000000001864,Varejo,Oficina e serviços,Campinas,SP,Metropolitana de Campinas,2021-08-08,4,1,Micro,9352.5700,18928.1000,21,Ativo
1865,Empresa Automotiva 1865 Ltda,Auto Negócios 1865,99000000001865,Frotista,Revenda,Campinas,SP,Metropolitana de Campinas,2022-04-23,5,1,Micro,10550.8500,21923.5500,21,Ativo
1866,Empresa Automotiva 1866 Ltda,Auto Negócios 1866,99000000001866,Centro Automotivo,Revenda,Sorocaba,SP,Sudoeste Paulista,2024-06-12,12,3,Micro,4404.8400,4594.4500,21,Ativo
1867,Empresa Automotiva 1867 Ltda,Auto Negócios 1867,99000000001867,Revendedor,Frota e corporativo,Campinas,SP,Metropolitana de Campinas,2025-04-20,4,1,Pequeno,17290.3100,35040.0000,30,Ativo
1868,Empresa Automotiva 1868 Ltda,Auto Negócios 1868,99000000001868,Revendedor,Oficina e serviços,Sorocaba,SP,Sudoeste Paulista,2025-11-12,11,3,Pequeno,34142.7300,62963.1900,14,Ativo
1869,Empresa Automotiva 1869 Ltda,Auto Negócios 1869,99000000001869,Centro Automotivo,Oficina e serviços,Campinas,SP,Metropolitana de Campinas,2021-12-11,1,1,Micro,3500.0000,7385.7200,45,Ativo
1870,Empresa Automotiva 1870 Ltda,Auto Negócios 1870,99000000001870,Revendedor,Oficina e serviços,Campinas,SP,Metropolitana de Campinas,2022-04-17,1,1,Pequeno,15265.6100,28113.0100,30,Ativo
1871,Empresa Automotiva 1871 Ltda,Auto Negócios 1871,99000000001871,Revendedor,Revenda,Campinas,SP,Metropolitana de Campinas,2023-02-15,2,1,Pequeno,27735.5100,38283.2000,28,Ativo
1872,Empresa Automotiva 1872 Ltda,Auto Negócios 1872,99000000001872,Revendedor,Revenda,Ribeirão Preto,SP,Nordeste Paulista,2025-03-25,10,2,Pequeno,12739.3800,27631.0500,21,Inativo
1873,Empresa Automotiva 1873 Ltda,Auto Negócios 1873,99000000001873,Varejo,Frota e corporativo,São José do Rio Preto,SP,Noroeste Paulista,2024-04-28,18,4,Pequeno,12382.4400,24511.3600,30,Ativo
1874,Empresa Automotiva 1874 Ltda,Auto Negócios 1874,99000000001874,Revendedor,Oficina e serviços,Campinas,SP,Metropolitana de Campinas,2025-05-03,3,1,Pequeno,18273.8800,36125.2700,21,Ativo
1875,Empresa Automotiva 1875 Ltda,Auto Negócios 1875,99000000001875,Varejo,Oficina e serviços,Ribeirão Preto,SP,Nordeste Paulista,2022-07-23,9,2,Médio,51177.6900,64403.9300,45,Inativo
1876,Empresa Automotiva 1876 Ltda,Auto Negócios 1876,99000000001876,Varejo,Oficina e serviços,Campinas,SP,Metropolitana de Campinas,2022-04-13,1,1,Médio,35992.8900,46089.1900,30,Ativo
1877,Empresa Automotiva 1877 Ltda,Auto Negócios 1877,99000000001877,Frotista,Oficina e serviços,Campinas,SP,Metropolitana de Campinas,2024-06-27,4,1,Pequeno,15946.6700,27836.8100,30,Ativo
1878,Empresa Automotiva 1878 Ltda,Auto Negócios 1878,99000000001878,Varejo,Oficina e serviços,Campinas,SP,Metropolitana de Campinas,2021-11-05,3,1,Micro,3500.0000,3575.8900,30,Ativo
1879,Empresa Automotiva 1879 Ltda,Auto Negócios 1879,99000000001879,Autopeças,Oficina e serviços,Ribeirão Preto,SP,Nordeste Paulista,2024-02-20,8,2,Micro,8407.4600,7978.3300,0,Ativo
1880,Empresa Automotiva 1880 Ltda,Auto Negócios 1880,99000000001880,Autopeças,Revenda,Sorocaba,SP,Sudoeste Paulista,2024-04-22,15,3,Médio,57870.1300,120287.5800,30,Ativo
1881,Empresa Automotiva 1881 Ltda,Auto Negócios 1881,99000000001881,Frotista,Revenda,Ribeirão Preto,SP,Nordeste Paulista,2023-12-11,6,2,Micro,10505.5900,21207.2600,0,Ativo
1882,Empresa Automotiva 1882 Ltda,Auto Negócios 1882,99000000001882,Autoelétrica,Revenda,Ribeirão Preto,SP,Nordeste Paulista,2022-10-18,9,2,Médio,62469.5700,103522.7900,30,Ativo
1883,Empresa Automotiva 1883 Ltda,Auto Negócios 1883,99000000001883,Autopeças,Oficina e serviços,Sorocaba,SP,Sudoeste Paulista,2023-11-09,13,3,Médio,39327.4300,72118.4700,21,Ativo
1884,Empresa Automotiva 1884 Ltda,Auto Negócios 1884,99000000001884,Frotista,Oficina e serviços,São José do Rio Preto,SP,Noroeste Paulista,2023-04-21,19,4,Micro,6004.9300,9606.8500,30,Ativo
1885,Empresa Automotiva 1885 Ltda,Auto Negócios 1885,99000000001885,Autoelétrica,Oficina e serviços,Ribeirão Preto,SP,Nordeste Paulista,2023-02-12,10,2,Micro,7221.8700,15749.6700,30,Ativo
1886,Empresa Automotiva 1886 Ltda,Auto Negócios 1886,99000000001886,Autoelétrica,Oficina e serviços,Campinas,SP,Metropolitana de Campinas,2025-02-24,2,1,Pequeno,22145.4900,47184.0100,21,Ativo
1887,Empresa Automotiva 1887 Ltda,Auto Negócios 1887,99000000001887,Varejo,Oficina e serviços,Campinas,SP,Metropolitana de Campinas,2022-04-19,2,1,Micro,6739.9100,8288.7400,21,Ativo
1888,Empresa Automotiva 1888 Ltda,Auto Negócios 1888,99000000001888,Frotista,Oficina e serviços,Campinas,SP,Metropolitana de Campinas,2021-11-29,3,1,Micro,11873.3600,13759.2000,30,Ativo
1889,Empresa Automotiva 1889 Ltda,Auto Negócios 1889,99000000001889,Autopeças,Oficina e serviços,São José do Rio Preto,SP,Noroeste Paulista,2024-12-17,17,4,Micro,10533.5900,12761.4800,30,Ativo
1890,Empresa Automotiva 1890 Ltda,Auto Negócios 1890,99000000001890,Autoelétrica,Oficina e serviços,Campinas,SP,Metropolitana de Campinas,2024-01-23,4,1,Médio,40241.9800,87130.5900,30,Ativo
1891,Empresa Automotiva 1891 Ltda,Auto Negócios 1891,99000000001891,Autopeças,Revenda,Sorocaba,SP,Sudoeste Paulista,2023-11-25,15,3,Pequeno,28987.0600,57312.3800,30,Ativo
1892,Empresa Automotiva 1892 Ltda,Auto Negócios 1892,99000000001892,Autoelétrica,Revenda,Sorocaba,SP,Sudoeste Paulista,2024-04-18,15,3,Grande,153607.3400,235744.8700,28,Ativo
1893,Empresa Automotiva 1893 Ltda,Auto Negócios 1893,99000000001893,Revendedor,Frota e corporativo,Campinas,SP,Metropolitana de Campinas,2022-03-07,4,1,Micro,7967.5300,16831.5800,21,Inativo
1894,Empresa Automotiva 1894 Ltda,Auto Negócios 1894,99000000001894,Frotista,Revenda,Ribeirão Preto,SP,Nordeste Paulista,2021-11-09,9,2,Pequeno,27515.8300,39788.9900,21,Ativo
1895,Empresa Automotiva 1895 Ltda,Auto Negócios 1895,99000000001895,Centro Automotivo,Frota e corporativo,Sorocaba,SP,Sudoeste Paulista,2021-08-20,15,3,Médio,40876.6300,49358.7800,28,Ativo
1896,Empresa Automotiva 1896 Ltda,Auto Negócios 1896,99000000001896,Autopeças,Oficina e serviços,Ribeirão Preto,SP,Nordeste Paulista,2021-01-22,8,2,Micro,8701.8400,12118.4000,21,Ativo
1897,Empresa Automotiva 1897 Ltda,Auto Negócios 1897,99000000001897,Centro Automotivo,Revenda,Sorocaba,SP,Sudoeste Paulista,2025-10-03,12,3,Pequeno,13239.5900,12838.9300,0,Ativo
1898,Empresa Automotiva 1898 Ltda,Auto Negócios 1898,99000000001898,Centro Automotivo,Oficina e serviços,Sorocaba,SP,Sudoeste Paulista,2025-11-13,13,3,Pequeno,24340.9500,34826.7500,30,Ativo
1899,Empresa Automotiva 1899 Ltda,Auto Negócios 1899,99000000001899,Oficina Mecânica,Revenda,Sorocaba,SP,Sudoeste Paulista,2024-03-18,13,3,Micro,11175.5800,11265.8400,21,Ativo
1900,Empresa Automotiva 1900 Ltda,Auto Negócios 1900,99000000001900,Varejo,Frota e corporativo,São José do Rio Preto,SP,Noroeste Paulista,2022-07-15,16,4,Pequeno,30447.5400,63956.1700,30,Ativo
1901,Empresa Automotiva 1901 Ltda,Auto Negócios 1901,99000000001901,Autoelétrica,Oficina e serviços,São José do Rio Preto,SP,Noroeste Paulista,2024-11-11,17,4,Pequeno,14129.8700,21602.8800,21,Ativo
1902,Empresa Automotiva 1902 Ltda,Auto Negócios 1902,99000000001902,Autoelétrica,Frota e corporativo,Sorocaba,SP,Sudoeste Paulista,2025-07-31,11,3,Micro,3500.0000,3273.2000,30,Ativo
1903,Empresa Automotiva 1903 Ltda,Auto Negócios 1903,99000000001903,Frotista,Revenda,São José do Rio Preto,SP,Noroeste Paulista,2022-05-10,19,4,Micro,6595.2100,10721.6600,28,Ativo
1904,Empresa Automotiva 1904 Ltda,Auto Negócios 1904,99000000001904,Autopeças,Oficina e serviços,Campinas,SP,Metropolitana de Campinas,2021-04-04,2,1,Micro,3880.0400,3353.6000,30,Ativo
1905,Empresa Automotiva 1905 Ltda,Auto Negócios 1905,99000000001905,Revendedor,Oficina e serviços,Campinas,SP,Metropolitana de Campinas,2022-03-04,2,1,Pequeno,12770.8200,17922.3100,60,Ativo
1906,Empresa Automotiva 1906 Ltda,Auto Negócios 1906,99000000001906,Centro Automotivo,Frota e corporativo,São José do Rio Preto,SP,Noroeste Paulista,2023-03-16,19,4,Pequeno,21572.3600,38370.7900,30,Ativo
1907,Empresa Automotiva 1907 Ltda,Auto Negócios 1907,99000000001907,Autopeças,Oficina e serviços,São José do Rio Preto,SP,Noroeste Paulista,2023-03-02,16,4,Pequeno,17323.8400,37770.3300,60,Ativo
1908,Empresa Automotiva 1908 Ltda,Auto Negócios 1908,99000000001908,Autoelétrica,Revenda,Campinas,SP,Metropolitana de Campinas,2025-10-16,3,1,Pequeno,24532.8300,48258.7200,21,Ativo
1909,Empresa Automotiva 1909 Ltda,Auto Negócios 1909,99000000001909,Frotista,Oficina e serviços,Campinas,SP,Metropolitana de Campinas,2024-12-15,4,1,Pequeno,12406.7100,25939.7800,14,Ativo
1910,Empresa Automotiva 1910 Ltda,Auto Negócios 1910,99000000001910,Autoelétrica,Oficina e serviços,Campinas,SP,Metropolitana de Campinas,2023-05-15,4,1,Médio,87265.8600,122480.1500,21,Ativo
1911,Empresa Automotiva 1911 Ltda,Auto Negócios 1911,99000000001911,Centro Automotivo,Frota e corporativo,Ribeirão Preto,SP,Nordeste Paulista,2025-02-16,7,2,Micro,9101.2000,14202.2800,30,Ativo
1912,Empresa Automotiva 1912 Ltda,Auto Negócios 1912,99000000001912,Frotista,Oficina e serviços,São José do Rio Preto,SP,Noroeste Paulista,2021-08-08,17,4,Micro,10465.1200,21190.5900,21,Ativo
1913,Empresa Automotiva 1913 Ltda,Auto Negócios 1913,99000000001913,Centro Automotivo,Oficina e serviços,Sorocaba,SP,Sudoeste Paulista,2021-10-31,13,3,Pequeno,18719.3600,20388.4300,14,Ativo
1914,Empresa Automotiva 1914 Ltda,Auto Negócios 1914,99000000001914,Revendedor,Oficina e serviços,Sorocaba,SP,Sudoeste Paulista,2024-04-16,15,3,Pequeno,12877.3000,17879.1700,30,Ativo
1915,Empresa Automotiva 1915 Ltda,Auto Negócios 1915,99000000001915,Autopeças,Revenda,São José do Rio Preto,SP,Noroeste Paulista,2022-05-10,18,4,Pequeno,15144.8300,22663.0200,21,Ativo
1916,Empresa Automotiva 1916 Ltda,Auto Negócios 1916,99000000001916,Frotista,Oficina e serviços,Campinas,SP,Metropolitana de Campinas,2023-09-29,1,1,Pequeno,17409.7800,33089.8300,28,Ativo
1917,Empresa Automotiva 1917 Ltda,Auto Negócios 1917,99000000001917,Oficina Mecânica,Oficina e serviços,Campinas,SP,Metropolitana de Campinas,2022-12-23,3,1,Micro,7536.1100,11135.6000,30,Ativo
1918,Empresa Automotiva 1918 Ltda,Auto Negócios 1918,99000000001918,Revendedor,Revenda,Ribeirão Preto,SP,Nordeste Paulista,2023-04-26,10,2,Micro,8532.4200,13974.5500,30,Ativo
1919,Empresa Automotiva 1919 Ltda,Auto Negócios 1919,99000000001919,Oficina Mecânica,Revenda,Ribeirão Preto,SP,Nordeste Paulista,2022-06-16,6,2,Pequeno,32536.0900,29106.6400,28,Ativo
1920,Empresa Automotiva 1920 Ltda,Auto Negócios 1920,99000000001920,Autopeças,Revenda,Ribeirão Preto,SP,Nordeste Paulista,2021-10-21,8,2,Micro,6977.2500,6430.0900,30,Ativo
1921,Empresa Automotiva 1921 Ltda,Auto Negócios 1921,99000000001921,Autopeças,Revenda,Campinas,SP,Metropolitana de Campinas,2021-12-24,3,1,Médio,96605.7800,211199.2000,30,Ativo
1922,Empresa Automotiva 1922 Ltda,Auto Negócios 1922,99000000001922,Oficina Mecânica,Oficina e serviços,Campinas,SP,Metropolitana de Campinas,2021-07-11,1,1,Pequeno,18367.2900,39895.2200,30,Ativo
1923,Empresa Automotiva 1923 Ltda,Auto Negócios 1923,99000000001923,Centro Automotivo,Revenda,Sorocaba,SP,Sudoeste Paulista,2024-05-24,12,3,Pequeno,24543.4000,40308.4900,28,Ativo
1924,Empresa Automotiva 1924 Ltda,Auto Negócios 1924,99000000001924,Revendedor,Frota e corporativo,Campinas,SP,Metropolitana de Campinas,2025-10-23,5,1,Médio,47915.1500,75044.1000,14,Ativo
1925,Empresa Automotiva 1925 Ltda,Auto Negócios 1925,99000000001925,Revendedor,Revenda,Ribeirão Preto,SP,Nordeste Paulista,2024-12-13,9,2,Pequeno,26852.1200,52550.4100,28,Ativo
1926,Empresa Automotiva 1926 Ltda,Auto Negócios 1926,99000000001926,Autopeças,Oficina e serviços,Campinas,SP,Metropolitana de Campinas,2021-12-06,5,1,Pequeno,16595.8800,32921.9500,21,Ativo
1927,Empresa Automotiva 1927 Ltda,Auto Negócios 1927,99000000001927,Varejo,Oficina e serviços,Campinas,SP,Metropolitana de Campinas,2022-08-30,5,1,Micro,10584.2000,14886.3100,30,Ativo
1928,Empresa Automotiva 1928 Ltda,Auto Negócios 1928,99000000001928,Revendedor,Revenda,Campinas,SP,Metropolitana de Campinas,2025-02-18,3,1,Grande,110622.0700,116326.6200,28,Ativo
1929,Empresa Automotiva 1929 Ltda,Auto Negócios 1929,99000000001929,Autoelétrica,Oficina e serviços,Sorocaba,SP,Sudoeste Paulista,2021-06-14,12,3,Médio,35267.9600,53309.1100,30,Ativo
1930,Empresa Automotiva 1930 Ltda,Auto Negócios 1930,99000000001930,Varejo,Revenda,Sorocaba,SP,Sudoeste Paulista,2022-03-19,11,3,Pequeno,21208.0500,40106.3400,28,Ativo
1931,Empresa Automotiva 1931 Ltda,Auto Negócios 1931,99000000001931,Autopeças,Oficina e serviços,Sorocaba,SP,Sudoeste Paulista,2023-06-10,13,3,Pequeno,23108.3400,42403.3600,14,Ativo
1932,Empresa Automotiva 1932 Ltda,Auto Negócios 1932,99000000001932,Oficina Mecânica,Revenda,Sorocaba,SP,Sudoeste Paulista,2024-08-25,12,3,Micro,4095.0200,4780.8600,28,Ativo
1933,Empresa Automotiva 1933 Ltda,Auto Negócios 1933,99000000001933,Autoelétrica,Oficina e serviços,Campinas,SP,Metropolitana de Campinas,2024-06-16,1,1,Pequeno,22754.2300,27076.5000,45,Ativo
1934,Empresa Automotiva 1934 Ltda,Auto Negócios 1934,99000000001934,Autoelétrica,Oficina e serviços,Ribeirão Preto,SP,Nordeste Paulista,2024-05-08,10,2,Pequeno,16024.3200,26638.9000,14,Inativo
1935,Empresa Automotiva 1935 Ltda,Auto Negócios 1935,99000000001935,Varejo,Revenda,Campinas,SP,Metropolitana de Campinas,2024-07-30,4,1,Pequeno,20952.5500,40562.7700,30,Ativo
1936,Empresa Automotiva 1936 Ltda,Auto Negócios 1936,99000000001936,Revendedor,Frota e corporativo,Sorocaba,SP,Sudoeste Paulista,2021-05-28,12,3,Médio,43355.0500,60410.7500,30,Ativo
1937,Empresa Automotiva 1937 Ltda,Auto Negócios 1937,99000000001937,Varejo,Frota e corporativo,Ribeirão Preto,SP,Nordeste Paulista,2024-01-14,8,2,Médio,40927.8600,74313.5400,30,Ativo
1938,Empresa Automotiva 1938 Ltda,Auto Negócios 1938,99000000001938,Autopeças,Revenda,Campinas,SP,Metropolitana de Campinas,2023-12-05,3,1,Pequeno,13706.0400,27820.4300,0,Inativo
1939,Empresa Automotiva 1939 Ltda,Auto Negócios 1939,99000000001939,Frotista,Revenda,Sorocaba,SP,Sudoeste Paulista,2021-04-22,13,3,Micro,4603.1400,9395.2300,30,Ativo
1940,Empresa Automotiva 1940 Ltda,Auto Negócios 1940,99000000001940,Autoelétrica,Revenda,São José do Rio Preto,SP,Noroeste Paulista,2023-07-01,18,4,Micro,3931.2400,4597.5300,28,Ativo
1941,Empresa Automotiva 1941 Ltda,Auto Negócios 1941,99000000001941,Oficina Mecânica,Oficina e serviços,São José do Rio Preto,SP,Noroeste Paulista,2025-10-26,17,4,Médio,56201.6800,114948.9900,30,Ativo
1942,Empresa Automotiva 1942 Ltda,Auto Negócios 1942,99000000001942,Frotista,Revenda,Sorocaba,SP,Sudoeste Paulista,2021-03-06,13,3,Pequeno,21309.4400,31229.0400,21,Ativo
1943,Empresa Automotiva 1943 Ltda,Auto Negócios 1943,99000000001943,Varejo,Oficina e serviços,Ribeirão Preto,SP,Nordeste Paulista,2022-09-27,9,2,Pequeno,26141.8200,36102.1900,21,Ativo
1944,Empresa Automotiva 1944 Ltda,Auto Negócios 1944,99000000001944,Centro Automotivo,Oficina e serviços,Sorocaba,SP,Sudoeste Paulista,2025-05-28,15,3,Pequeno,15533.9800,23829.1000,14,Ativo
1945,Empresa Automotiva 1945 Ltda,Auto Negócios 1945,99000000001945,Revendedor,Oficina e serviços,Campinas,SP,Metropolitana de Campinas,2021-08-22,2,1,Micro,7609.5800,7255.0800,0,Ativo
1946,Empresa Automotiva 1946 Ltda,Auto Negócios 1946,99000000001946,Oficina Mecânica,Revenda,Ribeirão Preto,SP,Nordeste Paulista,2024-03-27,7,2,Pequeno,18499.3400,15501.1700,45,Ativo
1947,Empresa Automotiva 1947 Ltda,Auto Negócios 1947,99000000001947,Autopeças,Revenda,Campinas,SP,Metropolitana de Campinas,2021-06-26,1,1,Pequeno,15853.6800,28781.8500,30,Inativo
1948,Empresa Automotiva 1948 Ltda,Auto Negócios 1948,99000000001948,Autoelétrica,Revenda,Campinas,SP,Metropolitana de Campinas,2021-05-04,2,1,Pequeno,22376.6900,33405.0000,28,Ativo
1949,Empresa Automotiva 1949 Ltda,Auto Negócios 1949,99000000001949,Oficina Mecânica,Revenda,Ribeirão Preto,SP,Nordeste Paulista,2021-03-30,9,2,Micro,8605.1500,17296.8400,28,Ativo
1950,Empresa Automotiva 1950 Ltda,Auto Negócios 1950,99000000001950,Frotista,Oficina e serviços,Campinas,SP,Metropolitana de Campinas,2023-02-19,5,1,Pequeno,13457.6500,29342.8400,28,Ativo
1951,Empresa Automotiva 1951 Ltda,Auto Negócios 1951,99000000001951,Varejo,Frota e corporativo,Sorocaba,SP,Sudoeste Paulista,2025-01-07,15,3,Micro,5065.2000,5699.6100,30,Ativo
1952,Empresa Automotiva 1952 Ltda,Auto Negócios 1952,99000000001952,Autopeças,Oficina e serviços,Sorocaba,SP,Sudoeste Paulista,2023-06-01,14,3,Médio,38771.1600,47840.1100,28,Inativo
1953,Empresa Automotiva 1953 Ltda,Auto Negócios 1953,99000000001953,Oficina Mecânica,Oficina e serviços,São José do Rio Preto,SP,Noroeste Paulista,2023-05-15,16,4,Médio,40537.4100,40766.5900,14,Ativo
1954,Empresa Automotiva 1954 Ltda,Auto Negócios 1954,99000000001954,Centro Automotivo,Revenda,Campinas,SP,Metropolitana de Campinas,2024-09-11,4,1,Médio,39952.7800,60551.5900,30,Ativo
1955,Empresa Automotiva 1955 Ltda,Auto Negócios 1955,99000000001955,Autopeças,Revenda,Ribeirão Preto,SP,Nordeste Paulista,2025-06-08,8,2,Micro,10079.4200,16515.3400,28,Inativo
1956,Empresa Automotiva 1956 Ltda,Auto Negócios 1956,99000000001956,Autoelétrica,Oficina e serviços,Campinas,SP,Metropolitana de Campinas,2024-03-29,1,1,Médio,57942.4800,54381.0300,30,Ativo
1957,Empresa Automotiva 1957 Ltda,Auto Negócios 1957,99000000001957,Frotista,Oficina e serviços,São José do Rio Preto,SP,Noroeste Paulista,2025-07-22,18,4,Pequeno,21499.9300,28005.1800,30,Ativo
1958,Empresa Automotiva 1958 Ltda,Auto Negócios 1958,99000000001958,Autopeças,Revenda,Sorocaba,SP,Sudoeste Paulista,2021-01-18,12,3,Micro,4480.4200,4811.3200,30,Ativo
1959,Empresa Automotiva 1959 Ltda,Auto Negócios 1959,99000000001959,Varejo,Oficina e serviços,São José do Rio Preto,SP,Noroeste Paulista,2021-02-17,18,4,Micro,5684.8800,5533.6500,30,Ativo
1960,Empresa Automotiva 1960 Ltda,Auto Negócios 1960,99000000001960,Centro Automotivo,Oficina e serviços,Sorocaba,SP,Sudoeste Paulista,2022-02-04,14,3,Pequeno,17450.3700,22683.2100,45,Ativo
1961,Empresa Automotiva 1961 Ltda,Auto Negócios 1961,99000000001961,Varejo,Oficina e serviços,São José do Rio Preto,SP,Noroeste Paulista,2022-01-22,17,4,Médio,74293.9500,69648.0200,30,Ativo
1962,Empresa Automotiva 1962 Ltda,Auto Negócios 1962,99000000001962,Revendedor,Oficina e serviços,São José do Rio Preto,SP,Noroeste Paulista,2021-07-20,17,4,Micro,11108.6200,21197.7100,28,Ativo
1963,Empresa Automotiva 1963 Ltda,Auto Negócios 1963,99000000001963,Centro Automotivo,Revenda,Sorocaba,SP,Sudoeste Paulista,2022-04-21,15,3,Micro,10967.6100,22198.4100,21,Ativo
1964,Empresa Automotiva 1964 Ltda,Auto Negócios 1964,99000000001964,Frotista,Revenda,Campinas,SP,Metropolitana de Campinas,2021-11-02,5,1,Micro,6514.6000,7371.5900,60,Inativo
1965,Empresa Automotiva 1965 Ltda,Auto Negócios 1965,99000000001965,Varejo,Oficina e serviços,Sorocaba,SP,Sudoeste Paulista,2023-07-26,11,3,Médio,82598.3400,141215.5900,30,Ativo
1966,Empresa Automotiva 1966 Ltda,Auto Negócios 1966,99000000001966,Autopeças,Revenda,São José do Rio Preto,SP,Noroeste Paulista,2021-01-08,19,4,Micro,3500.0000,5992.9900,14,Ativo
1967,Empresa Automotiva 1967 Ltda,Auto Negócios 1967,99000000001967,Frotista,Oficina e serviços,Sorocaba,SP,Sudoeste Paulista,2024-08-29,14,3,Pequeno,16131.1200,28602.5200,30,Ativo
1968,Empresa Automotiva 1968 Ltda,Auto Negócios 1968,99000000001968,Revendedor,Oficina e serviços,São José do Rio Preto,SP,Noroeste Paulista,2023-12-17,17,4,Pequeno,19454.7700,29398.3800,21,Ativo
1969,Empresa Automotiva 1969 Ltda,Auto Negócios 1969,99000000001969,Varejo,Revenda,Ribeirão Preto,SP,Nordeste Paulista,2023-08-24,6,2,Micro,10518.7000,17146.7000,28,Ativo
1970,Empresa Automotiva 1970 Ltda,Auto Negócios 1970,99000000001970,Centro Automotivo,Oficina e serviços,São José do Rio Preto,SP,Noroeste Paulista,2021-11-02,17,4,Micro,6471.5000,14139.0700,28,Inativo
1971,Empresa Automotiva 1971 Ltda,Auto Negócios 1971,99000000001971,Autoelétrica,Frota e corporativo,Ribeirão Preto,SP,Nordeste Paulista,2023-01-28,8,2,Médio,76165.0400,154222.2300,21,Ativo
1972,Empresa Automotiva 1972 Ltda,Auto Negócios 1972,99000000001972,Varejo,Revenda,Campinas,SP,Metropolitana de Campinas,2023-05-03,1,1,Médio,39334.8300,54303.4700,21,Ativo
1973,Empresa Automotiva 1973 Ltda,Auto Negócios 1973,99000000001973,Centro Automotivo,Oficina e serviços,São José do Rio Preto,SP,Noroeste Paulista,2025-10-10,17,4,Micro,9608.7200,10885.1400,21,Ativo
1974,Empresa Automotiva 1974 Ltda,Auto Negócios 1974,99000000001974,Oficina Mecânica,Oficina e serviços,Sorocaba,SP,Sudoeste Paulista,2021-05-04,15,3,Micro,8746.1800,13380.8400,21,Ativo
1975,Empresa Automotiva 1975 Ltda,Auto Negócios 1975,99000000001975,Centro Automotivo,Revenda,Campinas,SP,Metropolitana de Campinas,2021-08-24,3,1,Pequeno,16932.4000,29254.9100,30,Ativo
1976,Empresa Automotiva 1976 Ltda,Auto Negócios 1976,99000000001976,Varejo,Revenda,São José do Rio Preto,SP,Noroeste Paulista,2023-01-03,16,4,Pequeno,16626.6600,27040.5200,60,Ativo
1977,Empresa Automotiva 1977 Ltda,Auto Negócios 1977,99000000001977,Revendedor,Revenda,Campinas,SP,Metropolitana de Campinas,2021-02-21,4,1,Pequeno,17020.3600,31453.3500,60,Ativo
1978,Empresa Automotiva 1978 Ltda,Auto Negócios 1978,99000000001978,Varejo,Revenda,Sorocaba,SP,Sudoeste Paulista,2022-04-22,15,3,Pequeno,26387.8300,50478.0400,21,Ativo
1979,Empresa Automotiva 1979 Ltda,Auto Negócios 1979,99000000001979,Varejo,Oficina e serviços,Campinas,SP,Metropolitana de Campinas,2023-06-26,5,1,Micro,9471.0500,12980.3600,45,Ativo
1980,Empresa Automotiva 1980 Ltda,Auto Negócios 1980,99000000001980,Centro Automotivo,Revenda,Campinas,SP,Metropolitana de Campinas,2021-02-21,3,1,Micro,4063.1000,5591.6900,30,Ativo
1981,Empresa Automotiva 1981 Ltda,Auto Negócios 1981,99000000001981,Centro Automotivo,Revenda,Campinas,SP,Metropolitana de Campinas,2023-02-12,4,1,Pequeno,20383.0000,31926.6600,21,Ativo
1982,Empresa Automotiva 1982 Ltda,Auto Negócios 1982,99000000001982,Autoelétrica,Revenda,São José do Rio Preto,SP,Noroeste Paulista,2024-07-28,17,4,Pequeno,19162.8300,18859.8900,30,Ativo
1983,Empresa Automotiva 1983 Ltda,Auto Negócios 1983,99000000001983,Revendedor,Frota e corporativo,Campinas,SP,Metropolitana de Campinas,2025-10-17,4,1,Pequeno,13904.0200,15689.9800,21,Inativo
1984,Empresa Automotiva 1984 Ltda,Auto Negócios 1984,99000000001984,Varejo,Revenda,São José do Rio Preto,SP,Noroeste Paulista,2023-03-29,16,4,Micro,8093.1600,14592.4400,28,Ativo
1985,Empresa Automotiva 1985 Ltda,Auto Negócios 1985,99000000001985,Autoelétrica,Frota e corporativo,Sorocaba,SP,Sudoeste Paulista,2023-01-28,15,3,Médio,38672.3900,71448.4600,0,Ativo
1986,Empresa Automotiva 1986 Ltda,Auto Negócios 1986,99000000001986,Autoelétrica,Revenda,Campinas,SP,Metropolitana de Campinas,2023-08-16,2,1,Micro,3500.0000,7438.5100,60,Ativo
1987,Empresa Automotiva 1987 Ltda,Auto Negócios 1987,99000000001987,Autoelétrica,Revenda,Ribeirão Preto,SP,Nordeste Paulista,2023-01-28,8,2,Micro,4596.1600,5743.6000,21,Ativo
1988,Empresa Automotiva 1988 Ltda,Auto Negócios 1988,99000000001988,Oficina Mecânica,Frota e corporativo,Campinas,SP,Metropolitana de Campinas,2021-05-15,4,1,Micro,11169.4800,9120.0200,60,Ativo
1989,Empresa Automotiva 1989 Ltda,Auto Negócios 1989,99000000001989,Oficina Mecânica,Oficina e serviços,Sorocaba,SP,Sudoeste Paulista,2023-06-27,13,3,Médio,98836.3600,117968.0800,30,Ativo
1990,Empresa Automotiva 1990 Ltda,Auto Negócios 1990,99000000001990,Revendedor,Oficina e serviços,Sorocaba,SP,Sudoeste Paulista,2024-04-29,14,3,Pequeno,17891.8400,19584.4600,45,Inativo
1991,Empresa Automotiva 1991 Ltda,Auto Negócios 1991,99000000001991,Frotista,Oficina e serviços,Ribeirão Preto,SP,Nordeste Paulista,2021-05-20,9,2,Pequeno,17952.1000,39433.8400,30,Ativo
1992,Empresa Automotiva 1992 Ltda,Auto Negócios 1992,99000000001992,Frotista,Oficina e serviços,Ribeirão Preto,SP,Nordeste Paulista,2024-12-28,9,2,Pequeno,13869.2900,21280.6000,30,Ativo
1993,Empresa Automotiva 1993 Ltda,Auto Negócios 1993,99000000001993,Frotista,Oficina e serviços,Campinas,SP,Metropolitana de Campinas,2021-05-18,2,1,Pequeno,15630.0300,27570.4700,60,Ativo
1994,Empresa Automotiva 1994 Ltda,Auto Negócios 1994,99000000001994,Varejo,Oficina e serviços,Sorocaba,SP,Sudoeste Paulista,2024-04-04,14,3,Micro,3938.1100,8120.0700,28,Ativo
1995,Empresa Automotiva 1995 Ltda,Auto Negócios 1995,99000000001995,Autopeças,Frota e corporativo,Campinas,SP,Metropolitana de Campinas,2024-12-27,1,1,Pequeno,15420.0200,18991.2000,30,Ativo
1996,Empresa Automotiva 1996 Ltda,Auto Negócios 1996,99000000001996,Frotista,Oficina e serviços,Sorocaba,SP,Sudoeste Paulista,2024-06-07,12,3,Pequeno,28831.6900,49909.7800,30,Ativo
1997,Empresa Automotiva 1997 Ltda,Auto Negócios 1997,99000000001997,Autoelétrica,Revenda,Campinas,SP,Metropolitana de Campinas,2021-03-12,4,1,Médio,66742.5100,95832.1900,30,Ativo
1998,Empresa Automotiva 1998 Ltda,Auto Negócios 1998,99000000001998,Autopeças,Revenda,Ribeirão Preto,SP,Nordeste Paulista,2022-12-05,10,2,Micro,3500.0000,3578.0000,28,Ativo
1999,Empresa Automotiva 1999 Ltda,Auto Negócios 1999,99000000001999,Autoelétrica,Revenda,Ribeirão Preto,SP,Nordeste Paulista,2023-03-01,7,2,Micro,5915.4000,7839.8400,60,Ativo
2000,Empresa Automotiva 2000 Ltda,Auto Negócios 2000,99000000002000,Varejo,Revenda,Campinas,SP,Metropolitana de Campinas,2025-10-09,3,1,Micro,7698.0400,10049.5300,0,Ativo
